{
"type": "FeatureCollection",
"name": "sarampion_municipios",
"crs": { "type": "name", "properties": { "name": "urn:ogc:def:crs:OGC:1.3:CRS84" } },
"features": [
{ "type": "Feature", "properties": { "CVE_MUN": "015", "NOM_MUN": "Santiago Ixcuintla", "CASOS_CONFIRMADOS": 1, "HOSPITALIZADOS": 1 }, "geometry": { "type": "Polygon", "coordinates": [ [ [ -104.091271649675946, 25.586292620160677 ], [ -104.090753999835982, 25.58612337038436 ], [ -104.090314749806097, 25.585907690044174 ], [ -104.08958745007142, 25.585925090086182 ], [ -104.089094320393912, 25.585897349989533 ], [ -104.088548540233518, 25.585939829925579 ], [ -104.08802870955212, 25.585982519598048 ], [ -104.087379310033356, 25.586000569950524 ], [ -104.086679659557277, 25.585853319815513 ], [ -104.086447179776457, 25.585733580135024 ], [ -104.086318079692859, 25.585661850207913 ], [ -104.086215680400358, 25.585519660257525 ], [ -104.08595892048011, 25.585234879707254 ], [ -104.085704139584209, 25.584761689681756 ], [ -104.085317820411944, 25.584452249697279 ], [ -104.08487931008753, 25.584165909649712 ], [ -104.084544919750911, 25.583856909697541 ], [ -104.084287200486926, 25.583666310383794 ], [ -104.083744349500876, 25.58342617977204 ], [ -104.083384000258292, 25.583116949633165 ], [ -104.082920280481943, 25.582759739754639 ], [ -104.08232622970813, 25.582448519797335 ], [ -104.081821879683588, 25.581958819645799 ], [ -104.08183488966219, 25.581629290148552 ], [ -104.081937880435206, 25.581336400244929 ], [ -104.081940539598534, 25.580899400285489 ], [ -104.08180299997035, 25.580472110065436 ], [ -104.081570540127245, 25.580145109607155 ], [ -104.081404950137824, 25.579896220171626 ], [ -104.081457479956143, 25.579587230322375 ], [ -104.081441630102262, 25.579441720305002 ], [ -104.081335520429036, 25.579224599785178 ], [ -104.081345860379258, 25.57893779969535 ], [ -104.081304520095784, 25.578331199926822 ], [ -104.081202219759319, 25.577845749954509 ], [ -104.081233829937588, 25.577238429887458 ], [ -104.081391580394893, 25.576444260135457 ], [ -104.081416230197988, 25.57557425968314 ], [ -104.08145252035473, 25.574756720136353 ], [ -104.081453880164432, 25.574068049809437 ], [ -104.081315630060175, 25.573726379707733 ], [ -104.081204599665554, 25.573337379750022 ], [ -104.081325279813768, 25.573075379868939 ], [ -104.081403879815653, 25.572915829573738 ], [ -104.08137900030907, 25.572811830111878 ], [ -104.081224720309976, 25.572685219549957 ], [ -104.081022379918963, 25.572550050113481 ], [ -104.080923949972217, 25.572432519553335 ], [ -104.080212769856232, 25.571103139552605 ], [ -104.079028000073492, 25.569369969684448 ], [ -104.077993879649924, 25.567709849972239 ], [ -104.077412860003335, 25.565621340036333 ], [ -104.077594179703397, 25.565243020158963 ], [ -104.077618519874875, 25.565096940226077 ], [ -104.077551260296346, 25.564506679894553 ], [ -104.077390000254169, 25.563240379650349 ], [ -104.077202649735341, 25.56238154996683 ], [ -104.076620380135608, 25.560515719773036 ], [ -104.076305370218392, 25.559675509878648 ], [ -104.075181419829661, 25.556341540219641 ], [ -104.073982949788871, 25.554373580364452 ], [ -104.072720260365955, 25.552677139850534 ], [ -104.072071120102251, 25.551902279975991 ], [ -104.071917600009414, 25.55141467962217 ], [ -104.071761629599067, 25.551038450225779 ], [ -104.071467889543229, 25.550838279718832 ], [ -104.071103139994506, 25.550653030177326 ], [ -104.070847230426367, 25.550297570414791 ], [ -104.070614599823429, 25.550201369979352 ], [ -104.070205379756345, 25.550277030224347 ], [ -104.069773619769734, 25.550402709896627 ], [ -104.069364859869353, 25.550588089957078 ], [ -104.068986550173534, 25.55083973980847 ], [ -104.068621150364905, 25.550977880341858 ], [ -104.068076799914024, 25.550958319919509 ], [ -104.067370420220968, 25.550920889956476 ], [ -104.066412680152595, 25.551355570073977 ], [ -104.065796199934113, 25.551541480315731 ], [ -104.065163279858751, 25.551371919942071 ], [ -104.06462525006998, 25.551276019675438 ], [ -104.064208140228516, 25.551323569886485 ], [ -104.063745350269585, 25.5516729501878 ], [ -104.063379460099398, 25.551905310155565 ], [ -104.06296109048688, 25.552171289545839 ], [ -104.062530970455867, 25.552418319816006 ], [ -104.062126859827032, 25.552481339787672 ], [ -104.061575649912143, 25.552193309602455 ], [ -104.06112001958671, 25.551979950096158 ], [ -104.060810949850705, 25.55170421994174 ], [ -104.060462259953852, 25.551615650043892 ], [ -104.059931259685229, 25.551764520293094 ], [ -104.059463430450478, 25.551823110364285 ], [ -104.058885169531067, 25.551851629681536 ], [ -104.058409280102765, 25.551878979990086 ], [ -104.057939120402224, 25.551790629903362 ], [ -104.057426880173949, 25.551603109719473 ], [ -104.05680199980462, 25.551611249981487 ], [ -104.056399680145773, 25.551538630110603 ], [ -104.056036510213929, 25.551511919631174 ], [ -104.055594419723903, 25.551464179559655 ], [ -104.054893309876192, 25.55159616971585 ], [ -104.054711090349556, 25.551641690122633 ], [ -104.054300370466336, 25.551701349653026 ], [ -104.053982890077464, 25.551752709954901 ], [ -104.053710279613227, 25.551714259940109 ], [ -104.053301280311331, 25.551535890192959 ], [ -104.052781860186926, 25.551259219659158 ], [ -104.052375829499169, 25.551247739771323 ], [ -104.05205353954905, 25.551799000272986 ], [ -104.051940889933704, 25.552311199817929 ], [ -104.051993049618986, 25.553417489702859 ], [ -104.051879119685466, 25.554302459727868 ], [ -104.051808999639164, 25.555365180193302 ], [ -104.051583680085017, 25.555756509700387 ], [ -104.05141994041891, 25.556015799925301 ], [ -104.051129709763813, 25.557041950365011 ], [ -104.05085747984478, 25.557962739802928 ], [ -104.050485599894373, 25.558685909741556 ], [ -104.050300200463269, 25.559597720256708 ], [ -104.04974068957813, 25.562748889984707 ], [ -104.049650889660299, 25.563448249921805 ], [ -104.04961017957028, 25.564325279731641 ], [ -104.049428740479655, 25.565025830251585 ], [ -104.04920148045808, 25.565501060146939 ], [ -104.048545880399573, 25.566318450012247 ], [ -104.047882090270193, 25.566371950418205 ], [ -104.047134780085358, 25.56651101983806 ], [ -104.046776920070386, 25.566767140087855 ], [ -104.046498060384963, 25.567113460176667 ], [ -104.046105740027812, 25.567976170087515 ], [ -104.045717119714595, 25.568475739626063 ], [ -104.045326460436954, 25.568922599858428 ], [ -104.044738150355357, 25.568909549645735 ], [ -104.044164719532276, 25.56957713959703 ], [ -104.043725659976928, 25.569932910062338 ], [ -104.04339331032962, 25.570165999688278 ], [ -104.04298138007465, 25.570548319697977 ], [ -104.042939310273923, 25.570845709822194 ], [ -104.043062059786891, 25.57185403021267 ], [ -104.043268179984693, 25.572595680303575 ], [ -104.04347581998077, 25.573292139581 ], [ -104.043386570141081, 25.57362146003069 ], [ -104.043079079529718, 25.573688570039344 ], [ -104.04269023013191, 25.573555690299294 ], [ -104.042482630195053, 25.573377079550177 ], [ -104.042199119854786, 25.573309819815538 ], [ -104.041947449604052, 25.573332769723578 ], [ -104.041643889985238, 25.573518289681182 ], [ -104.041182660050438, 25.573558629895214 ], [ -104.040800019913561, 25.573507199781321 ], [ -104.040330150327762, 25.573333630255942 ], [ -104.039666779804676, 25.573329290164384 ], [ -104.039398780054853, 25.573364420092151 ], [ -104.039207489980996, 25.573500770381568 ], [ -104.039290260114285, 25.573751399964333 ], [ -104.039335739898505, 25.5740319101421 ], [ -104.039194889512146, 25.574181089983824 ], [ -104.038913779648865, 25.574268940036859 ], [ -104.038692310130287, 25.574255280169982 ], [ -104.038375680105702, 25.573942399746027 ], [ -104.038174820087121, 25.573783720030853 ], [ -104.037975339615883, 25.573750079746567 ], [ -104.037352339966318, 25.573801879956012 ], [ -104.036867740217531, 25.573898280050262 ], [ -104.036686719519167, 25.573840310156317 ], [ -104.036561880316228, 25.573739399647458 ], [ -104.036321510476768, 25.573467830367822 ], [ -104.035885170168982, 25.573532659554918 ], [ -104.035609619764443, 25.573630170406208 ], [ -104.035429599563628, 25.573868020374981 ], [ -104.034752860465815, 25.574180430406923 ], [ -104.033668850491566, 25.574438779585726 ], [ -104.032549119797309, 25.574369000331085 ], [ -104.031360620292517, 25.574417060425098 ], [ -104.030625649854898, 25.574457340207708 ], [ -104.03011469011868, 25.574510369844251 ], [ -104.029536739579342, 25.57456791984016 ], [ -104.02897574996976, 25.574452680125418 ], [ -104.028735460051081, 25.574255509983193 ], [ -104.028594029988696, 25.573993339619538 ], [ -104.028528599525387, 25.573589619990862 ], [ -104.028632449551594, 25.573323149624084 ], [ -104.028364110135897, 25.572688690245801 ], [ -104.028161029807521, 25.572462450223853 ], [ -104.027780250019589, 25.572344179734564 ], [ -104.027435849884796, 25.572291140170318 ], [ -104.027334280273308, 25.572311879943715 ], [ -104.026993449958212, 25.57238141996562 ], [ -104.026716059575136, 25.573037850155167 ], [ -104.026048680014426, 25.573678109748549 ], [ -104.024817970376901, 25.574555250174921 ], [ -104.024475749929564, 25.574658480126693 ], [ -104.023780459869286, 25.574670970260474 ], [ -104.022271800394421, 25.574703910440018 ], [ -104.021622580314741, 25.574739719644025 ], [ -104.021094519859886, 25.574887429618983 ], [ -104.020625800153837, 25.574976119944942 ], [ -104.020501910057689, 25.57511648986042 ], [ -104.020295880074954, 25.575474290312638 ], [ -104.01992588004363, 25.576052110100679 ], [ -104.019568980244287, 25.576580250430307 ], [ -104.018973820144751, 25.577143829782848 ], [ -104.018799909605363, 25.577542029878867 ], [ -104.018605710452277, 25.577793539740156 ], [ -104.018321349766609, 25.578038019554981 ], [ -104.018032580493198, 25.578454779612766 ], [ -104.017470380314435, 25.579346940081308 ], [ -104.016135460099335, 25.544235599663526 ], [ -104.000433249577355, 25.548447580409899 ], [ -103.980209490464929, 25.553096109684347 ], [ -103.97760833988643, 25.549682000287042 ], [ -103.978034230129452, 25.549194880219844 ], [ -103.978528889523375, 25.548739720033296 ], [ -103.978701570254245, 25.548281949940801 ], [ -103.978622569606372, 25.547643920281047 ], [ -103.978112720219471, 25.546746649931265 ], [ -103.977939120367111, 25.546366719867276 ], [ -103.977712110101606, 25.546056509882376 ], [ -103.977570030406838, 25.545418049547507 ], [ -103.977422379756987, 25.545038569580708 ], [ -103.977251319963486, 25.544540919587302 ], [ -103.976901120233521, 25.543922339711894 ], [ -103.976828820337346, 25.54366197031263 ], [ -103.976627750112598, 25.54335222035456 ], [ -103.976069920319162, 25.542729950349585 ], [ -103.975713149964477, 25.542417459832716 ], [ -103.975564019967692, 25.542108620339448 ], [ -103.975057090289582, 25.541534370424159 ], [ -103.974753249937379, 25.541175690193256 ], [ -103.974536860168982, 25.540371030147881 ], [ -103.974385709780151, 25.540156369862601 ], [ -103.974212119853746, 25.539776450288219 ], [ -103.973939289790707, 25.539182769844437 ], [ -103.973541260304941, 25.538374909812124 ], [ -103.973215519581345, 25.537827399760872 ], [ -103.973018380092071, 25.536128030186521 ], [ -103.972859859666485, 25.533840480058302 ], [ -103.972712979816322, 25.531011399693206 ], [ -103.972765910021792, 25.529085090042209 ], [ -103.9725985699788, 25.528542619670919 ], [ -103.97233146008324, 25.528099800349157 ], [ -103.972338399730049, 25.527606200182621 ], [ -103.97255014997755, 25.526775570150267 ], [ -103.972570200307132, 25.525238449832727 ], [ -103.97269598007577, 25.522808200202295 ], [ -103.972657289822635, 25.52215282024229 ], [ -103.972439509819054, 25.521204149549494 ], [ -103.972334029508332, 25.520666970150177 ], [ -103.972229019795293, 25.520167379857511 ], [ -103.972053719539375, 25.519852849795704 ], [ -103.971780910434845, 25.519532139797569 ], [ -103.971565339613662, 25.519275540388378 ], [ -103.971178969926214, 25.519165420252758 ], [ -103.970859819528343, 25.519159050425806 ], [ -103.970574370206194, 25.519121259673135 ], [ -103.970244540090292, 25.519223219979907 ], [ -103.969922969769172, 25.519433969727693 ], [ -103.96960154992388, 25.519655059632719 ], [ -103.969081479812118, 25.519211179718372 ], [ -103.968699969641932, 25.518848969873883 ], [ -103.968350220311336, 25.518703450330342 ], [ -103.968067030352216, 25.518438200051943 ], [ -103.96785156977667, 25.518064850213996 ], [ -103.967737849958567, 25.517779630326988 ], [ -103.967766889783292, 25.517454150375968 ], [ -103.967967170045, 25.517120350271004 ], [ -103.968225850312848, 25.516894889991349 ], [ -103.968707770175314, 25.516681460073794 ], [ -103.969136569982837, 25.516250380390435 ], [ -103.969269349921817, 25.516111419738092 ], [ -103.969537940067866, 25.515692199616158 ], [ -103.969549090210705, 25.515174200316441 ], [ -103.969682369628813, 25.514931879670407 ], [ -103.969832340137813, 25.514697890118686 ], [ -103.970033619996315, 25.514472550329891 ], [ -103.970439520297859, 25.514244680032171 ], [ -103.970895750400047, 25.513960450101766 ], [ -103.971075289653115, 25.513651830323958 ], [ -103.971018509755837, 25.513281149993155 ], [ -103.97108831010749, 25.51239849004396 ], [ -103.971279549920524, 25.51195435025106 ], [ -103.971405890001805, 25.511063849910641 ], [ -103.971581619956623, 25.509671829964258 ], [ -103.971186480481776, 25.50832274026288 ], [ -103.971139709838909, 25.5069363798506 ], [ -103.971071850435337, 25.505819780047233 ], [ -103.970485399900426, 25.504009089777885 ], [ -103.969646489807559, 25.5021976003068 ], [ -103.969420710061755, 25.501600939870599 ], [ -103.96906706036377, 25.50038846035617 ], [ -103.968698820357318, 25.499554140193489 ], [ -103.968519490179361, 25.498842739570328 ], [ -103.967630799556076, 25.497529480222287 ], [ -103.966618910324698, 25.496212860221426 ], [ -103.966040399578191, 25.495386080003527 ], [ -103.965047709532797, 25.494556320045515 ], [ -103.963559919785752, 25.492047739904759 ], [ -103.962831849890577, 25.490480370381967 ], [ -103.962309449790851, 25.489462909553268 ], [ -103.961421090290926, 25.488103939935964 ], [ -103.961065019939227, 25.487087799730283 ], [ -103.960402890399394, 25.486081819739265 ], [ -103.960079950099569, 25.485059979572608 ], [ -103.959685489814945, 25.483102480019394 ], [ -103.959144860272943, 25.481819489757974 ], [ -103.958166880092293, 25.480236119544703 ], [ -103.956999739837414, 25.478533399856151 ], [ -103.953771169861739, 25.473772109889627 ], [ -103.953013289949823, 25.472527690428393 ], [ -103.952515150252623, 25.471376400169213 ], [ -103.952277880502578, 25.470553580387051 ], [ -103.952347659648936, 25.468882260011203 ], [ -103.952705110237616, 25.467727580314946 ], [ -103.952988380195094, 25.467326340236323 ], [ -103.953117109876871, 25.467137550323475 ], [ -103.953247179635056, 25.466892229892345 ], [ -103.953272599676495, 25.466449309852187 ], [ -103.953165979717397, 25.465813449773748 ], [ -103.95246642028458, 25.464248090275451 ], [ -103.951880800025933, 25.463423750204672 ], [ -103.951452110024704, 25.462433649806169 ], [ -103.951099860169464, 25.461815429656291 ], [ -103.950363149838665, 25.460542369613155 ], [ -103.949668489704152, 25.459473520273491 ], [ -103.949357829809159, 25.458274020014869 ], [ -103.921084120462481, 25.467111689883797 ], [ -103.904984419974554, 25.472090719919496 ], [ -103.902295219593924, 25.452464230022873 ], [ -103.860063050029026, 25.459498290055748 ], [ -103.848308896031085, 25.461308475354748 ], [ -103.848301200211125, 25.461309660395802 ], [ -103.795917689667121, 25.396221479653729 ], [ -103.793035751029606, 25.392638081789617 ], [ -103.793031180337294, 25.392632399904713 ], [ -103.797509089698138, 25.38458925991193 ], [ -103.80934763010363, 25.362809830354088 ], [ -103.822686569825834, 25.350061449660732 ], [ -103.789043769773613, 25.289932770146201 ], [ -103.786007369599702, 25.279026629550543 ], [ -103.782496090175002, 25.278222849705223 ], [ -103.77797001970103, 25.270126879975873 ], [ -103.791441720273355, 25.278344629925883 ], [ -103.791644320218296, 25.278909120126468 ], [ -103.792164679555512, 25.278962250339397 ], [ -103.792599140332641, 25.2789104604141 ], [ -103.792806950236482, 25.279180349610336 ], [ -103.792527690060183, 25.279655860339947 ], [ -103.792893970425666, 25.279840630413211 ], [ -103.79327014043146, 25.279800919833178 ], [ -103.793277940302715, 25.279422970419514 ], [ -103.793442569745181, 25.27911409010699 ], [ -103.793882220348465, 25.278967400416992 ], [ -103.794133539787552, 25.279295169759983 ], [ -103.794564110089894, 25.279431969855814 ], [ -103.794441519939781, 25.279020080254387 ], [ -103.795234139714523, 25.279034680181415 ], [ -103.79568137040954, 25.279442710355571 ], [ -103.795857200400519, 25.279438629869045 ], [ -103.796091909713482, 25.279397079807712 ], [ -103.796391580283625, 25.279413090074893 ], [ -103.796503320026645, 25.27924331974117 ], [ -103.796664689992454, 25.279053540199513 ], [ -103.79700127970699, 25.279085289883888 ], [ -103.797252910387485, 25.279312550077194 ], [ -103.797473090054311, 25.279373180336083 ], [ -103.797686949777599, 25.279249279741499 ], [ -103.797994919894748, 25.279349460284475 ], [ -103.798180220094181, 25.279567910150767 ], [ -103.798241050400165, 25.279884829922445 ], [ -103.798712020238597, 25.280022109903062 ], [ -103.798829569974387, 25.279466690446032 ], [ -103.800198579868663, 25.279312430170151 ], [ -103.800433339515379, 25.27896010983795 ], [ -103.800888489595692, 25.278914659796765 ], [ -103.800973519691468, 25.279263460444366 ], [ -103.801122220486832, 25.279606599945389 ], [ -103.801558369835334, 25.279731200099587 ], [ -103.801914380086814, 25.279354020409819 ], [ -103.802056509925876, 25.279018829821378 ], [ -103.802345580371167, 25.278786749707798 ], [ -103.802454739582046, 25.278460779888082 ], [ -103.802615019968115, 25.278060200375688 ], [ -103.802648779970852, 25.277805909894219 ], [ -103.802880000072918, 25.277667459849578 ], [ -103.803076520000999, 25.277360579675282 ], [ -103.803425459879733, 25.276917850357147 ], [ -103.803279369582498, 25.276812690283542 ], [ -103.803591180484503, 25.276342940329226 ], [ -103.804137280045239, 25.275741740445465 ], [ -103.804228310225469, 25.275151049687874 ], [ -103.805194680417671, 25.270908179652835 ], [ -103.805201849594226, 25.270847319726233 ], [ -103.809195880208861, 25.271579799598126 ], [ -103.812703619856435, 25.271555119650966 ], [ -103.813026979543366, 25.271103029604035 ], [ -103.812941139833953, 25.270057860449693 ], [ -103.813497430272079, 25.269491969549893 ], [ -103.813644479794249, 25.267159079702157 ], [ -103.814081369779203, 25.266967179694454 ], [ -103.814127860055649, 25.266679709718868 ], [ -103.814404620373651, 25.266607660016199 ], [ -103.814691950263068, 25.264572779782441 ], [ -103.814942380099808, 25.264361220172553 ], [ -103.815157540030654, 25.263481679987905 ], [ -103.814861890218523, 25.262505979948692 ], [ -103.81448652033724, 25.261846710331458 ], [ -103.815014979733022, 25.260451880331026 ], [ -103.815580370360721, 25.259487689816051 ], [ -103.817237049590361, 25.259199920039595 ], [ -103.818897580082989, 25.259051509569911 ], [ -103.818993799767398, 25.259894859904321 ], [ -103.819431660328434, 25.261927150209146 ], [ -103.820260569539698, 25.264786350284705 ], [ -103.820917349528273, 25.266380370275673 ], [ -103.821872349888849, 25.267239400399546 ], [ -103.823024519576023, 25.267897490247851 ], [ -103.823192370055708, 25.268590629903169 ], [ -103.822960720279312, 25.269739740145685 ], [ -103.823179060092087, 25.271038780397099 ], [ -103.824214249808506, 25.271589780194461 ], [ -103.825426109533538, 25.271690920107943 ], [ -103.825228310379401, 25.270631249805739 ], [ -103.824919890052527, 25.269713580027378 ], [ -103.82513148000551, 25.268634679891953 ], [ -103.82552845012583, 25.266124420302759 ], [ -103.825330719770264, 25.265182819622616 ], [ -103.824826509816347, 25.26455402990905 ], [ -103.824415509503041, 25.264149339808952 ], [ -103.823895280113874, 25.260796940384783 ], [ -103.827578739840064, 25.260119660205241 ], [ -103.83183434979783, 25.265347909899592 ], [ -103.832856379912656, 25.266285920190636 ], [ -103.833113860380564, 25.267290379688657 ], [ -103.83459482042521, 25.269866690317695 ], [ -103.837433619910598, 25.271865340203476 ], [ -103.841454149517602, 25.27279311030744 ], [ -103.832378850249427, 25.252367619781953 ], [ -103.839919429552381, 25.23924991992649 ], [ -103.861378259518361, 25.197550449989411 ], [ -103.875843889981212, 25.190743169591808 ], [ -103.919578979823086, 25.134231600084849 ], [ -103.912850618935408, 25.111457949850791 ], [ -103.897634540209935, 25.092979709770756 ], [ -103.957050489612101, 25.056489220525386 ], [ -103.948408709772437, 25.040788401318263 ], [ -103.942840379361812, 24.98860940090281 ], [ -103.995341739982507, 24.984935449561988 ], [ -103.994362419937389, 24.962888319980156 ], [ -104.027767019775069, 24.969897510115654 ], [ -104.055618080181731, 24.955656490044802 ], [ -104.097950200144851, 25.05324778016411 ], [ -104.10376935015536, 25.036906350131304 ], [ -104.105130690180061, 25.026889459965833 ], [ -104.10398353992386, 25.012319259923682 ], [ -104.110060059520478, 25.003736820015597 ], [ -104.12136956996946, 24.999042049894161 ], [ -104.128224849590779, 24.992119320390245 ], [ -104.147464719813044, 24.989798120365286 ], [ -104.158625779776841, 24.996763030066802 ], [ -104.176507169654442, 24.996073260440884 ], [ -104.182672170470653, 24.99843215041523 ], [ -104.170525220113618, 25.048639170218223 ], [ -104.218595850476987, 25.052435799919504 ], [ -104.213866000482923, 25.021242850365436 ], [ -104.24930976999309, 25.003728020024514 ], [ -104.254538709547376, 25.009216170304761 ], [ -104.254112780019469, 25.012043349916961 ], [ -104.258649739601807, 25.013545940396195 ], [ -104.260124050018533, 25.014878599929204 ], [ -104.261756139736605, 25.016874679954807 ], [ -104.271389350210825, 25.000393939565736 ], [ -104.273222489579382, 24.997746080419294 ], [ -104.289381369965028, 24.99471059979895 ], [ -104.289793250471291, 25.000000250015159 ], [ -104.290764120061468, 25.018946720430041 ], [ -104.290919169960773, 25.018946079862488 ], [ -104.290984909998897, 25.019044879854317 ], [ -104.291402369724153, 25.019519570353687 ], [ -104.291420999976381, 25.019781320212989 ], [ -104.291649769935219, 25.020020850208336 ], [ -104.291604119582175, 25.020219630153971 ], [ -104.291908719564219, 25.020381370319612 ], [ -104.292536030023641, 25.020671259585445 ], [ -104.293116170314292, 25.020776399912574 ], [ -104.293177569809075, 25.021044000437399 ], [ -104.292933600277095, 25.021357339745773 ], [ -104.293028280119088, 25.021583140226188 ], [ -104.294762289949205, 25.023943449935082 ], [ -104.295167620414617, 25.024071030226612 ], [ -104.29554731002392, 25.023781830197542 ], [ -104.295849339940816, 25.023243509889795 ], [ -104.296251739539571, 25.023204259721513 ], [ -104.296699280262658, 25.023648230386474 ], [ -104.297337620216879, 25.024523249903293 ], [ -104.298193719787861, 25.025278260228507 ], [ -104.29916165960816, 25.026522780132616 ], [ -104.299350690063577, 25.027329309709781 ], [ -104.299210879659256, 25.02766302045497 ], [ -104.299707629582826, 25.028571169997758 ], [ -104.299565079692272, 25.029135279748747 ], [ -104.299222109633817, 25.029822289772273 ], [ -104.298984320255741, 25.030973079958148 ], [ -104.299209540445773, 25.031101519701043 ], [ -104.299849769619044, 25.030893570326878 ], [ -104.300275149857612, 25.030575279568001 ], [ -104.300718349883994, 25.030384400078752 ], [ -104.30100860036886, 25.030200579605122 ], [ -104.301701229830968, 25.030144000282817 ], [ -104.301993509941241, 25.029475200149818 ], [ -104.302245550415847, 25.028732489836088 ], [ -104.302121780292751, 25.02856917978167 ], [ -104.302042110029944, 25.028163049854378 ], [ -104.30261366041421, 25.027670339824745 ], [ -104.303170750246196, 25.027728229923159 ], [ -104.30331364956308, 25.027605060454697 ], [ -104.303490510137337, 25.026666780046728 ], [ -104.303838459873703, 25.026518580163522 ], [ -104.305110860173642, 25.026884120327363 ], [ -104.306467310222089, 25.026673460350715 ], [ -104.307499230284648, 25.026666599930824 ], [ -104.308731720111695, 25.027022570117843 ], [ -104.309457019931173, 25.027129030449053 ], [ -104.310178659892458, 25.027030620016994 ], [ -104.310696999857811, 25.026880380354388 ], [ -104.31102558042231, 25.026725420210894 ], [ -104.311057679964122, 25.026348489932136 ], [ -104.311142709887562, 25.025848289850622 ], [ -104.311528519633086, 25.025379049863187 ], [ -104.311222969997445, 25.024815279701414 ], [ -104.310364889594254, 25.024817909683531 ], [ -104.309771339626508, 25.024126939609239 ], [ -104.310054979719268, 25.023261520432051 ], [ -104.310768479719059, 25.02284631989496 ], [ -104.31139275038332, 25.022903149996605 ], [ -104.311835349540374, 25.022795449631634 ], [ -104.312315919988336, 25.022722170058771 ], [ -104.31280455037961, 25.021876059669637 ], [ -104.313267740212993, 25.020633219564171 ], [ -104.313445889941235, 25.02043611992222 ], [ -104.313814939729852, 25.020244149837623 ], [ -104.314626600194373, 25.019177690230023 ], [ -104.315620830287344, 25.019127019841559 ], [ -104.316350020434768, 25.018797030019915 ], [ -104.316451770081571, 25.018795539727293 ], [ -104.317177379699658, 25.018584049711595 ], [ -104.317681460240024, 25.018624510343965 ], [ -104.318257280220138, 25.018569340034876 ], [ -104.31872220031758, 25.01876677008504 ], [ -104.31941559988374, 25.01847639961527 ], [ -104.319727289978189, 25.018705260410343 ], [ -104.319983780412855, 25.018713150340965 ], [ -104.320880370364605, 25.018244140076362 ], [ -104.321555849521545, 25.017830629861592 ], [ -104.321165880478546, 25.017141770285409 ], [ -104.321554800335775, 25.016903000099354 ], [ -104.321696049849521, 25.016736750196557 ], [ -104.321718969956763, 25.0165769503399 ], [ -104.32161073995519, 25.016283049932859 ], [ -104.322245380165214, 25.015884519890033 ], [ -104.32325602033346, 25.015268860338338 ], [ -104.32341175043598, 25.015295719777232 ], [ -104.324471059678189, 25.015819679623991 ], [ -104.325816629568706, 25.016414519742103 ], [ -104.327541399515852, 25.01640269035909 ], [ -104.328198779611029, 25.016256349869458 ], [ -104.328603849734279, 25.016137919741421 ], [ -104.328986509855838, 25.015860710362336 ], [ -104.329539659801469, 25.015445199721025 ], [ -104.329737910048124, 25.015192450101761 ], [ -104.329884719964937, 25.015065370161782 ], [ -104.330123879818061, 25.01509984972601 ], [ -104.33052130952133, 25.015316629957898 ], [ -104.330861720217484, 25.015424449904689 ], [ -104.331386829884892, 25.015466079775326 ], [ -104.331782459685513, 25.015344939751955 ], [ -104.332331180036519, 25.015358769790851 ], [ -104.332699920131319, 25.015419170323437 ], [ -104.332909250032316, 25.015328250058698 ], [ -104.333234029533031, 25.01532117024842 ], [ -104.33359383042324, 25.015264289729309 ], [ -104.333869549506716, 25.015253749686043 ], [ -104.333967229783411, 25.01517713985211 ], [ -104.334040249688215, 25.015171749879581 ], [ -104.334121139786646, 25.015211370217184 ], [ -104.33428791049225, 25.015255580196321 ], [ -104.334773259718858, 25.015362150342593 ], [ -104.3349860202744, 25.0154134202234 ], [ -104.335317909984312, 25.015443120181743 ], [ -104.335634020057128, 25.01550274023786 ], [ -104.336598490339014, 25.01567145963012 ], [ -104.336835779736447, 25.015764519615679 ], [ -104.337442919605905, 25.015974199957931 ], [ -104.337721620041336, 25.01606538030352 ], [ -104.337935749837385, 25.015989309760396 ], [ -104.338146679519326, 25.015733849951513 ], [ -104.338396279539154, 25.015231090080533 ], [ -104.338695750470123, 25.014711920303945 ], [ -104.339171059895293, 25.013973949768406 ], [ -104.339808880134939, 25.013347970104732 ], [ -104.340309519948775, 25.012661620379969 ], [ -104.340462850288986, 25.012164710026109 ], [ -104.34094809019777, 25.011584540239458 ], [ -104.340975620399831, 25.01150031970387 ], [ -104.356641510398859, 25.021866049780073 ], [ -104.362618980317208, 25.056934569842202 ], [ -104.362636919935611, 25.056955549620874 ], [ -104.374806109607462, 25.071186569562286 ], [ -104.374353289757693, 25.11047180045114 ], [ -104.383451750200166, 25.133859919695507 ], [ -104.382999029954107, 25.135176399782043 ], [ -104.382811650308952, 25.135885830421245 ], [ -104.380099950356865, 25.135732919819365 ], [ -104.378269579964055, 25.134986779857968 ], [ -104.377445460369543, 25.134700139648803 ], [ -104.376864830443239, 25.134439149590627 ], [ -104.376568150448321, 25.134228599807571 ], [ -104.376001119517241, 25.13395534041965 ], [ -104.3754742802858, 25.133768429733227 ], [ -104.374811569920737, 25.133679449926863 ], [ -104.374041849996942, 25.133343769682515 ], [ -104.372497890328958, 25.132827679688372 ], [ -104.371439400294008, 25.132144139597742 ], [ -104.370883599910073, 25.131677890279079 ], [ -104.370348779643905, 25.13128805038421 ], [ -104.370118150013369, 25.131051220002611 ], [ -104.369776799748152, 25.130556860246624 ], [ -104.369527380145286, 25.130200020189317 ], [ -104.369265109585669, 25.129927859812483 ], [ -104.368496819824529, 25.129310850257667 ], [ -104.367857400101684, 25.128995219740826 ], [ -104.367079109852583, 25.128753110168702 ], [ -104.366475369506674, 25.128704859790954 ], [ -104.366010249883303, 25.128600369965007 ], [ -104.367025419506149, 25.129504059938746 ], [ -104.367014660224953, 25.129878979906845 ], [ -104.365374709790089, 25.183504310228617 ], [ -104.35679166046755, 25.189496140097518 ], [ -104.366756339967154, 25.198724490404757 ], [ -104.367888629850256, 25.256296020075439 ], [ -104.369716680465743, 25.255351579707636 ], [ -104.382067180017089, 25.251789370428064 ], [ -104.369752140076415, 25.259070260216493 ], [ -104.372192230084025, 25.262702859725596 ], [ -104.373996419526975, 25.265803139891855 ], [ -104.373890949538549, 25.266071950155531 ], [ -104.372211029770881, 25.266328200122231 ], [ -104.372119110155012, 25.266347770197296 ], [ -104.371809540297406, 25.266315509575843 ], [ -104.371465379950422, 25.266301429676865 ], [ -104.371325079884542, 25.266363150350557 ], [ -104.371296250219757, 25.266368400192736 ], [ -104.370380419509132, 25.266886580436637 ], [ -104.369478780228278, 25.267058449544813 ], [ -104.366449109972095, 25.267055119861045 ], [ -104.366060719849898, 25.267031139950561 ], [ -104.365620509545835, 25.267030649826026 ], [ -104.365161969908783, 25.267151830256843 ], [ -104.364831340211921, 25.267358109615156 ], [ -104.364587719889045, 25.267835510446709 ], [ -104.364608319791444, 25.268677780045007 ], [ -104.364358050248569, 25.269645819909709 ], [ -104.364119459644087, 25.270050749886224 ], [ -104.364184420135246, 25.270322020015556 ], [ -104.364057479878667, 25.270641539915246 ], [ -104.363826720460878, 25.270876339939491 ], [ -104.363808259860406, 25.271054340207858 ], [ -104.363908830125297, 25.271395230098346 ], [ -104.359289710219173, 25.268084549549741 ], [ -104.351331510246439, 25.278992279969792 ], [ -104.332439199939699, 25.273342749706522 ], [ -104.334122200183117, 25.268164920391467 ], [ -104.312804309909552, 25.265341140367237 ], [ -104.309500550138395, 25.269658170027579 ], [ -104.216272379761435, 25.303715979785039 ], [ -104.200822459910441, 25.309352519782561 ], [ -104.19882972015138, 25.314736399652737 ], [ -104.199404689719358, 25.316225459620064 ], [ -104.193887630443811, 25.318952139902446 ], [ -104.190107860263609, 25.322665089707559 ], [ -104.185883320154758, 25.324920579875155 ], [ -104.171745380031851, 25.312423740287603 ], [ -104.168765510487091, 25.310540630098082 ], [ -104.166910599956012, 25.31196022004 ], [ -104.160046689997941, 25.313444080308603 ], [ -104.147585549566131, 25.316202750376437 ], [ -104.11993120021927, 25.322364400162151 ], [ -104.138030319678293, 25.364661889934368 ], [ -104.132394019585618, 25.367667909652589 ], [ -104.124340380192223, 25.366657519821906 ], [ -104.127764690362469, 25.377606120029256 ], [ -104.128376399731195, 25.38737914980506 ], [ -104.128311690477858, 25.398242579635561 ], [ -104.137942620158995, 25.412796199709813 ], [ -104.138376430025858, 25.412870229985852 ], [ -104.139442490334687, 25.41323892026362 ], [ -104.141500490451122, 25.414377029667023 ], [ -104.142833230345644, 25.416233020333909 ], [ -104.145024320295434, 25.417081349907548 ], [ -104.146908080057969, 25.418997550230937 ], [ -104.148372020191999, 25.420351909775682 ], [ -104.149819089928727, 25.422695090022152 ], [ -104.151808030141993, 25.425521109866072 ], [ -104.152023949723628, 25.425428459946065 ], [ -104.154838089965651, 25.424654460260161 ], [ -104.156528570330067, 25.424075150271179 ], [ -104.157801950246977, 25.42337596979905 ], [ -104.159201369870161, 25.42276068954925 ], [ -104.160222490301194, 25.422517310431886 ], [ -104.161025309873665, 25.422810279644583 ], [ -104.162199089669699, 25.423388459705468 ], [ -104.163342690048268, 25.423857379548686 ], [ -104.163954890365673, 25.424364950337583 ], [ -104.163999950451753, 25.425300829641394 ], [ -104.16394645991889, 25.426153600412469 ], [ -104.162871629665801, 25.432252259911241 ], [ -104.163329850374737, 25.433370680197402 ], [ -104.163293120181052, 25.434468509745837 ], [ -104.163207020486851, 25.435804490201988 ], [ -104.163329519616553, 25.436913059684976 ], [ -104.163389879699949, 25.437688780448823 ], [ -104.163471950197504, 25.438183650259617 ], [ -104.163756250253869, 25.439292349992581 ], [ -104.164080030304376, 25.440395859626097 ], [ -104.163901829744091, 25.440995950449775 ], [ -104.163659629801145, 25.441991780327559 ], [ -104.16340642985665, 25.4430304801392 ], [ -104.163281180234947, 25.44449151980897 ], [ -104.163569380427958, 25.445370320364617 ], [ -104.164458519557854, 25.445827110135376 ], [ -104.165507950328518, 25.446778200041308 ], [ -104.166702430261182, 25.447313520084165 ], [ -104.167660649655147, 25.448265889789898 ], [ -104.16813768032884, 25.449528279843342 ], [ -104.168389780037913, 25.450668649600857 ], [ -104.168423519681923, 25.451182539559287 ], [ -104.168515309697142, 25.451775680038537 ], [ -104.168391780093984, 25.452533880111094 ], [ -104.168252859509977, 25.453196569881662 ], [ -104.168305849879388, 25.453377229625854 ], [ -104.1684370197394, 25.453964919581427 ], [ -104.168478430149278, 25.454551179614068 ], [ -104.16839460039877, 25.455309489971707 ], [ -104.168288690489803, 25.456109339629663 ], [ -104.167938580331992, 25.458294109676942 ], [ -104.16792299951922, 25.458555859767547 ], [ -104.167794739954218, 25.459007289689399 ], [ -104.167595250186082, 25.459210850214216 ], [ -104.16702375033455, 25.460063089758737 ], [ -104.166842449905047, 25.460717600143276 ], [ -104.166655449597556, 25.461531369656761 ], [ -104.166499340132788, 25.462193109695491 ], [ -104.166470089926349, 25.462944059613463 ], [ -104.166386510115103, 25.463171419878119 ], [ -104.166145629895823, 25.463453259933914 ], [ -104.165637819856414, 25.463731259960952 ], [ -104.165519089727951, 25.464339170123495 ], [ -104.165348229782651, 25.464714019883505 ], [ -104.164963380466943, 25.464806950438174 ], [ -104.164541779982926, 25.465112179558737 ], [ -104.164297969536548, 25.465458850003497 ], [ -104.164003460157375, 25.465948999936316 ], [ -104.16373104965956, 25.466219969773235 ], [ -104.163251940210486, 25.466485779697539 ], [ -104.162835369720185, 25.466838199769487 ], [ -104.162556819764987, 25.467042629869407 ], [ -104.162372419829367, 25.467255850060827 ], [ -104.162120399909284, 25.467394689967026 ], [ -104.161737220281935, 25.467289600193624 ], [ -104.161294120296532, 25.467240489769697 ], [ -104.160668030465587, 25.467358509645926 ], [ -104.160042539914357, 25.467467780385952 ], [ -104.159618429678119, 25.467499659817182 ], [ -104.159012080389857, 25.467758169819419 ], [ -104.158184769584906, 25.468176340191651 ], [ -104.157341019847905, 25.468555510123881 ], [ -104.156246030475984, 25.468086199916371 ], [ -104.155833399712577, 25.467939399752737 ], [ -104.155507399817793, 25.468249649599173 ], [ -104.1550097099677, 25.468570829574503 ], [ -104.154602749868047, 25.468971910229993 ], [ -104.154217449835798, 25.469332140338 ], [ -104.153906029960737, 25.469504250041457 ], [ -104.153574519764348, 25.470114139750361 ], [ -104.152988660476922, 25.470713109994293 ], [ -104.152606830058502, 25.470970060438606 ], [ -104.152378880285085, 25.47093817998066 ], [ -104.152043919598611, 25.470849090241831 ], [ -104.151551169502596, 25.470826980144629 ], [ -104.150740090003225, 25.470758769838987 ], [ -104.150039969688663, 25.470681850097844 ], [ -104.149498580020349, 25.470595549735318 ], [ -104.149131119856889, 25.470448600368623 ], [ -104.148210679742505, 25.470359459927316 ], [ -104.147334429975814, 25.470229019837408 ], [ -104.1462681696879, 25.469904600356884 ], [ -104.145714340095182, 25.469390199635654 ], [ -104.145371459862716, 25.468860280054059 ], [ -104.144764800146802, 25.468378910422626 ], [ -104.144450979841793, 25.468175290354555 ], [ -104.144017290166417, 25.467423340404626 ], [ -104.143799769980163, 25.466782479653151 ], [ -104.143263019808714, 25.466294420423029 ], [ -104.142826479724675, 25.465921679619758 ], [ -104.142569569758962, 25.46576538035556 ], [ -104.142083720082269, 25.465564910396605 ], [ -104.141548320117082, 25.465128400027513 ], [ -104.140940020447175, 25.46435801999024 ], [ -104.140559489640097, 25.463961220361526 ], [ -104.140249079970161, 25.46362614028024 ], [ -104.139648429774283, 25.463133140172467 ], [ -104.139151379510153, 25.462815079584281 ], [ -104.138310420467477, 25.462182800388589 ], [ -104.138094580325387, 25.461805309932018 ], [ -104.137705280020072, 25.460796079670903 ], [ -104.137435220040715, 25.459954309866252 ], [ -104.137220420111078, 25.459640170184837 ], [ -104.136636510181319, 25.459542400202899 ], [ -104.135781420497707, 25.459955520261865 ], [ -104.135160949624492, 25.460471149690658 ], [ -104.134768850408108, 25.460708949824973 ], [ -104.134463569553574, 25.460641850158815 ], [ -104.134419450053855, 25.460917909920511 ], [ -104.134226200065598, 25.462231720153572 ], [ -104.134010229611405, 25.46316300022017 ], [ -104.133877350023099, 25.464716220144638 ], [ -104.133682580360684, 25.466895739545667 ], [ -104.133585370095204, 25.467817690272753 ], [ -104.131498109802592, 25.468803709621884 ], [ -104.130410689683032, 25.469440489648083 ], [ -104.129229419818671, 25.47004143024693 ], [ -104.12857618045534, 25.470448050343332 ], [ -104.127426079675658, 25.471052290047222 ], [ -104.127126230309372, 25.471224829994988 ], [ -104.126619710457049, 25.472142059927794 ], [ -104.126450199773103, 25.472505139783653 ], [ -104.126536490125517, 25.47275313984132 ], [ -104.126566890402103, 25.4729074302853 ], [ -104.126525919614778, 25.473057050276324 ], [ -104.126648770323868, 25.473356799564694 ], [ -104.126806940001842, 25.473874119583304 ], [ -104.126964909581474, 25.4741877796964 ], [ -104.127306480012976, 25.474813230005918 ], [ -104.12740106039027, 25.47512205021744 ], [ -104.127533399564726, 25.475751519947671 ], [ -104.127452459950675, 25.476396049944221 ], [ -104.127481600402717, 25.47697423012966 ], [ -104.127425520348481, 25.477605369873629 ], [ -104.127355619837459, 25.477895719653375 ], [ -104.127433379961559, 25.478244800358855 ], [ -104.127431570413549, 25.47848730994189 ], [ -104.127442449555005, 25.478796690298221 ], [ -104.127557179757929, 25.479266539929259 ], [ -104.127759059967786, 25.479507460258038 ], [ -104.127724029678276, 25.47996106043616 ], [ -104.127930049572939, 25.480167769742899 ], [ -104.128036319729247, 25.48054283028727 ], [ -104.128504570270252, 25.481056020096055 ], [ -104.128600660071669, 25.481361709827176 ], [ -104.128827999850188, 25.481760879768899 ], [ -104.129135399763854, 25.482204249623397 ], [ -104.129394739887488, 25.482914309587091 ], [ -104.12946394988542, 25.483083650444033 ], [ -104.129372430347573, 25.483901139844981 ], [ -104.129424110214288, 25.484350719908353 ], [ -104.129579520464219, 25.484467739973471 ], [ -104.130454319942814, 25.48456328018084 ], [ -104.130828249569632, 25.48469109031852 ], [ -104.130892219781728, 25.484812920307597 ], [ -104.13080502953936, 25.484992940093854 ], [ -104.130627860429442, 25.485184430172012 ], [ -104.130360380474968, 25.485361820314015 ], [ -104.13001803047689, 25.485443110130856 ], [ -104.129636620456594, 25.485474830181953 ], [ -104.129372320469145, 25.485517399899692 ], [ -104.129369680434863, 25.485354979606118 ], [ -104.129247750006854, 25.485343659625684 ], [ -104.129113399941616, 25.485449379774867 ], [ -104.128787340092316, 25.486012259986428 ], [ -104.128507400270863, 25.486154220149402 ], [ -104.128076140135562, 25.4859367202797 ], [ -104.127765489981527, 25.485744620042226 ], [ -104.127508650073125, 25.48605802028338 ], [ -104.127673709866485, 25.486401889869992 ], [ -104.127981999895425, 25.487225820181298 ], [ -104.127997570342131, 25.487419980060356 ], [ -104.128001120156625, 25.487950690106107 ], [ -104.128053049629528, 25.48829913978226 ], [ -104.128192339676474, 25.488837849977873 ], [ -104.128311769837865, 25.489402600356197 ], [ -104.12865773987582, 25.490437000363958 ], [ -104.141511429789517, 25.511167830373719 ], [ -104.16296226031416, 25.482721830071132 ], [ -104.17083026013114, 25.488228629572969 ], [ -104.173976570497132, 25.489754320344936 ], [ -104.183846490360509, 25.50912416967628 ], [ -104.189053029734708, 25.52546919963245 ], [ -104.190920619790177, 25.531331079601546 ], [ -104.192723540494356, 25.542615250324896 ], [ -104.193016260187491, 25.544447229987792 ], [ -104.193189890242962, 25.545533820367186 ], [ -104.193118339990278, 25.549107460150829 ], [ -104.192403220035473, 25.552940879856237 ], [ -104.192280550150926, 25.552965949856155 ], [ -104.151112650244542, 25.561373319899488 ], [ -104.149964019684731, 25.560045889714587 ], [ -104.150008799748917, 25.572142679624719 ], [ -104.123056509788483, 25.56433956968727 ], [ -104.122658259652738, 25.566079140456559 ], [ -104.122434659530157, 25.566558380281446 ], [ -104.122421950499344, 25.566864230101533 ], [ -104.122470109659034, 25.567241449957532 ], [ -104.12262186048315, 25.567643059560929 ], [ -104.124652219739048, 25.569629090208284 ], [ -104.125314659812602, 25.570291460262077 ], [ -104.125816940252221, 25.570847689738731 ], [ -104.125902259671449, 25.571225480210231 ], [ -104.125831820353838, 25.571830850302099 ], [ -104.125274620061646, 25.572398660299399 ], [ -104.124544319630402, 25.572722369711784 ], [ -104.124023620433249, 25.572859379721212 ], [ -104.123528650234832, 25.573020170056818 ], [ -104.123345480062227, 25.573159969635228 ], [ -104.122900539602057, 25.573509569910616 ], [ -104.1225863698876, 25.573766030246855 ], [ -104.122221220465093, 25.573927880269327 ], [ -104.121669579950563, 25.574111979756839 ], [ -104.121231490014836, 25.574225879678536 ], [ -104.120944459860524, 25.574364819844579 ], [ -104.120434260008452, 25.574453569602859 ], [ -104.119663750062571, 25.574400859715617 ], [ -104.118893260086679, 25.574347860059142 ], [ -104.117984750391756, 25.574316799846148 ], [ -104.117102430303206, 25.574262380150252 ], [ -104.116194629543386, 25.574160660099565 ], [ -104.115313029961015, 25.574035599771591 ], [ -104.114508620056412, 25.573981829682076 ], [ -104.113912380116318, 25.573882659931268 ], [ -104.112929549725607, 25.573497690232855 ], [ -104.112515550225197, 25.573352940118632 ], [ -104.111936739733821, 25.573081020181057 ], [ -104.111151430046277, 25.572671690052065 ], [ -104.110535259865614, 25.572235020081866 ], [ -104.1102626898316, 25.571939349662561 ], [ -104.110364600440462, 25.571734450231823 ], [ -104.110133570089261, 25.571330449574294 ], [ -104.110168620301096, 25.570896920317168 ], [ -104.109976050498744, 25.570455920098059 ], [ -104.109538570078413, 25.570074169715031 ], [ -104.109079549509914, 25.569632450236657 ], [ -104.108421369943002, 25.569329170236763 ], [ -104.107851999777978, 25.568926659858526 ], [ -104.107397030182938, 25.568552999653566 ], [ -104.10714147953918, 25.568150509956258 ], [ -104.107045569741246, 25.567717430311877 ], [ -104.107001479571423, 25.567284380207326 ], [ -104.106844030034338, 25.566868519859906 ], [ -104.106807290469902, 25.566216049617296 ], [ -104.106717059738045, 25.565588619996813 ], [ -104.106532179784153, 25.565197780024523 ], [ -104.106447320330503, 25.564918220141429 ], [ -104.106319660233567, 25.56470519990863 ], [ -104.106087430154673, 25.564561949683156 ], [ -104.105854969782044, 25.564442250224079 ], [ -104.105543660447594, 25.564416109912891 ], [ -104.105283570461438, 25.564461029689792 ], [ -104.104995579540329, 25.56469411973902 ], [ -104.104914780395305, 25.564855489602348 ], [ -104.104783919930114, 25.565034119603808 ], [ -104.104593309720144, 25.565309570315179 ], [ -104.103864600171079, 25.566133770011291 ], [ -104.103488909637974, 25.566248029552952 ], [ -104.10328017984331, 25.566714199905693 ], [ -104.102312880260016, 25.566997860322015 ], [ -104.102081979741683, 25.5672311995576 ], [ -104.101907280222605, 25.567094020361068 ], [ -104.101646690382509, 25.567186030252593 ], [ -104.101353739903757, 25.567407580036093 ], [ -104.101117119968293, 25.567694220298449 ], [ -104.100694539943007, 25.56803875006398 ], [ -104.10015140027275, 25.568680739939147 ], [ -104.09966986040746, 25.570066199739461 ], [ -104.099351549796836, 25.570722950229001 ], [ -104.098653120109887, 25.573001520016518 ], [ -104.098649019534264, 25.573401860208158 ], [ -104.098618950174412, 25.573801969816007 ], [ -104.098560750371661, 25.574413800049953 ], [ -104.098137139792144, 25.575210969643944 ], [ -104.097949110325303, 25.575821710385274 ], [ -104.097604820074835, 25.576478250068401 ], [ -104.097333340192193, 25.577629950450135 ], [ -104.09711644970703, 25.578523060038687 ], [ -104.097032280284097, 25.579134680273292 ], [ -104.096686749661018, 25.57990893959532 ], [ -104.096288819900664, 25.580729860204556 ], [ -104.095737020336827, 25.581361090368219 ], [ -104.095185450229366, 25.581968770203723 ], [ -104.094974569584252, 25.582273139599391 ], [ -104.094656920121778, 25.582859230187537 ], [ -104.094602340412536, 25.58311783023051 ], [ -104.094467909711085, 25.583564170237338 ], [ -104.094359920398233, 25.583963619594901 ], [ -104.094224769960206, 25.584480599819191 ], [ -104.093828740085314, 25.585113120060534 ], [ -104.093436569709979, 25.585368880005529 ], [ -104.093356259721645, 25.585603709634135 ], [ -104.093042229898927, 25.585836570064039 ], [ -104.092936909692241, 25.58597698017164 ], [ -104.092545059564657, 25.586117880009976 ], [ -104.092233379635019, 25.58620653985524 ], [ -104.091843880247296, 25.586203249944916 ], [ -104.091427449655754, 25.586293919747575 ], [ -104.091271649675946, 25.586292620160677 ] ] ] } },
{ "type": "Feature", "properties": { "CVE_MUN": "018", "NOM_MUN": "Oro El", "CASOS_CONFIRMADOS": 1, "HOSPITALIZADOS": 1 }, "geometry": { "type": "Polygon", "coordinates": [ [ [ -105.347580980106414, 26.056559680263341 ], [ -105.334283570472337, 26.032124650326477 ], [ -105.33423482002712, 26.031303310312513 ], [ -105.333918170097746, 26.025968060170214 ], [ -105.331394710502451, 26.025984090442268 ], [ -105.331317260014544, 26.026409320407062 ], [ -105.331120878555978, 26.026785830313425 ], [ -105.330892029104888, 26.027250379624398 ], [ -105.330752710484816, 26.027513379615939 ], [ -105.330559770185985, 26.027873770242675 ], [ -105.330517830288485, 26.027939350096428 ], [ -105.330366659168106, 26.028175780394097 ], [ -105.330240539888337, 26.028441769574368 ], [ -105.330035769000517, 26.028795199838626 ], [ -105.329605000183776, 26.029368680091387 ], [ -105.329248510113686, 26.029847650286278 ], [ -105.328849508625495, 26.030481779914329 ], [ -105.328663180017543, 26.030841260209804 ], [ -105.328471110414796, 26.031173399714042 ], [ -105.32848891014504, 26.031643979823865 ], [ -105.328437450113398, 26.032169800075035 ], [ -105.328491889982175, 26.032711289890599 ], [ -105.328528418955258, 26.0331572599843 ], [ -105.328533660426302, 26.033276979659952 ], [ -105.328547259163912, 26.033587320105422 ], [ -105.328086708674078, 26.034823920329021 ], [ -105.327797089816968, 26.035350200221874 ], [ -105.327510570062614, 26.035889819983325 ], [ -105.327278229317798, 26.03630136981776 ], [ -105.326961908590661, 26.036923310026328 ], [ -105.326720509544487, 26.037415459648081 ], [ -105.326434379632474, 26.037972799895574 ], [ -105.326012888676274, 26.038661680091096 ], [ -105.321881979485482, 26.032394599787292 ], [ -105.316804619794567, 26.024690580112392 ], [ -105.318495449298695, 26.023219849934275 ], [ -105.320283450029464, 26.021664509813135 ], [ -105.32044756914749, 26.021521740361742 ], [ -105.321350148588607, 26.019431510208058 ], [ -105.321577780373403, 26.018904309673673 ], [ -105.321164399673819, 26.018082769951778 ], [ -105.319848939367972, 26.015732490272011 ], [ -105.314328659303484, 26.00586863035889 ], [ -105.311241489515325, 26.000351569571571 ], [ -105.309896878748191, 25.997948450181294 ], [ -105.306151199091659, 25.991253509618602 ], [ -105.302628740164067, 25.984956800037441 ], [ -105.302759969538542, 25.984116720188041 ], [ -105.311382829515878, 25.980550370157115 ], [ -105.322449180341394, 25.975890549756066 ], [ -105.318774078928811, 25.95628683022818 ], [ -105.317773799648691, 25.950950060334669 ], [ -105.307629799199717, 25.941174020079085 ], [ -105.311309419479102, 25.938791850120861 ], [ -105.312394349558332, 25.925708029879729 ], [ -105.31930226036485, 25.91715331989387 ], [ -105.322266060302027, 25.892676110021473 ], [ -105.299859710427228, 25.898136570299926 ], [ -105.301171519565173, 25.874967169997582 ], [ -105.301195280499982, 25.871668479990117 ], [ -105.294454830025046, 25.869171219697328 ], [ -105.272994680018428, 25.834732420156197 ], [ -105.275531579747593, 25.832995079849766 ], [ -105.274118708540712, 25.832156569729623 ], [ -105.259671690185115, 25.832419820154925 ], [ -105.254484519767914, 25.831653690296836 ], [ -105.239331969861382, 25.829104860061445 ], [ -105.236981320450653, 25.828699680275498 ], [ -105.233238859793161, 25.818943679729106 ], [ -105.233219350426467, 25.818892829819902 ], [ -105.228647020045258, 25.806879420107069 ], [ -105.228846849914717, 25.802217340056671 ], [ -105.228966679345191, 25.797246650058984 ], [ -105.229126369859543, 25.792903050222911 ], [ -105.229246139095011, 25.789670630441844 ], [ -105.245741338931097, 25.765768290394053 ], [ -105.235429970241626, 25.755995319554014 ], [ -105.225443798883774, 25.74476385034021 ], [ -105.221404859617891, 25.731802519691232 ], [ -105.2261564300629, 25.727660720160209 ], [ -105.228761940162826, 25.725361950133934 ], [ -105.22042490925179, 25.723477950233153 ], [ -105.214720250269181, 25.710594949994722 ], [ -105.220790710240465, 25.703745119570396 ], [ -105.221873368838388, 25.703610829590765 ], [ -105.222793180322469, 25.702566940198469 ], [ -105.222676719700033, 25.701889520184995 ], [ -105.222272109217414, 25.70116042033974 ], [ -105.221580799694891, 25.701161460381492 ], [ -105.220890459339557, 25.701683749749989 ], [ -105.219333970488535, 25.701112770426132 ], [ -105.217602689929706, 25.699447420266623 ], [ -105.217890170245809, 25.69913425044739 ], [ -105.215927219970055, 25.696739510316959 ], [ -105.214545679671588, 25.697314910091112 ], [ -105.215292320233516, 25.696062830300889 ], [ -105.212926318615374, 25.693720770425649 ], [ -105.210566430298258, 25.694818820055382 ], [ -105.21091324954881, 25.695495919848732 ], [ -105.21062741954529, 25.696747309629306 ], [ -105.209877619196689, 25.696227150035551 ], [ -105.20826013918294, 25.693623310213901 ], [ -105.205898860284535, 25.693939429768918 ], [ -105.204862059042597, 25.693993019581573 ], [ -105.204517400283237, 25.694566859842411 ], [ -105.204663749972156, 25.694987349695769 ], [ -105.204499720015647, 25.695289949708034 ], [ -105.194298919326101, 25.705145000198158 ], [ -105.19395388003997, 25.705526249813989 ], [ -105.189869509855001, 25.707375220171318 ], [ -105.172794569142923, 25.700912199740486 ], [ -105.165055770439167, 25.694634779950537 ], [ -105.159409399402108, 25.695844020266161 ], [ -105.149651628724598, 25.692148349867832 ], [ -105.131542539107386, 25.714653349894657 ], [ -105.120057348968999, 25.725995229657872 ], [ -105.114966569005574, 25.737612120394136 ], [ -105.114301029708813, 25.740587050231873 ], [ -105.11621137956665, 25.743950980054482 ], [ -105.111070380413963, 25.743647079715853 ], [ -105.101535140067725, 25.724401059880361 ], [ -105.081454049799618, 25.716197649778419 ], [ -105.067364649760947, 25.698306080048063 ], [ -105.071588600396979, 25.693173290108817 ], [ -105.092528419882584, 25.680251519670893 ], [ -105.077590599851064, 25.654409320244767 ], [ -105.082012338537652, 25.623545620285739 ], [ -105.072931800411666, 25.606659029882231 ], [ -105.066736319254673, 25.580782430257646 ], [ -105.068736799980854, 25.579374310313305 ], [ -105.060532798798874, 25.568690139985041 ], [ -105.05203827999803, 25.557350140125489 ], [ -105.04258503015069, 25.545259049925729 ], [ -105.04780454920629, 25.541629019609889 ], [ -105.05218348029625, 25.538568059769151 ], [ -105.052855650284997, 25.538538110373803 ], [ -105.054271619937666, 25.538071000117075 ], [ -105.054571748663122, 25.537409829639326 ], [ -105.054855660421239, 25.536809030374872 ], [ -105.056110768536783, 25.536511449685374 ], [ -105.057577350328444, 25.536576310180273 ], [ -105.057919569575802, 25.536259280387462 ], [ -105.058390109798111, 25.536047179612503 ], [ -105.059123600051265, 25.535715849634904 ], [ -105.059664648766912, 25.535527769748423 ], [ -105.059679419569562, 25.535516480222324 ], [ -105.060032879887743, 25.53524628978435 ], [ -105.060202259351328, 25.53483705966817 ], [ -105.060279819037746, 25.5343281096178 ], [ -105.059818619979637, 25.533748399803081 ], [ -105.05931699895055, 25.533352149991263 ], [ -105.058787260016246, 25.532712859946521 ], [ -105.058572620113679, 25.532148680168177 ], [ -105.058396120195951, 25.531580820422899 ], [ -105.058184910202883, 25.531177170141156 ], [ -105.057926859522198, 25.530892999603545 ], [ -105.057856229341013, 25.53030575024399 ], [ -105.057996710134844, 25.529901849750999 ], [ -105.05801142853629, 25.529446179885266 ], [ -105.057962820427292, 25.529327289824479 ], [ -105.057741109593621, 25.528898229599374 ], [ -105.057544689693501, 25.528493309942871 ], [ -105.057453350433363, 25.528043679907718 ], [ -105.057436579314995, 25.52771352025027 ], [ -105.057467769613126, 25.527525800392961 ], [ -105.057634569020934, 25.527129200178283 ], [ -105.057720908660173, 25.526824950132923 ], [ -105.058183170088341, 25.526145540275184 ], [ -105.059003379322263, 25.525358780403511 ], [ -105.05986271032323, 25.524591539858314 ], [ -105.060202350344198, 25.524056090163441 ], [ -105.060412079838457, 25.5234411402134 ], [ -105.060502150373424, 25.522909630187005 ], [ -105.060597119096798, 25.522384339812227 ], [ -105.060756680212876, 25.521652319841689 ], [ -105.060773719792834, 25.521010550390827 ], [ -105.060950030143388, 25.520307370136681 ], [ -105.06118148932039, 25.519408229605368 ], [ -105.061462459195027, 25.518738419697772 ], [ -105.061532549160489, 25.518249519894542 ], [ -105.06162612033647, 25.517845629903572 ], [ -105.061602549730637, 25.51759059990767 ], [ -105.061461720357343, 25.517293079855705 ], [ -105.061227169426843, 25.517059370093527 ], [ -105.060851999321287, 25.516889490353627 ], [ -105.060356050373969, 25.516748569848648 ], [ -105.060023138874385, 25.516651599737784 ], [ -105.059564420497509, 25.516536380057545 ], [ -105.059364749513634, 25.516296399583254 ], [ -105.059298628980727, 25.515987650390276 ], [ -105.059572879561102, 25.51563709012154 ], [ -105.060036680023288, 25.515122750141327 ], [ -105.060793168564061, 25.514680320445141 ], [ -105.06192413981222, 25.514426690299707 ], [ -105.063102708931055, 25.51391158008493 ], [ -105.063600279679704, 25.513400049885917 ], [ -105.063709888797703, 25.513001690039928 ], [ -105.063627290175106, 25.512603419989663 ], [ -105.063503549403421, 25.512230029965373 ], [ -105.06333857977684, 25.511844229556843 ], [ -105.063118660320441, 25.511321540204261 ], [ -105.063145769676467, 25.510686709741961 ], [ -105.063337218793407, 25.509548279667253 ], [ -105.063556460099718, 25.508795030010475 ], [ -105.063501309705714, 25.508328350053571 ], [ -105.063308979187113, 25.508077649892321 ], [ -105.062915750501546, 25.507830710311612 ], [ -105.062169279855311, 25.507619419786014 ], [ -105.060957339870214, 25.507322830338008 ], [ -105.060389660232474, 25.507086289868898 ], [ -105.060078648686016, 25.506617149971905 ], [ -105.059857820230022, 25.506090919990836 ], [ -105.059530260234212, 25.505639289968059 ], [ -105.059480340380787, 25.505293459808655 ], [ -105.054905309933986, 25.506406720057047 ], [ -105.054381629151536, 25.508306109674244 ], [ -105.046114599783351, 25.504582509644798 ], [ -105.043810258653949, 25.504968150163055 ], [ -105.008502199262651, 25.465847920297644 ], [ -104.98893348005484, 25.445944620050181 ], [ -104.961507308643093, 25.470549219747252 ], [ -104.957541649070492, 25.477310630165501 ], [ -104.957379938931908, 25.494629220152135 ], [ -104.948433848680111, 25.495657889601823 ], [ -104.930349948916884, 25.495991340420826 ], [ -104.930939939772344, 25.471581649918079 ], [ -104.912430600506937, 25.465917550390571 ], [ -104.91424110877594, 25.448622540051044 ], [ -104.909559200142155, 25.437911490121522 ], [ -104.905427998620254, 25.454012230030806 ], [ -104.893761580429768, 25.441257020351191 ], [ -104.893547570079079, 25.441439619857665 ], [ -104.893374680150956, 25.441496749809041 ], [ -104.893205598811804, 25.441408420423226 ], [ -104.893091580246136, 25.441325290130262 ], [ -104.89295651002827, 25.441221780256523 ], [ -104.892831598904067, 25.441163799922478 ], [ -104.892691880461527, 25.441201479952113 ], [ -104.892391020208024, 25.441882919757646 ], [ -104.892292339875013, 25.442336430098774 ], [ -104.89213591989872, 25.442442259948066 ], [ -104.891938859848267, 25.442469400007255 ], [ -104.891585949834536, 25.44248174037801 ], [ -104.890953518598636, 25.442781800210991 ], [ -104.890632778541942, 25.443532769602928 ], [ -104.890628689954767, 25.444003249643472 ], [ -104.891151280303362, 25.444318090340374 ], [ -104.891246888613281, 25.444705540342731 ], [ -104.891014600287519, 25.444929919763844 ], [ -104.890698739269169, 25.444855149790403 ], [ -104.890501978781231, 25.444984230474542 ], [ -104.890498029597069, 25.445281860161565 ], [ -104.890594079313601, 25.44563779985938 ], [ -104.890427119673078, 25.445824400109448 ], [ -104.889906019323732, 25.446197289618986 ], [ -104.889096799364722, 25.446645079657994 ], [ -104.888731450080144, 25.446769419670279 ], [ -104.888414279610998, 25.44672815029173 ], [ -104.88812375005746, 25.446627369859211 ], [ -104.887571259733576, 25.446649980298666 ], [ -104.886880678531583, 25.446836750005978 ], [ -104.886676979961095, 25.4470413201973 ], [ -104.886624949153187, 25.447227680047838 ], [ -104.886777830113402, 25.447371339636934 ], [ -104.886910748679455, 25.447534769789687 ], [ -104.88691811981316, 25.447775399683096 ], [ -104.886622250119032, 25.449072230105287 ], [ -104.886540999692528, 25.449385599862396 ], [ -104.88635251044181, 25.449548380319939 ], [ -104.886087860416723, 25.449597920254806 ], [ -104.885829819210514, 25.449590489819816 ], [ -104.884936890113821, 25.45000694031928 ], [ -104.883612348886956, 25.450287490220365 ], [ -104.882809419271965, 25.450312149752577 ], [ -104.8819966185862, 25.450208939622883 ], [ -104.880395850296182, 25.449791769607437 ], [ -104.879247780095298, 25.449615579933287 ], [ -104.877627659796033, 25.449706949804987 ], [ -104.876146180235637, 25.449923619902098 ], [ -104.87518196907584, 25.449749199824094 ], [ -104.873721379233601, 25.448951720237382 ], [ -104.872673060152508, 25.44807240038957 ], [ -104.872043978562985, 25.447513029694054 ], [ -104.871023619937645, 25.446768919894041 ], [ -104.870364280501903, 25.445832940110645 ], [ -104.869472569542197, 25.444993380387324 ], [ -104.867760750206557, 25.445033149899398 ], [ -104.866127030403675, 25.4450957099825 ], [ -104.86487812039681, 25.444777739659983 ], [ -104.862981770143762, 25.44456008007052 ], [ -104.861442938536754, 25.443844349759733 ], [ -104.859797169769919, 25.442846939743067 ], [ -104.859038200158722, 25.44226518025971 ], [ -104.857939598858437, 25.441474620158164 ], [ -104.856715349950079, 25.441038550019101 ], [ -104.855287859537725, 25.440981289859373 ], [ -104.853825479303154, 25.441146150365853 ], [ -104.852957820088051, 25.441403570141468 ], [ -104.851630380427636, 25.441470630053278 ], [ -104.850354879319625, 25.440586890261635 ], [ -104.848471250097248, 25.439849570166796 ], [ -104.847256289803198, 25.439186520199971 ], [ -104.845569569916947, 25.438257370006212 ], [ -104.844293979995754, 25.437502279808005 ], [ -104.843018278622083, 25.436839059619597 ], [ -104.842350149529139, 25.436378739858746 ], [ -104.842107550067041, 25.435974050198165 ], [ -104.841801419230464, 25.435561880091015 ], [ -104.841526799808989, 25.435125629881821 ], [ -104.841212089356276, 25.43487459967869 ], [ -104.840912748677795, 25.434536580087915 ], [ -104.840685078849276, 25.433440060395402 ], [ -104.840664939609908, 25.432713289853915 ], [ -104.84056054998851, 25.431948199990192 ], [ -104.840287580093644, 25.431106400341982 ], [ -104.839811308979435, 25.430592170360985 ], [ -104.838946310172432, 25.430353849854633 ], [ -104.837607059974587, 25.430337170420298 ], [ -104.836942569943574, 25.430233850331042 ], [ -104.834547968624747, 25.430253779792235 ], [ -104.833161120411987, 25.430310740085705 ], [ -104.832580779047362, 25.430193029717344 ], [ -104.831863258685374, 25.43015683000672 ], [ -104.830901540106851, 25.429891950430008 ], [ -104.830452488900733, 25.429619619946404 ], [ -104.829983220224747, 25.429057220163614 ], [ -104.829733230119871, 25.42832495014185 ], [ -104.829447290495253, 25.427657720307252 ], [ -104.829511458543848, 25.42674714972015 ], [ -104.830029310365546, 25.42630514976026 ], [ -104.830694339527298, 25.425747119704049 ], [ -104.831121850053762, 25.425238709805143 ], [ -104.831439800223777, 25.424597419989581 ], [ -104.831492688653611, 25.424081940274828 ], [ -104.831938849077204, 25.422872769654109 ], [ -104.832359980008263, 25.421864280391581 ], [ -104.833138479346047, 25.419149719613952 ], [ -104.83279187894631, 25.418593149754688 ], [ -104.832425829681384, 25.417313549733731 ], [ -104.831045139491124, 25.416806420112437 ], [ -104.830213258569373, 25.417009750427383 ], [ -104.830097979158509, 25.417009619998534 ], [ -104.829303780048406, 25.41698545967007 ], [ -104.828701398657131, 25.417205570006534 ], [ -104.827853019865671, 25.41751899989832 ], [ -104.827303378516049, 25.417547310384336 ], [ -104.82583605890467, 25.417881179628669 ], [ -104.825519830283767, 25.418202020407655 ], [ -104.825279909552577, 25.41942191000393 ], [ -104.825199949764396, 25.419527089750972 ], [ -104.824980219553922, 25.419598020333801 ], [ -104.824491229387647, 25.420641400101534 ], [ -104.823926828867855, 25.421686459963684 ], [ -104.823246539508673, 25.42251248035199 ], [ -104.82248850909356, 25.423117939944913 ], [ -104.821547120241803, 25.423718949603877 ], [ -104.821020030271072, 25.423823230072419 ], [ -104.820467480060046, 25.423775940292803 ], [ -104.819992219257855, 25.423600449851271 ], [ -104.819536689833711, 25.423581319806996 ], [ -104.818724598510983, 25.423118600185443 ], [ -104.815932570260003, 25.422890449879738 ], [ -104.814664198646938, 25.422817650231657 ], [ -104.813033200405457, 25.4217348201595 ], [ -104.812244430397953, 25.420501800164274 ], [ -104.811642778894779, 25.419040379883292 ], [ -104.811602908977463, 25.417546779593149 ], [ -104.811757340337479, 25.41698092030753 ], [ -104.811947780456961, 25.415545879795939 ], [ -104.812561889500742, 25.41471065004459 ], [ -104.813141228900406, 25.413381180159455 ], [ -104.812769769791316, 25.413114860150031 ], [ -104.812099379710801, 25.411779180146066 ], [ -104.810912719583555, 25.409119879868996 ], [ -104.810030969568572, 25.407829969651637 ], [ -104.810210320406284, 25.40751519985384 ], [ -104.81013871997169, 25.407313049576899 ], [ -104.809320378699823, 25.406002379735003 ], [ -104.808644910460544, 25.404716090363117 ], [ -104.808296369764818, 25.403198049652875 ], [ -104.807986579668352, 25.402831110186852 ], [ -104.807444169636298, 25.402443770306849 ], [ -104.806574749672421, 25.401818660344855 ], [ -104.805909479796327, 25.401652979867755 ], [ -104.80519506045583, 25.400682659673706 ], [ -104.804854550194932, 25.400414090201515 ], [ -104.804677879772385, 25.400351430069914 ], [ -104.803508309801487, 25.400172950253019 ], [ -104.80327751971879, 25.400054320119597 ], [ -104.8030643191249, 25.400048889664678 ], [ -104.801712490030155, 25.399998619898795 ], [ -104.801101289623034, 25.399965780146314 ], [ -104.800725060241902, 25.400007940111415 ], [ -104.800149860317404, 25.399848909853691 ], [ -104.798737369663357, 25.399244680427589 ], [ -104.797944050099957, 25.399129690385287 ], [ -104.797345740095068, 25.398862319824058 ], [ -104.796724879810625, 25.398553919869375 ], [ -104.795754140197829, 25.39803997956778 ], [ -104.79511079992146, 25.397680279921918 ], [ -104.794627110371991, 25.397361199822011 ], [ -104.793906999455785, 25.393416650032997 ], [ -104.794454118635997, 25.392595680269999 ], [ -104.795025919554689, 25.392422080022442 ], [ -104.79534285979642, 25.391666400306903 ], [ -104.7957814794011, 25.390884720409556 ], [ -104.796246089372971, 25.389340570166841 ], [ -104.796246980420705, 25.388808199626624 ], [ -104.795867539594056, 25.387790910295745 ], [ -104.795516059935295, 25.387055430197631 ], [ -104.795307818865155, 25.38660465013124 ], [ -104.794707939316865, 25.386324260224459 ], [ -104.794539549824748, 25.38616257967993 ], [ -104.793923998806264, 25.385754980413605 ], [ -104.793524138516773, 25.385426819595324 ], [ -104.792995030159048, 25.385049799866227 ], [ -104.792488708882416, 25.384798250342648 ], [ -104.791728890150182, 25.384629939752394 ], [ -104.790876709710389, 25.384586919647852 ], [ -104.790267830018408, 25.384638969582056 ], [ -104.789344379131435, 25.384733419843791 ], [ -104.788738769740462, 25.384877259974619 ], [ -104.788081799363141, 25.385326450226707 ], [ -104.787265750087911, 25.38588004970666 ], [ -104.786573998904714, 25.38655709041878 ], [ -104.785675919980676, 25.387698949910224 ], [ -104.78502802862927, 25.388590200440387 ], [ -104.785065088559151, 25.388874319770306 ], [ -104.784309920257797, 25.389376850266963 ], [ -104.784017170050589, 25.389403000291384 ], [ -104.783388078617051, 25.389676719747534 ], [ -104.782502828608159, 25.389971229622049 ], [ -104.781745629522149, 25.390276460395203 ], [ -104.780755799550306, 25.39047570960269 ], [ -104.780219119817914, 25.390548050330732 ], [ -104.779392059571776, 25.390032969984297 ], [ -104.7780903095925, 25.389160049566577 ], [ -104.777759689677367, 25.389341830227153 ], [ -104.775630679449279, 25.388142140360024 ], [ -104.775031109603177, 25.387778109873693 ], [ -104.773947318983247, 25.38686551015471 ], [ -104.773155719949258, 25.385741489646161 ], [ -104.772500480386526, 25.385802450435087 ], [ -104.771950619567761, 25.385772800360257 ], [ -104.77134792007891, 25.38572386027592 ], [ -104.770676230160149, 25.386104909966015 ], [ -104.770316119536147, 25.386392280238415 ], [ -104.7699880197477, 25.386535709687497 ], [ -104.769596710430648, 25.386544709597462 ], [ -104.769079109949899, 25.38622716992241 ], [ -104.769099394142344, 25.385777768350003 ], [ -104.76910120035599, 25.385737749820414 ], [ -104.769086663997484, 25.385727299912496 ], [ -104.768900519412838, 25.385593480114416 ], [ -104.768298170235681, 25.384569320127802 ], [ -104.768086568496315, 25.384501179601603 ], [ -104.76775135044754, 25.383969430277755 ], [ -104.767516369705618, 25.383121399950184 ], [ -104.767554948660532, 25.382477249931416 ], [ -104.767444369162945, 25.382055000446318 ], [ -104.767905880057469, 25.381671449742345 ], [ -104.768070599792097, 25.379509219763225 ], [ -104.768731908585011, 25.378832140326512 ], [ -104.76887106022518, 25.378441919567795 ], [ -104.769057369942786, 25.377212749725555 ], [ -104.768728400102304, 25.375997090050735 ], [ -104.768038579586332, 25.375820600205163 ], [ -104.767707860292887, 25.375531940169655 ], [ -104.766877018705017, 25.374937970465989 ], [ -104.766132549894849, 25.374473259782874 ], [ -104.764712020351041, 25.373882200066454 ], [ -104.764035509232002, 25.373968820436598 ], [ -104.763456219642237, 25.373742379587291 ], [ -104.762669569709914, 25.373690999984351 ], [ -104.762046859422753, 25.373614249969645 ], [ -104.760940089910889, 25.373823180335592 ], [ -104.760374200371103, 25.373809740438602 ], [ -104.759684340439392, 25.373670820235201 ], [ -104.758773248557873, 25.373389850283871 ], [ -104.758222660100799, 25.372624749928665 ], [ -104.758013020106517, 25.370586860300946 ], [ -104.757561000010796, 25.368169969789545 ], [ -104.757072339163528, 25.36679170967772 ], [ -104.756379889011853, 25.366147749769752 ], [ -104.755931829841913, 25.366147020263234 ], [ -104.754972779689552, 25.366827690437013 ], [ -104.753771309778315, 25.367743980234675 ], [ -104.752614309424388, 25.36810935007999 ], [ -104.751400799300797, 25.367831830081045 ], [ -104.750938278950343, 25.36784417023728 ], [ -104.75018751957073, 25.367449339995282 ], [ -104.747733149014039, 25.366159540170329 ], [ -104.746590888902546, 25.364068220231847 ], [ -104.745335910172003, 25.362924739812676 ], [ -104.744290460402397, 25.363072550210759 ], [ -104.74365470960268, 25.362992750101395 ], [ -104.742427779870198, 25.362255950203597 ], [ -104.741995060391034, 25.361861649553116 ], [ -104.741011250005968, 25.361205919932637 ], [ -104.739885819505602, 25.361467029713122 ], [ -104.738584858870212, 25.362069489889056 ], [ -104.738299949234289, 25.362852460346584 ], [ -104.73788181922076, 25.36307282017534 ], [ -104.737304599036591, 25.363365370062542 ], [ -104.735984429827198, 25.363348490188759 ], [ -104.735064818605991, 25.363082019924128 ], [ -104.733801119885015, 25.36252194022105 ], [ -104.732726509175052, 25.361938289792171 ], [ -104.731334748976877, 25.360810750089421 ], [ -104.730231940367062, 25.360831489904989 ], [ -104.729314969748572, 25.360187200365846 ], [ -104.726838018844603, 25.358283020218714 ], [ -104.726595228654517, 25.357619579740813 ], [ -104.725588849098372, 25.355432780399205 ], [ -104.725254339541848, 25.354194680060559 ], [ -104.725215689665319, 25.352452059937004 ], [ -104.724868080423349, 25.350497349789507 ], [ -104.724603399742165, 25.349845370005159 ], [ -104.723661488615974, 25.349037220154099 ], [ -104.72232001881234, 25.34833128997197 ], [ -104.7217150301245, 25.347867779609736 ], [ -104.720944779579966, 25.347358570440868 ], [ -104.717686219380255, 25.344357769612174 ], [ -104.715409769709169, 25.343196550162926 ], [ -104.713887220155044, 25.341117939738005 ], [ -104.713153029024397, 25.338783089630109 ], [ -104.714622578966754, 25.335259459715992 ], [ -104.718991139558184, 25.331157629592759 ], [ -104.716714219094882, 25.328563950088693 ], [ -104.708820740300055, 25.326928719890692 ], [ -104.703680680393958, 25.326820379981328 ], [ -104.701680080017567, 25.327688550435731 ], [ -104.703386049587337, 25.31677643007081 ], [ -104.704868690104107, 25.315648600014452 ], [ -104.708763170211469, 25.312685890199841 ], [ -104.710619380220322, 25.311273740195418 ], [ -104.719509579546596, 25.304509399577856 ], [ -104.718838459651678, 25.302230150118231 ], [ -104.722771309915245, 25.29913452034021 ], [ -104.73977189027238, 25.286904799885921 ], [ -104.756671949974361, 25.292505890156779 ], [ -104.74757666009404, 25.312254289592829 ], [ -104.780225259989336, 25.294390830243117 ], [ -104.79016025868755, 25.300222910134554 ], [ -104.794293420187046, 25.286687600238459 ], [ -104.810225120469042, 25.277965540431719 ], [ -104.805563279731032, 25.267430049690621 ], [ -104.874366289037269, 25.208778779864449 ], [ -104.875685859109822, 25.161917450017981 ], [ -104.876051170429321, 25.162263519761073 ], [ -104.87628282047848, 25.162360110435106 ], [ -104.876566179794338, 25.162457219636774 ], [ -104.876925400476281, 25.162696400190789 ], [ -104.878107320015232, 25.162811949977435 ], [ -104.87832736996711, 25.162899319755269 ], [ -104.878467219311702, 25.16312752035012 ], [ -104.87866002901292, 25.163305750285073 ], [ -104.878946908762174, 25.163360079610083 ], [ -104.879127429144816, 25.163360380281549 ], [ -104.87936852042256, 25.163366260312618 ], [ -104.879555799603139, 25.163512540188503 ], [ -104.879775048500804, 25.163663059789865 ], [ -104.87987837008599, 25.163694980146488 ], [ -104.879988288824734, 25.163684379835804 ], [ -104.88005271006935, 25.163738180245375 ], [ -104.880250430267438, 25.16401723016908 ], [ -104.880351350501755, 25.164265400392285 ], [ -104.880440059687402, 25.164476600047482 ], [ -104.88052631893288, 25.164698090039465 ], [ -104.880580519723097, 25.164813450049294 ], [ -104.88066242980031, 25.16512162986049 ], [ -104.880753939869692, 25.165384949923137 ], [ -104.880947820455674, 25.165677479911523 ], [ -104.881363478788927, 25.165985629674637 ], [ -104.8820002303286, 25.166245720216853 ], [ -104.88222359963541, 25.166242889629579 ], [ -104.882428949685334, 25.166292769850873 ], [ -104.882571939771253, 25.166384709557558 ], [ -104.88269681858101, 25.166614520340918 ], [ -104.882751048730228, 25.166746569614727 ], [ -104.882763139701112, 25.166880339951742 ], [ -104.882740618545768, 25.166998430389512 ], [ -104.882884618534646, 25.167175539608483 ], [ -104.883021779518529, 25.167333429670126 ], [ -104.883245550043043, 25.16741402987396 ], [ -104.883428030406066, 25.16740209041399 ], [ -104.883580519919477, 25.167446120248112 ], [ -104.883740908642977, 25.167588819677135 ], [ -104.883956779032729, 25.167652479880548 ], [ -104.884198628758909, 25.167682059760814 ], [ -104.884415719039595, 25.167665139669808 ], [ -104.884591849407499, 25.167611909781012 ], [ -104.884832920229115, 25.167506060349123 ], [ -104.88503950875166, 25.167587150460371 ], [ -104.885209119278628, 25.16768475044087 ], [ -104.885346850022827, 25.167686000012914 ], [ -104.885558710344242, 25.167710180145821 ], [ -104.885794119415962, 25.167713000089137 ], [ -104.885940970496975, 25.167850659989256 ], [ -104.885956280182725, 25.167952659625165 ], [ -104.886031229561056, 25.168148690451446 ], [ -104.886437550090022, 25.168193570395832 ], [ -104.886760850442386, 25.168151979641262 ], [ -104.887013089079517, 25.168206830086088 ], [ -104.887464020008238, 25.168244180029738 ], [ -104.88779914895818, 25.168341799605322 ], [ -104.888262768548131, 25.168511379832399 ], [ -104.888545579268708, 25.168655570170564 ], [ -104.888984489159682, 25.168730710036808 ], [ -104.88945102891779, 25.16866485014809 ], [ -104.889889059379939, 25.168810620287903 ], [ -104.89027390941034, 25.169073570202855 ], [ -104.890659320430402, 25.169289429901337 ], [ -104.891200850403521, 25.169436259749787 ], [ -104.891588599391113, 25.169463770197037 ], [ -104.89197607964681, 25.169514829556523 ], [ -104.892439978920621, 25.16966086018666 ], [ -104.89272367996378, 25.169734400087016 ], [ -104.893162020444535, 25.169856619617967 ], [ -104.893547448702279, 25.170072480127871 ], [ -104.894499119809836, 25.17052958014083 ], [ -104.894803740477855, 25.17100363004662 ], [ -104.895434139156677, 25.171371619667923 ], [ -104.895677229218265, 25.171709400233667 ], [ -104.895806849109832, 25.171930980297915 ], [ -104.895785939011489, 25.172140820307508 ], [ -104.895729750241983, 25.172382290394424 ], [ -104.895658249885798, 25.17266146043303 ], [ -104.895583520072663, 25.173025429558667 ], [ -104.895502999328627, 25.173380920089365 ], [ -104.895344879550962, 25.173677459954163 ], [ -104.895232739098475, 25.1739671199932 ], [ -104.89513809029954, 25.174154599841909 ], [ -104.894916490465519, 25.17444256980243 ], [ -104.894886828515183, 25.174748370342822 ], [ -104.894986829499686, 25.17503195011345 ], [ -104.8952949497383, 25.175223459821233 ], [ -104.89557691858198, 25.17543826015206 ], [ -104.895782150342242, 25.17558163037026 ], [ -104.895856279727667, 25.175864949842786 ], [ -104.895980399379553, 25.176290049821432 ], [ -104.895874000090515, 25.176524429802942 ], [ -104.895871679857308, 25.176712780333006 ], [ -104.89610131943553, 25.176974139895542 ], [ -104.896382419835035, 25.17725957003929 ], [ -104.89648184949877, 25.177590229603435 ], [ -104.896478649378579, 25.177849199818645 ], [ -104.896580090042235, 25.178015060239616 ], [ -104.896679799037258, 25.178322179572529 ], [ -104.896935028896834, 25.178607349945196 ], [ -104.897294629418724, 25.17882294041592 ], [ -104.897705969814879, 25.179039049711179 ], [ -104.898171379554455, 25.179067339644483 ], [ -104.898535319460166, 25.178929769695824 ], [ -104.89874374929903, 25.178814150373402 ], [ -104.899003650122197, 25.17872261971393 ], [ -104.899292800294376, 25.178850710189611 ], [ -104.899754889988714, 25.178959109813945 ], [ -104.900190778850458, 25.178839320143606 ], [ -104.900580379686147, 25.178856400349375 ], [ -104.900887660211708, 25.179118539814858 ], [ -104.901272548801018, 25.179381459601849 ], [ -104.901814709694975, 25.179481149972123 ], [ -104.902333619594486, 25.17936868999238 ], [ -104.902598460401776, 25.179455140040716 ], [ -104.902875649759395, 25.179599419731915 ], [ -104.903153089706947, 25.179443490391552 ], [ -104.90353615012063, 25.179311650394474 ], [ -104.903856890348592, 25.179643179612956 ], [ -104.90418974969424, 25.179929120299445 ], [ -104.904704020233169, 25.18019334985701 ], [ -104.905062479293619, 25.180503090323697 ], [ -104.905419198633297, 25.180954090025889 ], [ -104.90570321901609, 25.181004060467213 ], [ -104.906038980192179, 25.181054550036425 ], [ -104.906477949051293, 25.181129650443395 ], [ -104.906632320012179, 25.181201849872206 ], [ -104.907119859539861, 25.18153645028357 ], [ -104.907375709314394, 25.181774489963711 ], [ -104.907396680304345, 25.182174999865147 ], [ -104.907652229100222, 25.18243660026662 ], [ -104.90834300031517, 25.183079339753739 ], [ -104.908544799102103, 25.183505220352952 ], [ -104.908826519689285, 25.183743539590004 ], [ -104.90895184898244, 25.184074460316761 ], [ -104.909277998975369, 25.184410980010934 ], [ -104.909376629844488, 25.184520750218315 ], [ -104.909658140129622, 25.184478259715597 ], [ -104.909583250354601, 25.184256379543438 ], [ -104.909527050083156, 25.184128369649986 ], [ -104.909546020402829, 25.183855340161497 ], [ -104.909653418638996, 25.183728080375523 ], [ -104.909796880438108, 25.183658170343616 ], [ -104.909933289890532, 25.183526310034338 ], [ -104.910064800193567, 25.183430799661725 ], [ -104.910252150011914, 25.183324150383488 ], [ -104.910447599972329, 25.183109179549486 ], [ -104.910715230201717, 25.182805220030726 ], [ -104.910930689555428, 25.182425519965747 ], [ -104.910930908704771, 25.182126520040043 ], [ -104.910839859809499, 25.181727770364247 ], [ -104.91082182041437, 25.181428750013072 ], [ -104.910876798680007, 25.181179599608107 ], [ -104.911084688584253, 25.181037140401635 ], [ -104.911270998516358, 25.180861140350601 ], [ -104.911354550184271, 25.180652909598876 ], [ -104.911476889908513, 25.180451660395477 ], [ -104.911563459796966, 25.180292909972863 ], [ -104.911646548774058, 25.180103489819135 ], [ -104.911746719850413, 25.179883769572712 ], [ -104.911863619978192, 25.179573109916959 ], [ -104.911966919868362, 25.179575860181505 ], [ -104.912255689525935, 25.179556769955813 ], [ -104.91255693859398, 25.179494770162904 ], [ -104.912705490036771, 25.179346259697809 ], [ -104.912872229325302, 25.179247830366929 ], [ -104.91321413953176, 25.178914569976346 ], [ -104.913314309167149, 25.17868726008566 ], [ -104.913380478824152, 25.178518110011979 ], [ -104.913560910033596, 25.178532819632661 ], [ -104.913771850067775, 25.178656659797635 ], [ -104.913831569288035, 25.17883065968708 ], [ -104.913980168955675, 25.179048150124409 ], [ -104.914400449850476, 25.179026290101802 ], [ -104.914735570105535, 25.179245350441864 ], [ -104.915051979943257, 25.179416520285386 ], [ -104.915470689281562, 25.179682340358625 ], [ -104.91583730961689, 25.179940480173347 ], [ -104.916061970430832, 25.180144860015606 ], [ -104.916308659918897, 25.1803071199522 ], [ -104.916683370433347, 25.180454510318512 ], [ -104.917053420157856, 25.180597779850007 ], [ -104.917362278794727, 25.180671339874255 ], [ -104.91785048906786, 25.180723949665779 ], [ -104.918390259556517, 25.181444280392814 ], [ -104.918534060235658, 25.181625709900366 ], [ -104.918717429238555, 25.181635459730529 ], [ -104.91883361962357, 25.181677340067008 ], [ -104.918852430200886, 25.181813219585372 ], [ -104.918990149250689, 25.181979169705698 ], [ -104.91925034886178, 25.181981509987569 ], [ -104.919416339623368, 25.181824279632401 ], [ -104.919525720318347, 25.181603549867148 ], [ -104.919387178651121, 25.181401780417424 ], [ -104.91927728043953, 25.181246059907153 ], [ -104.919233689537975, 25.181005580116359 ], [ -104.919461019363254, 25.180774019621516 ], [ -104.919711030449122, 25.180515579710036 ], [ -104.919755430345035, 25.180160489704882 ], [ -104.919745779095649, 25.179773280340086 ], [ -104.919689310269547, 25.17933585013866 ], [ -104.919635339875853, 25.178993220053744 ], [ -104.919736229818781, 25.178728620019619 ], [ -104.919920509313712, 25.178509289565163 ], [ -104.920018448596664, 25.178290690273705 ], [ -104.919947419063064, 25.178041179998864 ], [ -104.919741628593641, 25.177865940186798 ], [ -104.919494109525886, 25.177722620158811 ], [ -104.919365320375491, 25.17757162985388 ], [ -104.919373599728857, 25.177301950154757 ], [ -104.919405420100219, 25.177014480294378 ], [ -104.91963709011651, 25.176688489960529 ], [ -104.919666578532272, 25.176275120254434 ], [ -104.919519970280007, 25.175981380103973 ], [ -104.919272230419026, 25.175701819842981 ], [ -104.918909289940217, 25.175355230243433 ], [ -104.918612280376649, 25.175029579659562 ], [ -104.918641319991366, 25.174907769711968 ], [ -104.918661089666159, 25.174735550428494 ], [ -104.918580548524574, 25.174513659682439 ], [ -104.918442179705295, 25.174248539613028 ], [ -104.918240598843553, 25.173781489965062 ], [ -104.918067058591461, 25.173315519696207 ], [ -104.917923740182687, 25.173005680368352 ], [ -104.917974340237834, 25.172784120364362 ], [ -104.91828903027988, 25.172715279863787 ], [ -104.918769648851935, 25.172565050301294 ], [ -104.919060519626541, 25.172448740006018 ], [ -104.919415508697554, 25.172358539639852 ], [ -104.919861318698054, 25.171965980368931 ], [ -104.920102748743275, 25.171849909912606 ], [ -104.920443650058928, 25.171591859953757 ], [ -104.921270970308683, 25.171130290339569 ], [ -104.921750120258025, 25.170998649610212 ], [ -104.922204539726025, 25.170792289866228 ], [ -104.922417680060633, 25.170508349667589 ], [ -104.92254576909238, 25.169991970191294 ], [ -104.922409179812973, 25.169372430066559 ], [ -104.922229739543781, 25.168879449943695 ], [ -104.922209290415068, 25.168431859856028 ], [ -104.922291480009847, 25.168055939801178 ], [ -104.922297179897299, 25.167585059991108 ], [ -104.922506430000482, 25.167398779973745 ], [ -104.92266421999156, 25.167188449824948 ], [ -104.92297780049195, 25.166932579842161 ], [ -104.923420998649519, 25.166654460109008 ], [ -104.923941540466814, 25.166400679553167 ], [ -104.924382458869772, 25.166310910049521 ], [ -104.924850108798736, 25.166150750163037 ], [ -104.925161399800302, 25.166083229790051 ], [ -104.925574450500847, 25.16615800037637 ], [ -104.92572624853166, 25.166442079885513 ], [ -104.925773709383265, 25.166795749799149 ], [ -104.925636949588025, 25.167406599762231 ], [ -104.925337549831823, 25.168628020356426 ], [ -104.925333570409236, 25.16895762969331 ], [ -104.925353739104338, 25.169428749713116 ], [ -104.925479089577465, 25.169759660419739 ], [ -104.925652059089515, 25.170142750063295 ], [ -104.925815429973582, 25.170416220419625 ], [ -104.925993568604014, 25.170880109736071 ], [ -104.92622561871049, 25.17134311012704 ], [ -104.926452689821588, 25.171701139781959 ], [ -104.926734448693523, 25.172129919999886 ], [ -104.926911970221326, 25.172412830003328 ], [ -104.927034230359695, 25.172786829868361 ], [ -104.926966380417269, 25.173235259976526 ], [ -104.926770949767928, 25.173609710114963 ], [ -104.926646089673895, 25.173867289621036 ], [ -104.926536419387915, 25.17409772046253 ], [ -104.926439829579792, 25.174347279669828 ], [ -104.92640814038765, 25.174642060081858 ], [ -104.926385148953202, 25.17494439987648 ], [ -104.926355709166771, 25.175363780116736 ], [ -104.926232350269629, 25.175817650350012 ], [ -104.926141319345348, 25.176232030276623 ], [ -104.926092599618272, 25.176590080280619 ], [ -104.92613142895182, 25.17695837999371 ], [ -104.926288479969969, 25.177308479749815 ], [ -104.926567059378286, 25.177587059725457 ], [ -104.926818620093798, 25.177762569653964 ], [ -104.927146400377993, 25.177962230225237 ], [ -104.927410080225428, 25.178122220091947 ], [ -104.92765325955618, 25.178246719880999 ], [ -104.927971048782453, 25.178359090130744 ], [ -104.928154290477778, 25.178448880392708 ], [ -104.928416979234058, 25.178390230049061 ], [ -104.928679228972157, 25.178248709652863 ], [ -104.928909309904341, 25.178189139886104 ], [ -104.929220229709486, 25.178194119991034 ], [ -104.929489120488384, 25.178219649650803 ], [ -104.930019539174907, 25.178248749745897 ], [ -104.930342200423411, 25.178284879577269 ], [ -104.930598108978288, 25.178316879612574 ], [ -104.930963860216607, 25.178450370443308 ], [ -104.931293230354228, 25.178608429666486 ], [ -104.93168508853789, 25.178712220068654 ], [ -104.931934879294047, 25.178861850392767 ], [ -104.932153619773445, 25.178990449731547 ], [ -104.932408478980875, 25.179426150388771 ], [ -104.932729579826201, 25.17969611011544 ], [ -104.933097139218702, 25.179954580436789 ], [ -104.933316970278, 25.180048909941029 ], [ -104.933814118739221, 25.180462820254039 ], [ -104.934191949888131, 25.180750799900142 ], [ -104.934858980089317, 25.181236250281728 ], [ -104.935272148496693, 25.181522309574369 ], [ -104.935673969383686, 25.181835800301549 ], [ -104.936049828964045, 25.182057290202696 ], [ -104.936401690438288, 25.182421859656642 ], [ -104.936623018605673, 25.182579580354489 ], [ -104.936989258522829, 25.182832550272348 ], [ -104.937181059420226, 25.182867339826661 ], [ -104.937384718815579, 25.182910169923225 ], [ -104.937565378856618, 25.182961029632558 ], [ -104.937749750273014, 25.18311661986035 ], [ -104.937844888957741, 25.183325919863989 ], [ -104.938037978763546, 25.183588259729373 ], [ -104.938178858809579, 25.183776479622214 ], [ -104.938324348893815, 25.183922229928598 ], [ -104.938525058541416, 25.183983050132252 ], [ -104.938753719678957, 25.183952149563563 ], [ -104.938992020389392, 25.183916630346541 ], [ -104.939279599802276, 25.183902399806769 ], [ -104.939630849160622, 25.18387134046851 ], [ -104.939909429980261, 25.183841850175021 ], [ -104.940288908539713, 25.183812680297759 ], [ -104.94051150935465, 25.183819749893615 ], [ -104.940658579588259, 25.183901319813639 ], [ -104.940856149268654, 25.183978620358285 ], [ -104.941027970263093, 25.184100549762579 ], [ -104.941201058548572, 25.1842336900737 ], [ -104.941413830284404, 25.184168849785006 ], [ -104.941675689738247, 25.18410712036988 ], [ -104.942022079507865, 25.184031660247559 ], [ -104.942420398775567, 25.184213600046576 ], [ -104.942637828974171, 25.184458750248979 ], [ -104.942779689363405, 25.184758199905474 ], [ -104.942909648535093, 25.184928180185491 ], [ -104.943323030357774, 25.184975889713805 ], [ -104.943593139410396, 25.184889049780381 ], [ -104.944040830479395, 25.184704890367541 ], [ -104.944383919762998, 25.184529380384372 ], [ -104.944683719128477, 25.18436100010533 ], [ -104.945109579987829, 25.184394380226934 ], [ -104.945449378560298, 25.184468080467031 ], [ -104.945730860118886, 25.184627109837795 ], [ -104.94594391977526, 25.184897910366175 ], [ -104.946082629991793, 25.18532772004648 ], [ -104.946231029814015, 25.185641350047323 ], [ -104.946231770348533, 25.185883819787215 ], [ -104.946055119310444, 25.186061570181987 ], [ -104.945831909074428, 25.186326279822939 ], [ -104.945673369711898, 25.186502939764537 ], [ -104.945527429034442, 25.186722579674299 ], [ -104.945429818889508, 25.186928050428889 ], [ -104.945362020178877, 25.187159519839817 ], [ -104.945349449771754, 25.187465219751832 ], [ -104.945377340408385, 25.187748919976503 ], [ -104.945532679579429, 25.187936230328663 ], [ -104.945819908562513, 25.188135200362876 ], [ -104.946034569741343, 25.188368579932504 ], [ -104.946039570262172, 25.188743949559889 ], [ -104.945998949342453, 25.1889960000894 ], [ -104.946053770025628, 25.189228630315856 ], [ -104.946176339126296, 25.189468200438419 ], [ -104.946279019919231, 25.18962205961504 ], [ -104.946477618677918, 25.189765150393782 ], [ -104.946918739890876, 25.189908909780645 ], [ -104.947065768984729, 25.190179149564912 ], [ -104.947139220258833, 25.190472339749149 ], [ -104.947114479827235, 25.190699349759701 ], [ -104.946959059784788, 25.190877430404818 ], [ -104.946678859506576, 25.190891419587331 ], [ -104.946335419552867, 25.190840179610625 ], [ -104.945898150417719, 25.190752289677327 ], [ -104.945734920341778, 25.190820679898312 ], [ -104.945652449871503, 25.190910599843178 ], [ -104.94561361896919, 25.191104430097116 ], [ -104.945777400103026, 25.191362020447396 ], [ -104.945976259593678, 25.191615779597463 ], [ -104.946049850471837, 25.191833109543101 ], [ -104.94620097041026, 25.19210102004747 ], [ -104.94657627921373, 25.192156479644268 ], [ -104.947097279119234, 25.192070220466547 ], [ -104.947284949571909, 25.191985180449144 ], [ -104.947547448571896, 25.191854889999131 ], [ -104.947862890262343, 25.191815619991623 ], [ -104.948182829822386, 25.191917550262087 ], [ -104.948472090164941, 25.192051850420341 ], [ -104.948748350402525, 25.192075249557536 ], [ -104.948962519524443, 25.191975979614913 ], [ -104.949065710448437, 25.191836489816087 ], [ -104.949244048960921, 25.191663819797295 ], [ -104.949464339189916, 25.191594830008199 ], [ -104.949573079768257, 25.191672060436986 ], [ -104.949652940012754, 25.19187597041218 ], [ -104.949763629683517, 25.192039619746541 ], [ -104.949760650161494, 25.192259480098919 ], [ -104.949849350394729, 25.192435579642613 ], [ -104.94993285025059, 25.192643339805276 ], [ -104.95005342853301, 25.192815970322144 ], [ -104.950197629655719, 25.192921800291437 ], [ -104.950366518518706, 25.192998050309694 ], [ -104.950594659458787, 25.19306342992396 ], [ -104.950736429413112, 25.193121749819888 ], [ -104.950902119086507, 25.193249279597019 ], [ -104.951018458593751, 25.193453229884625 ], [ -104.951149819329871, 25.1936982003757 ], [ -104.951359459046955, 25.193870399939229 ], [ -104.952003969940662, 25.193929689597816 ], [ -104.952483079106983, 25.193920720406052 ], [ -104.952626889838015, 25.19417288965343 ], [ -104.952733249769963, 25.194427820379421 ], [ -104.953065579496823, 25.194753219706033 ], [ -104.953702049443251, 25.195089399572179 ], [ -104.953897888657949, 25.19521846012433 ], [ -104.954045949411679, 25.195518509889549 ], [ -104.954126449595094, 25.195811939751486 ], [ -104.954138968786424, 25.196211430327232 ], [ -104.954087230261592, 25.19643828982743 ], [ -104.953982649691525, 25.196690779746604 ], [ -104.954021368647417, 25.196822170445582 ], [ -104.954148779439166, 25.19689990977222 ], [ -104.954381679229456, 25.197057539597729 ], [ -104.954577318961853, 25.197245150325465 ], [ -104.954506109449895, 25.19736370973018 ], [ -104.954281600444574, 25.197451399608983 ], [ -104.9542042495207, 25.197498379863308 ], [ -104.954270249466404, 25.197613349956235 ], [ -104.954477419724867, 25.197827199648103 ], [ -104.9547314795972, 25.198160019827021 ], [ -104.954964000307996, 25.198407090338826 ], [ -104.955328819721998, 25.19868228024502 ], [ -104.955545969179923, 25.198858769828608 ], [ -104.955727909903302, 25.199049780315224 ], [ -104.956728249195152, 25.198694970228953 ], [ -104.962840378630503, 25.220390200356945 ], [ -104.977470939208317, 25.206388580361995 ], [ -104.994882519782792, 25.218201550383988 ], [ -104.994245980191735, 25.190287650412369 ], [ -104.993106109793658, 25.189641479659915 ], [ -104.994138850029515, 25.188452249865122 ], [ -104.995554709329298, 25.188089980446996 ], [ -104.995813829736846, 25.188481550232208 ], [ -104.998952579358146, 25.189485859803675 ], [ -105.000830828790455, 25.189741149573848 ], [ -105.001174460073912, 25.189430090180856 ], [ -105.001431648900621, 25.189188449941561 ], [ -105.00166142981675, 25.188949860444936 ], [ -105.002048278542773, 25.188567889750598 ], [ -105.002268369222065, 25.188279419904145 ], [ -105.002548049662948, 25.187917319825338 ], [ -105.002941398903033, 25.187435999611221 ], [ -105.003314369605008, 25.18713345988559 ], [ -105.003738319967198, 25.186761660073483 ], [ -105.00409450970561, 25.186394920419076 ], [ -105.00458825946842, 25.185611770257783 ], [ -105.004960519892649, 25.185320740398595 ], [ -105.005038740163485, 25.184967619964922 ], [ -105.005142949703668, 25.184543890359102 ], [ -105.005176138972786, 25.183955630171841 ], [ -105.005372490250693, 25.183535800351681 ], [ -105.006057618873285, 25.182795579599869 ], [ -105.006806818562481, 25.182143649781242 ], [ -105.007554179592418, 25.181721340035832 ], [ -105.007942920133189, 25.18136863041757 ], [ -105.008450370302569, 25.180975889611506 ], [ -105.008823850440308, 25.180670659951474 ], [ -105.009269149143392, 25.18042495042819 ], [ -105.00953678002935, 25.179987080301679 ], [ -105.009822780003944, 25.17977061991283 ], [ -105.010357769754947, 25.179656979985864 ], [ -105.010832029207094, 25.179602479864101 ], [ -105.011491018771892, 25.179560049983095 ], [ -105.012396628946604, 25.17960830992735 ], [ -105.012852398793441, 25.179601579678163 ], [ -105.0131530585316, 25.179489200300555 ], [ -105.013386119809667, 25.179284229861143 ], [ -105.013706019002328, 25.179072320294395 ], [ -105.013982429760091, 25.17890388997764 ], [ -105.014361170041326, 25.17871742985124 ], [ -105.01461671000304, 25.178574719687926 ], [ -105.014995078519902, 25.178382780115875 ], [ -105.015212450358348, 25.178251979646994 ], [ -105.015418949197624, 25.17815305975537 ], [ -105.015623429124673, 25.177956780216508 ], [ -105.015801649387456, 25.177806850105206 ], [ -105.015976799793165, 25.177702059766272 ], [ -105.016229799673127, 25.177446770362561 ], [ -105.016642169094609, 25.177502689880317 ], [ -105.017046978817774, 25.17754266026229 ], [ -105.017419858896545, 25.177613109741753 ], [ -105.017836678843835, 25.177441629784997 ], [ -105.018162139734827, 25.177225429662499 ], [ -105.018197569526876, 25.176943180059684 ], [ -105.018594369782122, 25.176553020250466 ], [ -105.01887982004574, 25.176303539778363 ], [ -105.019059059544404, 25.176051579700189 ], [ -105.019312620485877, 25.175952519627469 ], [ -105.019530689911747, 25.175851920366075 ], [ -105.019670460359464, 25.175664139640709 ], [ -105.01981106005266, 25.175391719631811 ], [ -105.020234659380833, 25.175200340187914 ], [ -105.020419749303201, 25.175251770276258 ], [ -105.020682968580758, 25.175387739636211 ], [ -105.020915050108812, 25.17542631011969 ], [ -105.021090970175734, 25.175355720245005 ], [ -105.021246779504949, 25.175231119744975 ], [ -105.021488219587994, 25.174993630346659 ], [ -105.021875249676171, 25.174557369552101 ], [ -105.022108549471042, 25.174275079927366 ], [ -105.022336049552209, 25.174172740247347 ], [ -105.022526629050432, 25.174183539623044 ], [ -105.022621938732385, 25.174335170195295 ], [ -105.022705350108978, 25.17451928994485 ], [ -105.022836429902924, 25.174768400267638 ], [ -105.023038949362132, 25.174941659864729 ], [ -105.023253348857779, 25.174887480309842 ], [ -105.023414878825349, 25.174629620040236 ], [ -105.023491479444402, 25.174356690071637 ], [ -105.023527150294299, 25.174085890285902 ], [ -105.023574739788543, 25.17379343002446 ], [ -105.023670000111437, 25.173598449799737 ], [ -105.023784820010889, 25.173468799618298 ], [ -105.02400053897685, 25.173283660037164 ], [ -105.02412854895509, 25.173147219652641 ], [ -105.024397419675353, 25.172844140434933 ], [ -105.024699428991141, 25.172734229590258 ], [ -105.024982979174112, 25.172795030197886 ], [ -105.025120319631483, 25.172990339577915 ], [ -105.025111769229113, 25.173195490117017 ], [ -105.025193880219319, 25.173373079668519 ], [ -105.025344148628136, 25.173525450471271 ], [ -105.02567665036463, 25.173504139664963 ], [ -105.025803339493564, 25.173187149791982 ], [ -105.025729340176028, 25.172899019850188 ], [ -105.0255919689058, 25.172620480227206 ], [ -105.025475719659752, 25.172361169784001 ], [ -105.025359488968192, 25.172121049977417 ], [ -105.025494630312778, 25.17178377011961 ], [ -105.025664308964096, 25.171526149727065 ], [ -105.025890879916929, 25.171265489996774 ], [ -105.025893350121194, 25.171048349706705 ], [ -105.026086618635787, 25.170688350447094 ], [ -105.026397950374971, 25.170738820222514 ], [ -105.026785779487952, 25.170911279576078 ], [ -105.027152740449665, 25.170596569578777 ], [ -105.027398490347139, 25.170373050057638 ], [ -105.027709628548166, 25.170113369909064 ], [ -105.028119978585281, 25.169924740100328 ], [ -105.028503429165113, 25.169726249693351 ], [ -105.028888748783842, 25.16971549020295 ], [ -105.029203179174971, 25.169655999739046 ], [ -105.029503030284573, 25.169443080014943 ], [ -105.029743320179676, 25.169037520200845 ], [ -105.029962849428614, 25.168791030396914 ], [ -105.030287058851044, 25.168737170425363 ], [ -105.030512850242829, 25.168804379924477 ], [ -105.030788350199501, 25.168877109910145 ], [ -105.03097107969721, 25.168970080018795 ], [ -105.031191970142956, 25.169187489912314 ], [ -105.031466029844779, 25.169214479668018 ], [ -105.03172242988947, 25.169142519606346 ], [ -105.031980370128338, 25.16899251970267 ], [ -105.032164048644916, 25.16893968009601 ], [ -105.032478449734228, 25.168887220421048 ], [ -105.032937719887073, 25.168895779858403 ], [ -105.033068279185926, 25.168621739847573 ], [ -105.033194719835521, 25.168535290210414 ], [ -105.03331953989499, 25.168513709838866 ], [ -105.033684430136091, 25.168576649794979 ], [ -105.034132879053004, 25.168900170440146 ], [ -105.034504280390735, 25.168613629638475 ], [ -105.035563419970757, 25.167971770226217 ], [ -105.036359878600777, 25.167605049675689 ], [ -105.036894020498053, 25.166963770289474 ], [ -105.037814179202826, 25.166733849658041 ], [ -105.038480060228665, 25.166223689593856 ], [ -105.038983048986424, 25.165603940296897 ], [ -105.039321199957172, 25.165730049594124 ], [ -105.039767650297691, 25.165676969981458 ], [ -105.040181850023359, 25.16551258019695 ], [ -105.04044071972173, 25.165418680417204 ], [ -105.040621819791326, 25.165442430289851 ], [ -105.042389849655052, 25.176919080083838 ], [ -105.053711858732697, 25.178677030381568 ], [ -105.06006637987042, 25.184705339579825 ], [ -105.096618060278047, 25.172554629570904 ], [ -105.099887108758224, 25.169385089701748 ], [ -105.102473140041383, 25.166877599559232 ], [ -105.104806799365477, 25.164614709816686 ], [ -105.10587171860854, 25.163582049862136 ], [ -105.107818198570442, 25.163719749814099 ], [ -105.110726748802648, 25.163925480210555 ], [ -105.113179659817035, 25.164098939618793 ], [ -105.114222149220794, 25.164172650359738 ], [ -105.121591369746, 25.164693480417533 ], [ -105.132867020143834, 25.161142489732704 ], [ -105.133303249620795, 25.167738890039033 ], [ -105.133549600167925, 25.171463630016799 ], [ -105.1350291202872, 25.173443510237707 ], [ -105.138066569760738, 25.177507910091911 ], [ -105.147716110373324, 25.182359079955546 ], [ -105.134880289469166, 25.20132762023713 ], [ -105.131966318816239, 25.20050713965383 ], [ -105.134729768827086, 25.203568999783112 ], [ -105.134962430330745, 25.204063619781241 ], [ -105.136824718695365, 25.206254399907426 ], [ -105.136349430089879, 25.20821804973766 ], [ -105.1335977796561, 25.209168279986958 ], [ -105.124640219096122, 25.21036371980254 ], [ -105.133735820226136, 25.213173020302744 ], [ -105.145113889584934, 25.280602849559124 ], [ -105.159916119897076, 25.289792380260966 ], [ -105.188046490112669, 25.330011119713983 ], [ -105.194398510063706, 25.349108680450538 ], [ -105.195289520092203, 25.348632909562813 ], [ -105.19627341972226, 25.348394679575396 ], [ -105.197724219770677, 25.348296379988927 ], [ -105.199070649098005, 25.347986459855431 ], [ -105.20049397994282, 25.347440829859316 ], [ -105.202567168993028, 25.347481999851599 ], [ -105.204743258773235, 25.347310940234934 ], [ -105.206351479098544, 25.347777259893199 ], [ -105.207413400431136, 25.347632909613001 ], [ -105.208734708943979, 25.347558429569684 ], [ -105.210582969985524, 25.347756519810282 ], [ -105.212687850430271, 25.34810085977816 ], [ -105.214271829035411, 25.348935459631512 ], [ -105.215864849516905, 25.348714949713884 ], [ -105.216900688669512, 25.348523509610654 ], [ -105.218171518863841, 25.348825860323188 ], [ -105.219703418919096, 25.34966902981045 ], [ -105.220745349527704, 25.351172950388293 ], [ -105.222146450308529, 25.351663259650977 ], [ -105.224274419039304, 25.352504600014324 ], [ -105.225625619594922, 25.353513060098191 ], [ -105.226978709391446, 25.355039569625713 ], [ -105.228306000087045, 25.356589680221465 ], [ -105.22986888852364, 25.358774829845341 ], [ -105.230723398915771, 25.358583850139809 ], [ -105.231280848982749, 25.358271000199284 ], [ -105.232198029020523, 25.357896459703959 ], [ -105.233302819001324, 25.357611859962333 ], [ -105.234569970474041, 25.357875199752659 ], [ -105.236032060228013, 25.358191310073085 ], [ -105.237494248563593, 25.358542800026893 ], [ -105.239619349456362, 25.359034720214279 ], [ -105.241143678901238, 25.359211019640181 ], [ -105.243268979535443, 25.359275020117821 ], [ -105.244721660090164, 25.359647220273395 ], [ -105.246463079966233, 25.360983919943394 ], [ -105.247686568761736, 25.362416449886616 ], [ -105.248417690418961, 25.363850520196035 ], [ -105.249717829139456, 25.364976679800176 ], [ -105.250392018963595, 25.365068710146002 ], [ -105.251610519877147, 25.36518257005276 ], [ -105.253452220488768, 25.365600519722882 ], [ -105.254568910295603, 25.366185629964665 ], [ -105.255855340219767, 25.367769600308506 ], [ -105.255778878737061, 25.368206539845119 ], [ -105.255781649912052, 25.368561859892658 ], [ -105.255582179380269, 25.369071520283036 ], [ -105.255434519658067, 25.369531970036231 ], [ -105.255304820360621, 25.369648999557139 ], [ -105.255190458997987, 25.369849969577491 ], [ -105.254937280308468, 25.370218180184249 ], [ -105.254325540261988, 25.370409689546999 ], [ -105.254284710414169, 25.370625340097138 ], [ -105.255192149903436, 25.371653150183388 ], [ -105.255544350272828, 25.371798399980069 ], [ -105.255775379901365, 25.37278557972493 ], [ -105.255598349863916, 25.373234880386576 ], [ -105.255586778696411, 25.373246750380954 ], [ -105.256272659872963, 25.37399134974067 ], [ -105.257012379401502, 25.374725450401908 ], [ -105.257504829888376, 25.374630980303692 ], [ -105.257529580426564, 25.374541580401772 ], [ -105.257674198667559, 25.374598489919101 ], [ -105.258175520160705, 25.374502320122971 ], [ -105.258365888824414, 25.374436489698351 ], [ -105.258563629123017, 25.374354430076437 ], [ -105.258795048894015, 25.374244369635395 ], [ -105.258924140156182, 25.374165659699358 ], [ -105.259059419944109, 25.374077089778066 ], [ -105.259139659735311, 25.374013140307394 ], [ -105.25922485910786, 25.373945660142606 ], [ -105.259366739207593, 25.373849089931394 ], [ -105.259416229803961, 25.373759169690508 ], [ -105.259494710043555, 25.373619799735678 ], [ -105.259572149025246, 25.373439139960489 ], [ -105.259717419872601, 25.373020539814107 ], [ -105.259878920067294, 25.37292297039032 ], [ -105.2600535385603, 25.372867719680734 ], [ -105.260232970304344, 25.372810320391913 ], [ -105.260381460456102, 25.372783349809858 ], [ -105.26050284952548, 25.372725110198839 ], [ -105.260595649727222, 25.372575880420086 ], [ -105.26071193958208, 25.372314680301422 ], [ -105.260790320417627, 25.37220806044434 ], [ -105.260866349779349, 25.37209464987631 ], [ -105.260947088802993, 25.371972200213794 ], [ -105.261041600380679, 25.371786400063353 ], [ -105.261208518870987, 25.371583509686651 ], [ -105.26130529014263, 25.371590619755192 ], [ -105.261412089098229, 25.371590539937635 ], [ -105.261539999217476, 25.371657630432519 ], [ -105.261651630271345, 25.371761030195312 ], [ -105.261737370504875, 25.37181998035183 ], [ -105.261836980024157, 25.371830379833344 ], [ -105.261949848926847, 25.371823800475024 ], [ -105.262126349683143, 25.371733880316995 ], [ -105.262334219847432, 25.371602779703235 ], [ -105.262429648673702, 25.371569799659959 ], [ -105.26251673944742, 25.371576460275836 ], [ -105.262626199527119, 25.371608020009116 ], [ -105.262685029195993, 25.371601149758781 ], [ -105.262739769368338, 25.371554940121928 ], [ -105.262834259606279, 25.371335779626463 ], [ -105.262958220378678, 25.371097420302661 ], [ -105.262982348783368, 25.370985350140334 ], [ -105.263290679794224, 25.370823060170377 ], [ -105.263338750153508, 25.370715749797984 ], [ -105.263498849880548, 25.370560060361193 ], [ -105.26377993949518, 25.370401879743444 ], [ -105.263744459336323, 25.370700280213264 ], [ -105.264000178844341, 25.37093242042279 ], [ -105.264068048515441, 25.37099125980275 ], [ -105.264236979591558, 25.371140420182542 ], [ -105.26437559969655, 25.371277780117524 ], [ -105.264786549928871, 25.371606650180244 ], [ -105.264998489053355, 25.371756380132641 ], [ -105.265149049160129, 25.371884770213228 ], [ -105.265474859608091, 25.372131709889544 ], [ -105.265728779866691, 25.372423879593828 ], [ -105.266171599782624, 25.372797000322887 ], [ -105.266472369778427, 25.372996230158275 ], [ -105.266608019737419, 25.373118370331692 ], [ -105.266815248983519, 25.373252919707131 ], [ -105.267002309800247, 25.373378629651715 ], [ -105.267202579656441, 25.373462419788606 ], [ -105.267490719800549, 25.373544369751926 ], [ -105.267739910248778, 25.373599860262811 ], [ -105.267927880006638, 25.37367423010528 ], [ -105.268554748717349, 25.373964060340558 ], [ -105.268910510432576, 25.374274050015931 ], [ -105.269152118544909, 25.374445230158699 ], [ -105.269476048718786, 25.374601679572891 ], [ -105.269783878692778, 25.374689919727391 ], [ -105.270111570203625, 25.37484718009987 ], [ -105.271488568844333, 25.375699449771833 ], [ -105.272893109362712, 25.376482650392099 ], [ -105.273192019854832, 25.376670200126764 ], [ -105.27341434893394, 25.376795120213814 ], [ -105.273594479926658, 25.376893580017015 ], [ -105.27374153990489, 25.376968119902429 ], [ -105.274150488918892, 25.377162829922352 ], [ -105.274501579995999, 25.37732636966204 ], [ -105.27501261958011, 25.377475180049906 ], [ -105.27538205029019, 25.377511909955462 ], [ -105.275708060282881, 25.377508109994789 ], [ -105.27615518009371, 25.377478349696531 ], [ -105.276402219680335, 25.377485630019436 ], [ -105.276598089780805, 25.37751554975587 ], [ -105.276765519479355, 25.377586509793069 ], [ -105.276878549816132, 25.377655460255028 ], [ -105.276964370477998, 25.377683380257643 ], [ -105.277035689535992, 25.377667049627803 ], [ -105.277113519128889, 25.377626820243329 ], [ -105.27717044958122, 25.377521660452256 ], [ -105.277233059533359, 25.377303510360221 ], [ -105.277313278822021, 25.37711767990595 ], [ -105.277519079522349, 25.376986910233473 ], [ -105.277699828574001, 25.376932860340226 ], [ -105.27793285000044, 25.376961909841096 ], [ -105.278251050347166, 25.377079510143293 ], [ -105.278527219673919, 25.377175620340125 ], [ -105.278735549249902, 25.377212479933331 ], [ -105.278876599229676, 25.377213310274609 ], [ -105.279062680402816, 25.377190630153741 ], [ -105.279268830285929, 25.377141170446709 ], [ -105.279857059278442, 25.376946060201853 ], [ -105.280673218675886, 25.376592450366953 ], [ -105.281023079893828, 25.376398379784529 ], [ -105.281292910462057, 25.37623994968223 ], [ -105.281596219791254, 25.37604894981045 ], [ -105.281838820141544, 25.375880419898873 ], [ -105.282087339603933, 25.375718260021014 ], [ -105.282436799236947, 25.375478020203648 ], [ -105.282958918989806, 25.375204510188542 ], [ -105.283543140370995, 25.375052380175539 ], [ -105.284141279759154, 25.375161220248298 ], [ -105.284852309581652, 25.375184029675051 ], [ -105.285717879505427, 25.375182349798749 ], [ -105.286413949157421, 25.37491271039783 ], [ -105.286850370077687, 25.374341509589019 ], [ -105.287235119528972, 25.37401042008943 ], [ -105.287699229281372, 25.373875340035315 ], [ -105.288459368913806, 25.373931350025998 ], [ -105.289083658589078, 25.373875570445101 ], [ -105.289037488564077, 25.373704830415502 ], [ -105.289316139584344, 25.373650949951742 ], [ -105.289693778804576, 25.373634449836761 ], [ -105.290556980298661, 25.373578020351907 ], [ -105.291027250185138, 25.373683970341713 ], [ -105.291134400331771, 25.373669080254189 ], [ -105.29134437015847, 25.37414641974398 ], [ -105.292643489256875, 25.373459510066489 ], [ -105.292697030080788, 25.373452060202002 ], [ -105.293542780169858, 25.373569579939765 ], [ -105.296015978618584, 25.371738829832168 ], [ -105.296688458824221, 25.371071600161812 ], [ -105.306040579801362, 25.364977489785382 ], [ -105.309232569118109, 25.364805570069816 ], [ -105.314574030323399, 25.36247653989075 ], [ -105.316846250337264, 25.361016459617169 ], [ -105.319394880438097, 25.359406719625298 ], [ -105.326091199595226, 25.360168970281681 ], [ -105.327668678843708, 25.361689449844732 ], [ -105.329487539852622, 25.360949969724324 ], [ -105.333004450211703, 25.352183889558177 ], [ -105.332972999753608, 25.350527199986338 ], [ -105.327813430281068, 25.348752050439266 ], [ -105.326649370445708, 25.346418350179508 ], [ -105.32766974884025, 25.343580430352045 ], [ -105.330476229571246, 25.34316657016501 ], [ -105.328552628854268, 25.339910829701349 ], [ -105.32870588017056, 25.338862800194004 ], [ -105.328263918637049, 25.338206139608459 ], [ -105.332694229680214, 25.326658090072467 ], [ -105.333423448900987, 25.325170290001015 ], [ -105.334848399551717, 25.324896489615618 ], [ -105.340042109751451, 25.325608800059531 ], [ -105.340162490422898, 25.326681110158969 ], [ -105.341711180374844, 25.328047720290403 ], [ -105.341766354724925, 25.328031201051438 ], [ -105.342909791214964, 25.327688848359937 ], [ -105.343286089758323, 25.327576180106444 ], [ -105.343375620953339, 25.32756043591904 ], [ -105.343757250249041, 25.327493325223799 ], [ -105.343791443276757, 25.32748731186528 ], [ -105.344497538717903, 25.327363139762159 ], [ -105.345962924565498, 25.327274302357704 ], [ -105.346007000179995, 25.327271629832801 ], [ -105.346013561894026, 25.327270882674132 ], [ -105.346073301330065, 25.327264082927165 ], [ -105.346354168016518, 25.327232114523383 ], [ -105.348361149127385, 25.327003660098505 ], [ -105.351445450087411, 25.327429599944598 ], [ -105.352192339458114, 25.327710150194129 ], [ -105.352945400061287, 25.328220230216857 ], [ -105.353180710001226, 25.328761080209624 ], [ -105.353436490341423, 25.329140489858357 ], [ -105.353963219656904, 25.329343970302336 ], [ -105.354451119502073, 25.32917218023896 ], [ -105.35484110998388, 25.329043909829167 ], [ -105.355967579721948, 25.329302649829003 ], [ -105.356161310396857, 25.329274879579717 ], [ -105.356340450184234, 25.329235169635783 ], [ -105.356708450310464, 25.329132980063754 ], [ -105.357013689755078, 25.32925869043742 ], [ -105.35706114901474, 25.329340139999402 ], [ -105.357087349622418, 25.329606520038446 ], [ -105.357223309201231, 25.330219369662792 ], [ -105.357360050011749, 25.330504720020063 ], [ -105.357636518670716, 25.330579970286003 ], [ -105.35951969030728, 25.330539880026649 ], [ -105.360014340050512, 25.330658369865954 ], [ -105.360130149093038, 25.330859649824745 ], [ -105.360137779276741, 25.331155579660994 ], [ -105.359905228835899, 25.331564049650485 ], [ -105.359752920348598, 25.331766029910295 ], [ -105.359683449404059, 25.331902090360256 ], [ -105.35992577859794, 25.332004489780381 ], [ -105.360114349562195, 25.332037219895707 ], [ -105.360469248546352, 25.332059949840424 ], [ -105.361463779626277, 25.332038770140255 ], [ -105.36166468911955, 25.332111969701376 ], [ -105.361759079696213, 25.332244260249219 ], [ -105.361763079297845, 25.332399149577011 ], [ -105.361601979079524, 25.332547219624782 ], [ -105.361521398891171, 25.332729720038444 ], [ -105.36152474045835, 25.332858799699306 ], [ -105.361680848580846, 25.332958770089853 ], [ -105.362165369916482, 25.333005280452777 ], [ -105.362497378747491, 25.333126949609955 ], [ -105.363175429787361, 25.333351689563973 ], [ -105.363770280432078, 25.333608720149197 ], [ -105.364065628766639, 25.33376527997083 ], [ -105.364266259093455, 25.334186049845172 ], [ -105.364371109205891, 25.33439939972779 ], [ -105.364848520340658, 25.334720120403933 ], [ -105.365112349756714, 25.335105549570901 ], [ -105.365605600300867, 25.335885939966257 ], [ -105.365963259836519, 25.336394950366831 ], [ -105.366143400093378, 25.336621230211371 ], [ -105.366512489203046, 25.336760919648292 ], [ -105.366644580406344, 25.336844170246803 ], [ -105.366647120502591, 25.336942490147379 ], [ -105.366595308844111, 25.337088740201153 ], [ -105.366348020196483, 25.337269340196759 ], [ -105.365601029499501, 25.337654859962981 ], [ -105.365537349602221, 25.337699849792322 ], [ -105.365395820326114, 25.337798880397955 ], [ -105.365257649191264, 25.337941690387783 ], [ -105.365209950497672, 25.338154520409915 ], [ -105.365361750030061, 25.338414909616503 ], [ -105.365745118926782, 25.338649249959751 ], [ -105.36588365927355, 25.338910219992769 ], [ -105.365927380252018, 25.339127060141678 ], [ -105.365743860247889, 25.339403199637882 ], [ -105.365641350204882, 25.339652860018774 ], [ -105.365656599603369, 25.339820820111957 ], [ -105.365787049429912, 25.340020969651714 ], [ -105.365873829006276, 25.340217090450132 ], [ -105.365927689466261, 25.340404030280297 ], [ -105.365966089626184, 25.340529520160047 ], [ -105.366042109363775, 25.340705429858126 ], [ -105.366145488863523, 25.340833119774722 ], [ -105.36625431859278, 25.341058290375944 ], [ -105.366384219457416, 25.341279200017986 ], [ -105.366536449893474, 25.341520320421022 ], [ -105.366658150181522, 25.341769090351111 ], [ -105.366742889578532, 25.342074490031866 ], [ -105.366753519452544, 25.342486220383218 ], [ -105.366805549470982, 25.342715509784739 ], [ -105.366883340467993, 25.34304899985791 ], [ -105.366968548745973, 25.343326309765079 ], [ -105.367001379959419, 25.343490150033798 ], [ -105.367006459581759, 25.343871079591533 ], [ -105.367020908852339, 25.344061279775353 ], [ -105.367012768949195, 25.344299599716578 ], [ -105.366974580374119, 25.344482280411238 ], [ -105.366943080103823, 25.344738420230055 ], [ -105.366950879283579, 25.34504331023761 ], [ -105.36692979966486, 25.345333859705335 ], [ -105.366896199247236, 25.345693970398269 ], [ -105.366840599496129, 25.345935250086562 ], [ -105.366747690155961, 25.346028150255169 ], [ -105.366682909262437, 25.346103139635719 ], [ -105.366685028871473, 25.346185369652801 ], [ -105.366699028706947, 25.346358260388897 ], [ -105.366683658529411, 25.34650147965305 ], [ -105.366606720469278, 25.346658999930742 ], [ -105.366533340049912, 25.346954999723827 ], [ -105.366454619804045, 25.347222749968861 ], [ -105.366400820248344, 25.347345910261961 ], [ -105.366402708965481, 25.347419479863206 ], [ -105.366448940126389, 25.34754838010355 ], [ -105.366533088850971, 25.347854020037936 ], [ -105.366542549774891, 25.348035679951252 ], [ -105.366540249536229, 25.348130979823029 ], [ -105.366619598527009, 25.348250519946173 ], [ -105.366970259402734, 25.348541819909567 ], [ -105.367201420144752, 25.348818320351441 ], [ -105.367329849185595, 25.348993120225714 ], [ -105.367427278572151, 25.349259490082105 ], [ -105.367490030265174, 25.349474650036402 ], [ -105.367507680150297, 25.349604169723651 ], [ -105.36746394969839, 25.349756650145427 ], [ -105.367471179375599, 25.349858449914308 ], [ -105.367531919130968, 25.349995709848759 ], [ -105.367597860113506, 25.350150170211577 ], [ -105.367685889142578, 25.350421079768189 ], [ -105.367845859471132, 25.350893949870816 ], [ -105.367888998875458, 25.351087889842816 ], [ -105.367964139297371, 25.351229169810299 ], [ -105.368165369843609, 25.351454350242403 ], [ -105.368380340436687, 25.351657619817921 ], [ -105.368729858616902, 25.351793429999248 ], [ -105.369068449960352, 25.352645679972383 ], [ -105.369133769651427, 25.352960370361458 ], [ -105.369244250354754, 25.353279650060479 ], [ -105.369239379821195, 25.353522650290529 ], [ -105.369381860130986, 25.354056509989842 ], [ -105.369441318513523, 25.354676650072072 ], [ -105.369508338724216, 25.355056249728833 ], [ -105.369568458624897, 25.355353720030763 ], [ -105.369610979927472, 25.355707879567174 ], [ -105.369619000419391, 25.355752250427845 ], [ -105.369716509020009, 25.356786230238772 ], [ -105.369508570389286, 25.35692460039159 ], [ -105.368979339089478, 25.35734949036144 ], [ -105.368522550432218, 25.357486519767026 ], [ -105.368085139407071, 25.357598889989152 ], [ -105.367892550376013, 25.357633309792611 ], [ -105.367663028597207, 25.357529110009772 ], [ -105.36752299964121, 25.357532089936164 ], [ -105.367498999913067, 25.357635649941496 ], [ -105.367562310174918, 25.35781882018038 ], [ -105.367772618878192, 25.358001090328543 ], [ -105.368129860042202, 25.358270169588515 ], [ -105.368463539073048, 25.358512090153301 ], [ -105.368658998922697, 25.358708520029676 ], [ -105.368711799022719, 25.358984089756529 ], [ -105.368631199819404, 25.359400879780928 ], [ -105.368228419942596, 25.359658350179213 ], [ -105.367686739269018, 25.359913419662409 ], [ -105.367445769781597, 25.360018170089258 ], [ -105.36745034003485, 25.360195149685744 ], [ -105.367626258995358, 25.360401709979204 ], [ -105.367852880230373, 25.360684630359589 ], [ -105.368313150380743, 25.361051120433988 ], [ -105.368516290243221, 25.361367769771761 ], [ -105.368573289552131, 25.36168752002806 ], [ -105.368680429980216, 25.362061550422776 ], [ -105.368802228685098, 25.362466679860379 ], [ -105.368639419837137, 25.36284467996748 ], [ -105.36835091959243, 25.363181799711047 ], [ -105.368372779628487, 25.363285849802558 ], [ -105.369016569932, 25.363605149884034 ], [ -105.369274849787871, 25.363810310079927 ], [ -105.369420909893506, 25.364066340440839 ], [ -105.369433649018461, 25.364501220176471 ], [ -105.369844110210465, 25.364804850123193 ], [ -105.369816289390116, 25.365026400151947 ], [ -105.369348399332551, 25.365097349972764 ], [ -105.368994829184828, 25.365371579857751 ], [ -105.368715258950203, 25.366005030200839 ], [ -105.368618030074458, 25.366397220225597 ], [ -105.368252878799908, 25.366433659721995 ], [ -105.367899449895205, 25.366625220372473 ], [ -105.367516150324292, 25.366666420189482 ], [ -105.36719007979724, 25.366711120427762 ], [ -105.366828570322156, 25.366992489849 ], [ -105.366432509078408, 25.367350950148712 ], [ -105.366569619607546, 25.367803139734537 ], [ -105.366861458619979, 25.368264520225722 ], [ -105.367134109549966, 25.368524430310526 ], [ -105.367516948768923, 25.368940979659016 ], [ -105.367849629477973, 25.369465339569839 ], [ -105.367989710430095, 25.369740150337655 ], [ -105.368067708826871, 25.370185379862519 ], [ -105.368440260225356, 25.370708890078038 ], [ -105.36889475005556, 25.371315180079076 ], [ -105.36920085983428, 25.371840110029236 ], [ -105.369347508823466, 25.37236842981898 ], [ -105.369991179965538, 25.373091460223016 ], [ -105.371196490018988, 25.373935369702576 ], [ -105.372296119650514, 25.37480569013265 ], [ -105.372513140234418, 25.374970150423067 ], [ -105.372818028603945, 25.375446770356056 ], [ -105.373164380085456, 25.375857420319495 ], [ -105.373683489812834, 25.37638984998436 ], [ -105.374163350228685, 25.376947280091077 ], [ -105.374493259573399, 25.377362969816392 ], [ -105.37473794032482, 25.377702120361192 ], [ -105.374800948935231, 25.378446860199791 ], [ -105.374782818895511, 25.37877337001289 ], [ -105.3748029796174, 25.379038660386822 ], [ -105.374960140448664, 25.379458050279094 ], [ -105.375222348977999, 25.379826860082254 ], [ -105.375537740198155, 25.380194550210732 ], [ -105.37525534001891, 25.380821910115674 ], [ -105.37556617959234, 25.381693599608436 ], [ -105.375722379493325, 25.382202349949313 ], [ -105.376441198633358, 25.382923029619917 ], [ -105.376789769050262, 25.382837090142562 ], [ -105.377129548828563, 25.383119690285053 ], [ -105.377168519167739, 25.383161349761782 ], [ -105.377993230402595, 25.383105569682698 ], [ -105.378059250466862, 25.383139379716557 ], [ -105.3779638203725, 25.383415910347029 ], [ -105.378564689887526, 25.383382850108131 ], [ -105.379009549546907, 25.383209310134028 ], [ -105.379006379967819, 25.383086889981271 ], [ -105.379452519091018, 25.382669180052361 ], [ -105.380125000477221, 25.382839400043341 ], [ -105.380375950098255, 25.382724820042558 ], [ -105.380895600053705, 25.382610489970919 ], [ -105.381236288804573, 25.382429849917983 ], [ -105.381686259268776, 25.382432579627569 ], [ -105.381996908708189, 25.382611710125296 ], [ -105.382193979982233, 25.38285100008515 ], [ -105.382396028873345, 25.382901110286184 ], [ -105.382908948649415, 25.38287772013841 ], [ -105.383362940159486, 25.38285975019922 ], [ -105.383606339532847, 25.382957719862404 ], [ -105.383809779774737, 25.383267050387111 ], [ -105.383932369137909, 25.383437780250986 ], [ -105.383871179048839, 25.383549399628958 ], [ -105.383614119160669, 25.383565290303125 ], [ -105.383325029767548, 25.383670230204402 ], [ -105.382760260079181, 25.384176029759889 ], [ -105.382415018879698, 25.384542020002868 ], [ -105.382383680372143, 25.384657019843704 ], [ -105.382483998997401, 25.384774379930779 ], [ -105.382921049594444, 25.384858570209303 ], [ -105.383466149873144, 25.385137909636416 ], [ -105.384182580347385, 25.385844890125419 ], [ -105.38417803009574, 25.386110030358001 ], [ -105.384118629529411, 25.38624643039827 ], [ -105.383805859176306, 25.386320690131065 ], [ -105.382753199335156, 25.386590800349502 ], [ -105.382291000035764, 25.386860540220923 ], [ -105.381600998746322, 25.387171539633123 ], [ -105.381205138600009, 25.387351510247058 ], [ -105.381184550061306, 25.387440309571186 ], [ -105.381260509882864, 25.387501030229718 ], [ -105.381575979434274, 25.38753066039823 ], [ -105.382017769077578, 25.38779661978349 ], [ -105.382576400003487, 25.387935349741291 ], [ -105.382951019550376, 25.388061770218208 ], [ -105.383455088849232, 25.388280309736388 ], [ -105.384069778954554, 25.388594520396538 ], [ -105.384322858784685, 25.388864519664207 ], [ -105.384449820011383, 25.389061950353796 ], [ -105.384638078817403, 25.389260600168289 ], [ -105.384926679025313, 25.389576620226929 ], [ -105.385222249879533, 25.389910149717348 ], [ -105.385936448877203, 25.390710709934392 ], [ -105.386798229429175, 25.39128464970376 ], [ -105.387134289537585, 25.391584309882436 ], [ -105.3874210199712, 25.391752939844853 ], [ -105.387742089874095, 25.391822019716805 ], [ -105.38816625041494, 25.39196293973799 ], [ -105.388495819915363, 25.392124080308655 ], [ -105.388943379016041, 25.392587280076697 ], [ -105.388948119826438, 25.392769029646409 ], [ -105.388772969492777, 25.392857079795785 ], [ -105.38815979997527, 25.392993890387014 ], [ -105.387241049127468, 25.393391860022582 ], [ -105.386784258852614, 25.39352565986211 ], [ -105.386538769027553, 25.39353092013129 ], [ -105.386345279844107, 25.393415860338191 ], [ -105.386146399277393, 25.393200689680249 ], [ -105.385898448829238, 25.393189550088628 ], [ -105.385541079739852, 25.393383740127305 ], [ -105.384959819264054, 25.394053029730269 ], [ -105.384431289980824, 25.394541829800076 ], [ -105.384022399234738, 25.394873600283514 ], [ -105.383633619741772, 25.395186780023344 ], [ -105.383487858575577, 25.395350030377696 ], [ -105.40510070956266, 25.413786170113003 ], [ -105.417825449338451, 25.406482400306153 ], [ -105.437865169741315, 25.391005909607394 ], [ -105.490585370462668, 25.443544939855727 ], [ -105.47640349009491, 25.526224450333448 ], [ -105.478530058841244, 25.528856860453324 ], [ -105.478737108977114, 25.529945279820563 ], [ -105.480040999905768, 25.531857229914038 ], [ -105.480308048515283, 25.533677540015844 ], [ -105.480647909682801, 25.533590119845488 ], [ -105.481141849637069, 25.533576519793435 ], [ -105.481660570448582, 25.533610569814215 ], [ -105.482274218883518, 25.533690999946522 ], [ -105.483210218774275, 25.534011369643618 ], [ -105.483755708918508, 25.534072340054294 ], [ -105.484265908568602, 25.53396081992619 ], [ -105.484820139928686, 25.534045280341761 ], [ -105.48540859981162, 25.534027650186296 ], [ -105.48568769039592, 25.534042400438747 ], [ -105.48611892039618, 25.53418219993009 ], [ -105.486604350183882, 25.534377769654999 ], [ -105.487048179836137, 25.534344910245544 ], [ -105.487506619937548, 25.534280619578855 ], [ -105.487809108687586, 25.534177620086201 ], [ -105.488146999271265, 25.534262779926074 ], [ -105.488403079530983, 25.534357999874363 ], [ -105.488558049122901, 25.534559290277389 ], [ -105.488606848772207, 25.534903059791439 ], [ -105.488880520210557, 25.535342819812218 ], [ -105.489190678902034, 25.535610459737835 ], [ -105.489629679164693, 25.535694980229675 ], [ -105.490044799067832, 25.535736600169709 ], [ -105.49057204860361, 25.53603585986632 ], [ -105.491307969107183, 25.536248349648432 ], [ -105.492149689710459, 25.536234780365426 ], [ -105.492896140318578, 25.536114049925672 ], [ -105.493274430346361, 25.535844080122924 ], [ -105.493702879898279, 25.535616919932369 ], [ -105.494149909559255, 25.535389719748924 ], [ -105.494469748793136, 25.535324149589517 ], [ -105.494690460362534, 25.53535564965712 ], [ -105.494949060456364, 25.535429999618032 ], [ -105.495283540230744, 25.53550411011943 ], [ -105.495696199145968, 25.535814399965975 ], [ -105.496304219289797, 25.536168739757095 ], [ -105.497016059731919, 25.53628455044484 ], [ -105.49764420037701, 25.536228690330336 ], [ -105.498456599830803, 25.536235000297165 ], [ -105.498868029396732, 25.536408250159731 ], [ -105.499352768669482, 25.53677154004896 ], [ -105.499889749445344, 25.537211980451758 ], [ -105.500260799979003, 25.537629889567562 ], [ -105.500635979362414, 25.537854310063231 ], [ -105.501130708673728, 25.537852620149845 ], [ -105.501511459608011, 25.537765320202276 ], [ -105.501808400059389, 25.53773207977812 ], [ -105.502076379731776, 25.53765591044705 ], [ -105.502372279392276, 25.537601149697117 ], [ -105.502641399367491, 25.537557250357679 ], [ -105.502964859296895, 25.53754537972253 ], [ -105.503178719711684, 25.537652140333361 ], [ -105.503326920278212, 25.537864740414435 ], [ -105.503386110333679, 25.538227629787553 ], [ -105.503549318988732, 25.538689979845447 ], [ -105.503848110196344, 25.538865120179235 ], [ -105.504208799519645, 25.539245319656395 ], [ -105.504824800377605, 25.539708449599068 ], [ -105.505314089189454, 25.540104829963887 ], [ -105.505811659284277, 25.540555399785738 ], [ -105.506680520463959, 25.541096420337585 ], [ -105.507278890294415, 25.541386259650128 ], [ -105.508118678520106, 25.541529310009349 ], [ -105.508858109522464, 25.541471050139688 ], [ -105.509577149117902, 25.541418090271915 ], [ -105.510156200080274, 25.541549719565065 ], [ -105.510533619911683, 25.541814430207761 ], [ -105.511026740181634, 25.541895910289124 ], [ -105.511600919731407, 25.542080689787678 ], [ -105.512310249974576, 25.542435549827964 ], [ -105.512759109267279, 25.542645140374827 ], [ -105.513190709114781, 25.543009110306997 ], [ -105.513433690357758, 25.543260019811626 ], [ -105.513551680391032, 25.543616950094947 ], [ -105.513711339446573, 25.544148199981944 ], [ -105.513995579123232, 25.544462260012025 ], [ -105.514552999068883, 25.544624579772979 ], [ -105.515091909545333, 25.544614570167766 ], [ -105.515636849385984, 25.544555799840765 ], [ -105.516153680306815, 25.544579399544197 ], [ -105.516539768740301, 25.544728519979174 ], [ -105.516956690456283, 25.545013380418421 ], [ -105.517236089715766, 25.545396780221058 ], [ -105.517264858638654, 25.545835229967143 ], [ -105.517096680234403, 25.54631582040777 ], [ -105.516874199863636, 25.546673109871648 ], [ -105.516513149845409, 25.546896419880142 ], [ -105.516428969935021, 25.547154020076697 ], [ -105.516291118622206, 25.547481249835727 ], [ -105.516102479573476, 25.547760320319245 ], [ -105.51596635034069, 25.548016879895705 ], [ -105.515460370420172, 25.548525310394144 ], [ -105.515063968940765, 25.548800250465248 ], [ -105.514511749520409, 25.549072060408456 ], [ -105.514144179148474, 25.549229709629692 ], [ -105.51356542924762, 25.549524569955206 ], [ -105.512833710186129, 25.549698519745487 ], [ -105.511886799113398, 25.550174570237274 ], [ -105.510684198971063, 25.550480519697818 ], [ -105.509846308858684, 25.550746620349386 ], [ -105.509346578884191, 25.550995889783557 ], [ -105.508812859759061, 25.551574459757262 ], [ -105.508396198817422, 25.551613280383986 ], [ -105.507923019431445, 25.551839509896737 ], [ -105.507240920033411, 25.55210870967408 ], [ -105.506532859607319, 25.552377369900842 ], [ -105.505978319949037, 25.55274338021848 ], [ -105.505475709540761, 25.553110449814085 ], [ -105.504953449451818, 25.553217849734356 ], [ -105.504331308649029, 25.553158249621099 ], [ -105.503728849623485, 25.553358309857579 ], [ -105.503023629494265, 25.553509169854092 ], [ -105.502006199822318, 25.553677340147843 ], [ -105.501563569517884, 25.553715600009468 ], [ -105.501223659277713, 25.553803080399327 ], [ -105.500858349208173, 25.553866460193518 ], [ -105.500593279663292, 25.553990740139703 ], [ -105.500508338780051, 25.554202180225587 ], [ -105.500735249642318, 25.554544420036695 ], [ -105.500806119116575, 25.555042629895723 ], [ -105.500901779321538, 25.555281520351059 ], [ -105.501090278697447, 25.555556089781465 ], [ -105.501299770467568, 25.555810980182422 ], [ -105.501560770351134, 25.556058419680337 ], [ -105.501996979264703, 25.556268079989614 ], [ -105.502431879374967, 25.556467119576347 ], [ -105.502793169933909, 25.556568649751561 ], [ -105.503133148619696, 25.556742079752457 ], [ -105.503275120194104, 25.557049710175125 ], [ -105.503307430324568, 25.557363850177921 ], [ -105.503385448723748, 25.557834489900561 ], [ -105.503754710397857, 25.55816662961626 ], [ -105.504331818553354, 25.558353599950451 ], [ -105.504896628825634, 25.558529460133208 ], [ -105.505510479854323, 25.558705169888295 ], [ -105.505842689661421, 25.558970740262946 ], [ -105.506211740360399, 25.559247309932573 ], [ -105.506299228943988, 25.559647109802917 ], [ -105.506313369477553, 25.56009162038448 ], [ -105.506230649507742, 25.560575460020495 ], [ -105.506134549170085, 25.561020340333297 ], [ -105.506026229784339, 25.561543080356291 ], [ -105.505966488721498, 25.561918490360043 ], [ -105.506090948744955, 25.562354150411664 ], [ -105.506313139531031, 25.562698919826051 ], [ -105.506719420375333, 25.563077749674331 ], [ -105.507102219216435, 25.563443179967599 ], [ -105.507545650092865, 25.563908429876058 ], [ -105.507942089578847, 25.564598180123919 ], [ -105.508434859745094, 25.565129939621528 ], [ -105.509122449812779, 25.565327600300186 ], [ -105.509394569891171, 25.565830999744119 ], [ -105.509335419720614, 25.566342430452856 ], [ -105.509054779309892, 25.566676820234306 ], [ -105.509020249613442, 25.56721041991635 ], [ -105.509267709281659, 25.567731889600218 ], [ -105.509564088658038, 25.568219880119742 ], [ -105.509701920249256, 25.568657049849495 ], [ -105.509581118814026, 25.569111369890734 ], [ -105.509325720420577, 25.569591919666529 ], [ -105.509431950409379, 25.569924250095493 ], [ -105.509709648854212, 25.57025978022449 ], [ -105.510177200044041, 25.570658490106048 ], [ -105.510608350326549, 25.571112659831364 ], [ -105.511201800106761, 25.571725140237092 ], [ -105.511826860436443, 25.572153090431723 ], [ -105.512394820000239, 25.572532280262383 ], [ -105.512607079134881, 25.572866779952836 ], [ -105.512607139869218, 25.573255750126599 ], [ -105.512842579307943, 25.573454979833087 ], [ -105.513210718557247, 25.573509259978032 ], [ -105.51356631887711, 25.573496909766785 ], [ -105.5140197087198, 25.573406400132331 ], [ -105.514571220398196, 25.573315549789388 ], [ -105.515025198669832, 25.573369519799744 ], [ -105.51533339859094, 25.573379569803897 ], [ -105.51556012002905, 25.573467660224345 ], [ -105.515823750384101, 25.5737001201793 ], [ -105.515910939986227, 25.57401142984159 ], [ -105.515947179995621, 25.574509049867139 ], [ -105.515961150125662, 25.575004289643843 ], [ -105.515983140290956, 25.575169709911329 ], [ -105.516065078635009, 25.575582830058039 ], [ -105.516268599152795, 25.575981019791712 ], [ -105.51652485857683, 25.576406149654289 ], [ -105.516771490341341, 25.576649139656322 ], [ -105.516882819727115, 25.576871019583098 ], [ -105.517006279908131, 25.577059510339708 ], [ -105.517203908820235, 25.577338910041476 ], [ -105.517641509714011, 25.577692799711716 ], [ -105.518131849614164, 25.577908249844249 ], [ -105.518700889606563, 25.57813654037421 ], [ -105.519134570373481, 25.578153399962225 ], [ -105.519551709579886, 25.578274179662767 ], [ -105.519984568778526, 25.578416490252621 ], [ -105.5204379700034, 25.578480169820985 ], [ -105.520881079471152, 25.578637970053844 ], [ -105.521267919987707, 25.57864772004962 ], [ -105.521699490325275, 25.578488740012368 ], [ -105.521986969009248, 25.578331029716576 ], [ -105.522231118656947, 25.578147350182405 ], [ -105.522490019758749, 25.578041969551165 ], [ -105.522864658862304, 25.577886279737427 ], [ -105.52330664930669, 25.577995830255794 ], [ -105.523693798981924, 25.578272290464792 ], [ -105.524160828726579, 25.578315080216093 ], [ -105.524579309934992, 25.578060600207589 ], [ -105.525117120011288, 25.578004030264267 ], [ -105.525654739554085, 25.578214220378531 ], [ -105.5263232595495, 25.578510339986146 ], [ -105.526831380102294, 25.578991830395314 ], [ -105.527263849941917, 25.579377540071771 ], [ -105.527670920396133, 25.579739169537167 ], [ -105.528155350466221, 25.580125890363298 ], [ -105.528459088664832, 25.580461909670543 ], [ -105.528713739448918, 25.580679090030458 ], [ -105.529118540188378, 25.581134950222381 ], [ -105.529472519683608, 25.581542659716661 ], [ -105.529880180025458, 25.581880720410727 ], [ -105.530264710202303, 25.582100489582107 ], [ -105.530831628865045, 25.582300290366057 ], [ -105.54141995047722, 25.580765819950148 ], [ -105.563022149594701, 25.608067939644677 ], [ -105.567362349819874, 25.630469339940067 ], [ -105.571854230076127, 25.658067179654193 ], [ -105.572619489237653, 25.665247320462083 ], [ -105.543519999979551, 25.667227850231615 ], [ -105.550172818648306, 25.688476849802655 ], [ -105.558180179275567, 25.71404141980781 ], [ -105.560732169982771, 25.730864200044323 ], [ -105.56029458048468, 25.730668779820423 ], [ -105.559951088527427, 25.730827219785521 ], [ -105.560045740081137, 25.731229019877539 ], [ -105.560048678854685, 25.731857230366895 ], [ -105.560001370432715, 25.732683490377291 ], [ -105.559841600146584, 25.733178460072896 ], [ -105.559616538931181, 25.733722630014853 ], [ -105.559239449912937, 25.734313860162924 ], [ -105.5590129695847, 25.734695619965645 ], [ -105.558926059959006, 25.735427509736322 ], [ -105.558842259574973, 25.73617640026319 ], [ -105.558588369404092, 25.736913540288359 ], [ -105.558259659936382, 25.737369480297886 ], [ -105.557682019427162, 25.737005719561864 ], [ -105.556932948943142, 25.736758110279386 ], [ -105.556586118913941, 25.736512580424193 ], [ -105.556077168829006, 25.736429800416786 ], [ -105.555802818922601, 25.736302750226077 ], [ -105.554847719189922, 25.73614315004917 ], [ -105.55458309032592, 25.736287509916032 ], [ -105.554185659704402, 25.736742140238356 ], [ -105.553701999553681, 25.737393800363208 ], [ -105.553315660215731, 25.737987339801847 ], [ -105.552874119664537, 25.738853250285644 ], [ -105.552639289271568, 25.739270459843837 ], [ -105.552287120171243, 25.739959340225095 ], [ -105.552057350283377, 25.740675349688352 ], [ -105.551827629838527, 25.741084509962974 ], [ -105.551264049510124, 25.741730459968004 ], [ -105.550701259044999, 25.742123180034326 ], [ -105.550199140264283, 25.742468320332009 ], [ -105.549623720206853, 25.742609750024648 ], [ -105.549096650302516, 25.742544769576593 ], [ -105.548178318895822, 25.74247897987555 ], [ -105.547565089544165, 25.742611339884505 ], [ -105.546818510417552, 25.742813749687432 ], [ -105.546233349933715, 25.743130740242758 ], [ -105.545364660211092, 25.743106150097347 ], [ -105.544849578775043, 25.743124679941126 ], [ -105.544184650061013, 25.743386580091787 ], [ -105.54378068966912, 25.743341119884132 ], [ -105.543080658874473, 25.743701550304419 ], [ -105.54263533971934, 25.744141599711931 ], [ -105.542362120102851, 25.744434029675649 ], [ -105.542107480032584, 25.744612650221825 ], [ -105.541754400202606, 25.744626719852921 ], [ -105.541376288572451, 25.744527979913887 ], [ -105.541164259542299, 25.744512340050253 ], [ -105.540962629113494, 25.744553820294232 ], [ -105.540631339364396, 25.744670060038686 ], [ -105.540295029111448, 25.74485283001647 ], [ -105.539823648836133, 25.745338910211625 ], [ -105.539736780370276, 25.74540961978062 ], [ -105.539663888657685, 25.74555007972911 ], [ -105.539501198887237, 25.745562379780672 ], [ -105.539316509724557, 25.745471080017943 ], [ -105.538794458700963, 25.745278830320633 ], [ -105.538447739901102, 25.74508702962725 ], [ -105.538226620295987, 25.744714520193973 ], [ -105.538065228640662, 25.744423120213007 ], [ -105.537839029064983, 25.74421608994416 ], [ -105.537623489166677, 25.743977650305212 ], [ -105.537344339529412, 25.743754119953408 ], [ -105.53705668973879, 25.743504230370021 ], [ -105.536729399918514, 25.743258569721402 ], [ -105.536372578754694, 25.743133429632984 ], [ -105.536168248924483, 25.742927089570248 ], [ -105.535860600277232, 25.742661849864152 ], [ -105.53553125946577, 25.742448090110962 ], [ -105.535233379647039, 25.742329739869259 ], [ -105.534727709290152, 25.742305420421093 ], [ -105.534286949352676, 25.742248739859278 ], [ -105.533978318909789, 25.742436089836833 ], [ -105.53379382872464, 25.742635940385156 ], [ -105.533612079293547, 25.742956970058309 ], [ -105.533578679798694, 25.743262709722153 ], [ -105.533625580203079, 25.743475750111262 ], [ -105.533621620071116, 25.743640659555329 ], [ -105.53356447939953, 25.743851650088097 ], [ -105.533527088985551, 25.744322289568473 ], [ -105.533413949595186, 25.744697149712184 ], [ -105.533379420437896, 25.74505002002336 ], [ -105.533191080094355, 25.745305539960246 ], [ -105.532761818835823, 25.745839139629719 ], [ -105.532496580493202, 25.746046019726911 ], [ -105.532125599836633, 25.74632150993865 ], [ -105.531494488861725, 25.746591849735797 ], [ -105.531177800065024, 25.746774140242845 ], [ -105.530877279886468, 25.746995249968798 ], [ -105.530696449183623, 25.747236450090472 ], [ -105.530390250249241, 25.747591090172023 ], [ -105.530125449457728, 25.747823950275254 ], [ -105.53016876982025, 25.748062459711853 ], [ -105.530070259093009, 25.74846360005106 ], [ -105.530027378954571, 25.748737149714653 ], [ -105.529687139724032, 25.749302749963306 ], [ -105.529308540500438, 25.749882570068699 ], [ -105.529004798811044, 25.750175019987246 ], [ -105.528871689287342, 25.750418749753916 ], [ -105.528838829857378, 25.750678340182045 ], [ -105.528765059730759, 25.751100429872782 ], [ -105.528571540317017, 25.751543880100851 ], [ -105.528416689157339, 25.751546450045851 ], [ -105.528221059322092, 25.75146594959131 ], [ -105.527994979320766, 25.751343710166246 ], [ -105.527686199116033, 25.751208540078817 ], [ -105.527410449504274, 25.751061940321367 ], [ -105.527349378623597, 25.750936629795703 ], [ -105.527300479387932, 25.750803619897074 ], [ -105.52717777983402, 25.750657319624892 ], [ -105.527034199032641, 25.750568369723513 ], [ -105.526966458629275, 25.750537720112131 ], [ -105.526911230369748, 25.750477720406153 ], [ -105.526844799578171, 25.75039120043057 ], [ -105.526746179983448, 25.750302220372678 ], [ -105.526629940305213, 25.750238490107282 ], [ -105.526477179027196, 25.750179739973063 ], [ -105.526329679451976, 25.750145719925207 ], [ -105.526191339794948, 25.750111510259391 ], [ -105.52607945000517, 25.750039399939435 ], [ -105.525950599338685, 25.749884779604621 ], [ -105.525827880386316, 25.749738339860365 ], [ -105.525719720411189, 25.74961228003913 ], [ -105.52559315029778, 25.749474179597286 ], [ -105.525487429803619, 25.749297339831692 ], [ -105.525350539964094, 25.749062769982142 ], [ -105.525246828922917, 25.748819519588533 ], [ -105.525086280081695, 25.748610819890885 ], [ -105.52495105950041, 25.748563829754158 ], [ -105.524803060056001, 25.748493779781278 ], [ -105.524732170328704, 25.748325340383232 ], [ -105.524725750442144, 25.748089000230742 ], [ -105.524644229527823, 25.747800569973709 ], [ -105.524514148719007, 25.74769824977006 ], [ -105.52436193854156, 25.747507920480277 ], [ -105.52436468878021, 25.74741916989715 ], [ -105.524390019755288, 25.747306569718717 ], [ -105.524312549981687, 25.747191580274553 ], [ -105.524188379410461, 25.747062690410079 ], [ -105.524045579103102, 25.746999249993376 ], [ -105.523902908849522, 25.746749820175829 ], [ -105.523653879760047, 25.746241750281353 ], [ -105.523534448690185, 25.745842569987943 ], [ -105.523482349560524, 25.745653579723864 ], [ -105.523254509965398, 25.745340109552497 ], [ -105.523126448999435, 25.745282570069286 ], [ -105.522970280386829, 25.745250109688541 ], [ -105.522786230114306, 25.74525420037978 ], [ -105.522598310265764, 25.745248580018444 ], [ -105.522417058768582, 25.745223199978579 ], [ -105.522236250390549, 25.745080200419597 ], [ -105.522041250200886, 25.744947319633063 ], [ -105.521745089931642, 25.744679460035716 ], [ -105.52164233891726, 25.744535910103334 ], [ -105.521487199388773, 25.744509619793043 ], [ -105.521214659757518, 25.744296079941879 ], [ -105.521001139223088, 25.744075780216331 ], [ -105.520786648575296, 25.743857689938643 ], [ -105.520400000171222, 25.743617689913886 ], [ -105.520216979742727, 25.743462169592032 ], [ -105.520065479716862, 25.743313879975712 ], [ -105.519781199550934, 25.743009030404661 ], [ -105.519608309778846, 25.742796219787234 ], [ -105.519261779070916, 25.742515030470546 ], [ -105.519042180404114, 25.742524430420691 ], [ -105.518678279017863, 25.74253477008212 ], [ -105.518350738801317, 25.742517229767543 ], [ -105.518080419945818, 25.742721320243469 ], [ -105.517868139704291, 25.742856279595262 ], [ -105.517573849547304, 25.742952369704184 ], [ -105.517224719736745, 25.743017109672557 ], [ -105.516694219644535, 25.743028890367828 ], [ -105.516267109101392, 25.743119140023477 ], [ -105.515965030385203, 25.743601319846579 ], [ -105.515823350182814, 25.743941999865097 ], [ -105.515766109661925, 25.744157139596108 ], [ -105.515637430320822, 25.744555020269054 ], [ -105.515541769976707, 25.74491022011885 ], [ -105.515467520408947, 25.745312739650242 ], [ -105.515497490039209, 25.745704549687172 ], [ -105.51548505965313, 25.745937369754863 ], [ -105.515422599953808, 25.746157289718273 ], [ -105.515292080146494, 25.746350630021261 ], [ -105.515168539433418, 25.746478820324516 ], [ -105.515012109601201, 25.746685710420365 ], [ -105.514764179292712, 25.746910150209526 ], [ -105.514453569557432, 25.747215510047504 ], [ -105.514217520452462, 25.747532480329383 ], [ -105.513830889693793, 25.747886219820309 ], [ -105.513482749531292, 25.748417349652467 ], [ -105.513418249388849, 25.748857740384828 ], [ -105.51336947862761, 25.749466320227853 ], [ -105.513308259187625, 25.749668109676222 ], [ -105.51333174012494, 25.750000570079226 ], [ -105.513376689103055, 25.750322940404761 ], [ -105.513550429663141, 25.750809749827052 ], [ -105.513644600424158, 25.751103680024272 ], [ -105.513830860185067, 25.751640030020486 ], [ -105.513923768835355, 25.751774770462617 ], [ -105.513956890375511, 25.751856709549511 ], [ -105.514050968507959, 25.751997230032181 ], [ -105.514106029703896, 25.752148279893227 ], [ -105.514129178557852, 25.752297540460582 ], [ -105.514090999008957, 25.752416649599574 ], [ -105.513623368894457, 25.75289235044896 ], [ -105.513318088693737, 25.753419310329654 ], [ -105.51312664955384, 25.753546509871249 ], [ -105.512597769371268, 25.753807970110461 ], [ -105.512435058770137, 25.754175710360144 ], [ -105.512044890486649, 25.755140680372644 ], [ -105.511878170140392, 25.755313569768841 ], [ -105.511682538786246, 25.755893600127298 ], [ -105.511339599520426, 25.756504919961628 ], [ -105.511157398530301, 25.756579510273976 ], [ -105.510781429873276, 25.756824830166281 ], [ -105.510364620223783, 25.757131579950098 ], [ -105.510077980237696, 25.757540599807431 ], [ -105.5095539987894, 25.758050250371198 ], [ -105.509405399014128, 25.75823885039955 ], [ -105.509266119626545, 25.758369029857178 ], [ -105.509133379879955, 25.758407279645745 ], [ -105.508989749954722, 25.758435170071071 ], [ -105.508811258847089, 25.758439030140089 ], [ -105.508293340369917, 25.758883550166072 ], [ -105.507699539925795, 25.759993859979357 ], [ -105.507407308588199, 25.760763649711947 ], [ -105.507041050456792, 25.761500279761627 ], [ -105.506710449227711, 25.761935939702273 ], [ -105.506490660189172, 25.762371229710702 ], [ -105.506216849876665, 25.762976830441655 ], [ -105.505955369607591, 25.76335294004253 ], [ -105.505824029580154, 25.763705880380829 ], [ -105.505563149013014, 25.763917090205425 ], [ -105.505327578699394, 25.76431683047166 ], [ -105.505118820381469, 25.764504650386797 ], [ -105.504910458764556, 25.764574689758767 ], [ -105.504883680301916, 25.764786619685793 ], [ -105.505013480021177, 25.764857660068312 ], [ -105.505325628529761, 25.764858579711397 ], [ -105.505611939441877, 25.764812309883077 ], [ -105.505950090259603, 25.764813310369917 ], [ -105.506366199580327, 25.764838089610173 ], [ -105.506964318810645, 25.764886949936244 ], [ -105.507692489860574, 25.764936220398198 ], [ -105.509425889487417, 25.764260080052559 ], [ -105.510376218560097, 25.763695659914351 ], [ -105.5109738190136, 25.76388584979453 ], [ -105.511571169729066, 25.764146679636429 ], [ -105.511986690230032, 25.764336320195252 ], [ -105.51234951959573, 25.764714260209363 ], [ -105.512764120125155, 25.765163000225343 ], [ -105.512970969937442, 25.765516909866044 ], [ -105.513204169772123, 25.765776689601225 ], [ -105.513462858946184, 25.766177859692966 ], [ -105.514188379495224, 25.766980820290893 ], [ -105.515016779717797, 25.768113829829542 ], [ -105.515586419105134, 25.768869220119281 ], [ -105.51607965897648, 25.769153289918211 ], [ -105.516572998871069, 25.769413819841862 ], [ -105.517248089222178, 25.769769079900069 ], [ -105.517975549361097, 25.770030260359974 ], [ -105.518754139026143, 25.770550679834528 ], [ -105.519480878933308, 25.771023850166525 ], [ -105.519800369326987, 25.771158490251818 ], [ -105.520120029600832, 25.771292830173252 ], [ -105.520222289638156, 25.771536649875973 ], [ -105.5204262799285, 25.771902169745381 ], [ -105.52062267872715, 25.772325509774593 ], [ -105.520935648788679, 25.772793940386759 ], [ -105.521147458638453, 25.773273079935827 ], [ -105.521329889687308, 25.77388285028891 ], [ -105.521189950335739, 25.774792680268753 ], [ -105.520876629423881, 25.775361859851159 ], [ -105.520589120452954, 25.775729059757968 ], [ -105.521051539593444, 25.776552539753396 ], [ -105.520803018526578, 25.77686554039644 ], [ -105.520588860310085, 25.776914910249953 ], [ -105.52005192024636, 25.777554170099563 ], [ -105.519397450240859, 25.778151349888542 ], [ -105.518978399064451, 25.778653550101264 ], [ -105.518771938573138, 25.778963550220649 ], [ -105.518768030021278, 25.779102480324962 ], [ -105.518757769318213, 25.779290110255566 ], [ -105.518698088697448, 25.779353910199568 ], [ -105.518723368578932, 25.779436650477013 ], [ -105.518832169752201, 25.779487000226233 ], [ -105.518988649767536, 25.779597340186754 ], [ -105.519139250095151, 25.779774460341127 ], [ -105.519213720187778, 25.779974109984991 ], [ -105.519263278654037, 25.780248140427766 ], [ -105.519394229197687, 25.780417680151686 ], [ -105.519364648895348, 25.78056105969647 ], [ -105.519423740386117, 25.780624619971736 ], [ -105.519401258636492, 25.780677020274211 ], [ -105.519404309157608, 25.780789400243432 ], [ -105.519355829749429, 25.780941849679493 ], [ -105.519275888619219, 25.780991200432723 ], [ -105.519195348577881, 25.781018939992222 ], [ -105.519076829010331, 25.781056169746986 ], [ -105.519045019981178, 25.781117419931942 ], [ -105.518909909239355, 25.781072430328539 ], [ -105.518892429931427, 25.780957180420717 ], [ -105.518803738898384, 25.780903340347599 ], [ -105.518664290485873, 25.780875119976848 ], [ -105.5185114603605, 25.780880679896544 ], [ -105.518382619191314, 25.780927740037857 ], [ -105.518182379764468, 25.780926150125282 ], [ -105.51806274925562, 25.780943910309272 ], [ -105.517882059475127, 25.780975080381857 ], [ -105.517706289121179, 25.781051430132827 ], [ -105.517646618716071, 25.781109849754458 ], [ -105.517527150018722, 25.781230850271459 ], [ -105.517379830112958, 25.78159782960029 ], [ -105.517361779182437, 25.781764950141373 ], [ -105.517418849394289, 25.781927000374189 ], [ -105.517499079645518, 25.78197284996218 ], [ -105.517506520093335, 25.782108779756552 ], [ -105.517544169320971, 25.782259230227631 ], [ -105.517650280472296, 25.782468830433864 ], [ -105.517741890235882, 25.78256898035184 ], [ -105.517690998773517, 25.783234860423477 ], [ -105.517519028775396, 25.783457429625887 ], [ -105.517344079398072, 25.783774199900339 ], [ -105.51726112003729, 25.784171169935277 ], [ -105.517311079059738, 25.784475979790663 ], [ -105.517341720015196, 25.784888650134803 ], [ -105.517426220419111, 25.785337999747451 ], [ -105.517458380011945, 25.785516910162585 ], [ -105.517465620049691, 25.78564184994389 ], [ -105.517480149344308, 25.785752719902774 ], [ -105.51750994043455, 25.785859780045119 ], [ -105.517534979101328, 25.786074680173073 ], [ -105.517548778653577, 25.786300249697987 ], [ -105.517535320502176, 25.78651252026366 ], [ -105.517506309061517, 25.786718179986483 ], [ -105.517427948911802, 25.786945819715548 ], [ -105.517343739092922, 25.787173920383943 ], [ -105.5173226198918, 25.787301460176028 ], [ -105.517262749367049, 25.787423170093696 ], [ -105.517087080312407, 25.787622020327884 ], [ -105.516999538778791, 25.787771750321429 ], [ -105.516799250313767, 25.787872489762343 ], [ -105.516611349921675, 25.788064749989054 ], [ -105.516440618688932, 25.78830042987255 ], [ -105.516255828658231, 25.788605749698913 ], [ -105.516259880212317, 25.788783849626753 ], [ -105.516253629028753, 25.788887379943073 ], [ -105.516147029678777, 25.788961339728452 ], [ -105.516060418766145, 25.789105249679139 ], [ -105.516032550300181, 25.789246000377275 ], [ -105.516049919572993, 25.789386059797078 ], [ -105.516047168784965, 25.78956715006893 ], [ -105.516039850368216, 25.789861919809855 ], [ -105.515969319902084, 25.789923630175 ], [ -105.515952029902124, 25.790117769840705 ], [ -105.515999550487109, 25.790161580106371 ], [ -105.515956658586006, 25.790410720245955 ], [ -105.5160024188297, 25.790763310390648 ], [ -105.516054860442836, 25.791046879580499 ], [ -105.516038399521733, 25.791285540106063 ], [ -105.515933148746527, 25.791423019746905 ], [ -105.515763878975491, 25.791525319571686 ], [ -105.515632220321748, 25.791639749688393 ], [ -105.515508649023943, 25.791735860372089 ], [ -105.515452830351848, 25.791858909756304 ], [ -105.515073799066187, 25.792034939939317 ], [ -105.514816418678322, 25.792491520294973 ], [ -105.51442559977113, 25.792728490105109 ], [ -105.514007080144111, 25.793213109578971 ], [ -105.513720018680161, 25.793241050425049 ], [ -105.513457629551056, 25.793374740239742 ], [ -105.513416509721765, 25.793479350072484 ], [ -105.513255510116394, 25.793551939643748 ], [ -105.513027800026848, 25.79366959997493 ], [ -105.512837170355283, 25.793911080003234 ], [ -105.512864338686626, 25.794029680470633 ], [ -105.512763370085139, 25.794236510056209 ], [ -105.512795849335518, 25.794434979660227 ], [ -105.512724349169162, 25.794923779594598 ], [ -105.512268019743885, 25.794943580282556 ], [ -105.511807750027174, 25.795004719607597 ], [ -105.511281799083619, 25.795005149878619 ], [ -105.51149943021133, 25.795161400354299 ], [ -105.519737619314398, 25.800755750029552 ], [ -105.519440520170207, 25.801047380055536 ], [ -105.519346419609548, 25.801222919890847 ], [ -105.520059350354316, 25.801362750007385 ], [ -105.52012630862211, 25.801379200322838 ], [ -105.519890419025643, 25.80272935024399 ], [ -105.51991586044123, 25.802894309718216 ], [ -105.519447080267199, 25.803010739675063 ], [ -105.519160349252829, 25.803151249596731 ], [ -105.518483399699505, 25.803267089564642 ], [ -105.518067080108196, 25.803265910210744 ], [ -105.51757251967112, 25.80331160040204 ], [ -105.516653740288163, 25.803250770097954 ], [ -105.515615539685413, 25.803355019753674 ], [ -105.51524265913713, 25.803642089675659 ], [ -105.514953400028915, 25.803862020076508 ], [ -105.514726939145589, 25.804392710178522 ], [ -105.514607890032991, 25.804885620022716 ], [ -105.514406079314412, 25.805309820292926 ], [ -105.514132079341493, 25.805694549863858 ], [ -105.513897740396587, 25.806085219974566 ], [ -105.513716000386836, 25.806375339823802 ], [ -105.513543078493541, 25.807040889784229 ], [ -105.513475350002551, 25.807473320123808 ], [ -105.513412999659806, 25.807949950256987 ], [ -105.513320739344209, 25.808518400291014 ], [ -105.513296458988492, 25.809071060039301 ], [ -105.513256970181672, 25.809641980442262 ], [ -105.513171828846581, 25.810303629972783 ], [ -105.513069428917561, 25.811986939622287 ], [ -105.495731320448741, 25.817991719736632 ], [ -105.495560980171987, 25.818049280365845 ], [ -105.510107800129575, 25.838833599812116 ], [ -105.524294060108986, 25.831101259649383 ], [ -105.548878490156881, 25.850529800297679 ], [ -105.523055148498827, 25.874085709774967 ], [ -105.517444419198284, 25.879201910385635 ], [ -105.494210950119708, 25.900380849708959 ], [ -105.503646450248922, 25.91966719990041 ], [ -105.504028518650955, 25.920877890480376 ], [ -105.503540020450643, 25.921338830427004 ], [ -105.499279918781085, 25.925345889601793 ], [ -105.497930579700892, 25.926618740177524 ], [ -105.496493118858552, 25.925772749976559 ], [ -105.489592939443014, 25.930099979949357 ], [ -105.488795379108481, 25.929214570316184 ], [ -105.487642548953417, 25.92970931004357 ], [ -105.484883118586694, 25.931139260072172 ], [ -105.482936739968409, 25.932152820315661 ], [ -105.482825458752529, 25.932048770184355 ], [ -105.48274962909646, 25.932113119700492 ], [ -105.482631428607277, 25.932119400042989 ], [ -105.482568519194089, 25.932209289689126 ], [ -105.482542649367673, 25.932309430197709 ], [ -105.482482519254532, 25.932347619899755 ], [ -105.482416348974397, 25.932382740300486 ], [ -105.482372349433632, 25.932410659766003 ], [ -105.482244939043539, 25.932386509776954 ], [ -105.482140768944959, 25.932395540258394 ], [ -105.48206131933334, 25.932491599850202 ], [ -105.481897379181291, 25.932495200393909 ], [ -105.481838829451689, 25.932536889947265 ], [ -105.481790108965654, 25.932665970097435 ], [ -105.481709200029059, 25.932708149599531 ], [ -105.481648859016559, 25.93268254019916 ], [ -105.481550909784374, 25.93264426031946 ], [ -105.4814558204652, 25.93271371967063 ], [ -105.481437979269245, 25.932882540282076 ], [ -105.48140342856928, 25.932984339626767 ], [ -105.48134397896392, 25.932992379636676 ], [ -105.481231308853978, 25.932961180315459 ], [ -105.481156948964781, 25.932969540311852 ], [ -105.481174739420894, 25.933076940025494 ], [ -105.481199978777653, 25.933184169860457 ], [ -105.481110549368324, 25.933186140243393 ], [ -105.480940769835755, 25.933250490265273 ], [ -105.480908918929146, 25.933336139899794 ], [ -105.480865179042866, 25.933470830230462 ], [ -105.480648779451059, 25.933571879595227 ], [ -105.480431229169582, 25.933630149860985 ], [ -105.480222618980946, 25.933800579912681 ], [ -105.480014449286202, 25.933987030407259 ], [ -105.479866079374887, 25.934215339763359 ], [ -105.479843079524656, 25.934343340370546 ], [ -105.479771968813921, 25.934432539669729 ], [ -105.479680739336388, 25.934429219765111 ], [ -105.479625919387331, 25.934358719786836 ], [ -105.479576550142042, 25.934381049927847 ], [ -105.479513798988833, 25.934494860076608 ], [ -105.479494168778189, 25.934545909986078 ], [ -105.479479860225354, 25.934622150007041 ], [ -105.47942391910513, 25.93462548992753 ], [ -105.47937448047459, 25.934609689770344 ], [ -105.479357339315399, 25.934667029906208 ], [ -105.479326880139553, 25.934749940081915 ], [ -105.479283109144106, 25.93477200035165 ], [ -105.479212479180333, 25.934836819830323 ], [ -105.479190379056206, 25.934889890369078 ], [ -105.479190458814585, 25.934961909794119 ], [ -105.479133148751885, 25.935036859980901 ], [ -105.479088678815117, 25.935037850094897 ], [ -105.479013150501373, 25.93505625038933 ], [ -105.478960229479227, 25.935100780426438 ], [ -105.47884896944997, 25.935245780425678 ], [ -105.478729479165096, 25.93540252038143 ], [ -105.47859222882272, 25.935532690279516 ], [ -105.47841650904418, 25.935659849750088 ], [ -105.478193880429188, 25.935866430103601 ], [ -105.477989648539051, 25.936082030027521 ], [ -105.477888509400401, 25.936099570070819 ], [ -105.477575119215359, 25.936294049670366 ], [ -105.477359399093203, 25.93639922992319 ], [ -105.477138979109924, 25.936473340163651 ], [ -105.476991120280914, 25.936535459834598 ], [ -105.476904849453021, 25.936606630298623 ], [ -105.476751880352182, 25.936722140339434 ], [ -105.476614108652129, 25.93676437990209 ], [ -105.4764581403779, 25.936775649574884 ], [ -105.476338979622227, 25.936864509867227 ], [ -105.476259179410619, 25.93696428991198 ], [ -105.476180029022387, 25.937087600064988 ], [ -105.476138829454072, 25.937212950044582 ], [ -105.476148539444708, 25.937313979850124 ], [ -105.476220750020559, 25.937394659558745 ], [ -105.476167289442657, 25.937490750040237 ], [ -105.476070289074187, 25.937530850006898 ], [ -105.475937460102614, 25.937540089915711 ], [ -105.475781178994268, 25.937720689982793 ], [ -105.475778259111237, 25.93787263010573 ], [ -105.475649819013213, 25.93804631032533 ], [ -105.475430890472865, 25.938240939933674 ], [ -105.475438519566708, 25.938525540209909 ], [ -105.475102458978185, 25.938532889980848 ], [ -105.474794778656218, 25.938552289647905 ], [ -105.474732778987956, 25.938591620030468 ], [ -105.474595978882974, 25.938714829874449 ], [ -105.47439584849738, 25.938826799955773 ], [ -105.474177599330957, 25.939003659921219 ], [ -105.473898819155906, 25.939176910205941 ], [ -105.473674619434235, 25.939331179905963 ], [ -105.473429290434908, 25.939524230428898 ], [ -105.47327204958799, 25.939630689876715 ], [ -105.473132489157621, 25.939689860133424 ], [ -105.47301556851167, 25.939692429705936 ], [ -105.472845519376207, 25.939688599615383 ], [ -105.472668448789321, 25.939688550390137 ], [ -105.472551979226637, 25.939696799677513 ], [ -105.472531829136472, 25.939768459845769 ], [ -105.4724566293512, 25.939787199790079 ], [ -105.472441628887239, 25.939816019624317 ], [ -105.472399579468998, 25.939918719633404 ], [ -105.472355779185293, 25.940016430170953 ], [ -105.472226339347841, 25.940116020242382 ], [ -105.472127910461182, 25.940173020062655 ], [ -105.472116548734334, 25.94028291041348 ], [ -105.472091048534097, 25.9403963502746 ], [ -105.472029909349459, 25.940513800366535 ], [ -105.471941918651112, 25.940560879685371 ], [ -105.471859849642286, 25.940562660006904 ], [ -105.471796850418116, 25.940609200298027 ], [ -105.471724229161126, 25.94069787960888 ], [ -105.471664419796824, 25.94086365980278 ], [ -105.471585278890018, 25.940975060039669 ], [ -105.471455509165409, 25.941061750168455 ], [ -105.471347369801137, 25.941124170268864 ], [ -105.471176749814504, 25.941265750072589 ], [ -105.471027828947825, 25.941403580306037 ], [ -105.470907618866775, 25.941527659740391 ], [ -105.47088604928409, 25.941672550443517 ], [ -105.47090965882515, 25.941718709608026 ], [ -105.471051218769801, 25.941782480047721 ], [ -105.47117182956795, 25.941831859568968 ], [ -105.471202289075876, 25.941894349850848 ], [ -105.471188538627217, 25.941994980462784 ], [ -105.471179378794318, 25.942114079703995 ], [ -105.471194020061901, 25.942199219623276 ], [ -105.471220968691199, 25.942284090160882 ], [ -105.471184659309202, 25.942310889972703 ], [ -105.471086999166175, 25.942350180172109 ], [ -105.471009880203894, 25.942389029817171 ], [ -105.470975168622573, 25.942475249860482 ], [ -105.470922308834034, 25.942552820163566 ], [ -105.470766139031056, 25.942674690345633 ], [ -105.470609169038823, 25.942766380398325 ], [ -105.470433169953296, 25.942912799849552 ], [ -105.470336999860919, 25.943017449704538 ], [ -105.470248219151387, 25.943071980293698 ], [ -105.470099708881776, 25.943069979784752 ], [ -105.469926828863208, 25.943136860235256 ], [ -105.46980181887335, 25.943196660409157 ], [ -105.469686479079357, 25.943276109648146 ], [ -105.469624818927485, 25.943386220027556 ], [ -105.469543628694012, 25.943425139827934 ], [ -105.469373109138303, 25.94352701996155 ], [ -105.469207380079695, 25.943636110449042 ], [ -105.469110598818432, 25.94374632033421 ], [ -105.469073710336474, 25.943858249633713 ], [ -105.469097909408092, 25.944016879958429 ], [ -105.469025089148985, 25.94415360018105 ], [ -105.468865598670362, 25.944280220331322 ], [ -105.46869656881826, 25.944387369640509 ], [ -105.46852194903262, 25.944472259617694 ], [ -105.468304229069318, 25.944524719859206 ], [ -105.468118120158678, 25.94457411027313 ], [ -105.467940258728703, 25.944582920253474 ], [ -105.467732619175393, 25.94457988021129 ], [ -105.467561460366312, 25.944556320373824 ], [ -105.467402949433747, 25.94445004959756 ], [ -105.46719310913592, 25.944269429956815 ], [ -105.466968719312774, 25.944113150315189 ], [ -105.466741549316595, 25.943994659746867 ], [ -105.466515549131032, 25.943961249708718 ], [ -105.466240319226898, 25.943978340301857 ], [ -105.466059138724958, 25.944076379831731 ], [ -105.465782949205575, 25.944287179576449 ], [ -105.465567400478307, 25.944474519965382 ], [ -105.465181179085945, 25.944800140356666 ], [ -105.464862818614492, 25.945085649689307 ], [ -105.464465199488529, 25.945372889636548 ], [ -105.464137598791751, 25.945642690478827 ], [ -105.463923419305047, 25.945870220421533 ], [ -105.463646618654153, 25.945732999682562 ], [ -105.463365979076428, 25.94545261985202 ], [ -105.463182829555265, 25.945261309623035 ], [ -105.462942619904936, 25.944912619973223 ], [ -105.462598199588115, 25.944591479934587 ], [ -105.462333549369077, 25.944376049993849 ], [ -105.461859548514127, 25.944120179961388 ], [ -105.461479479282488, 25.94382853986593 ], [ -105.461138399240795, 25.943490600371788 ], [ -105.460859139181466, 25.943205849992214 ], [ -105.460717490452993, 25.942799919872456 ], [ -105.460531579250741, 25.942220339577844 ], [ -105.460438049110792, 25.941709890172234 ], [ -105.460356650156655, 25.941054829927594 ], [ -105.46005001867151, 25.940642879878137 ], [ -105.459697689090419, 25.940310249728952 ], [ -105.459383138718152, 25.940119089821305 ], [ -105.458758659466554, 25.939911400375507 ], [ -105.457964489163444, 25.939625860275306 ], [ -105.45724764852487, 25.939338650413223 ], [ -105.455945519087251, 25.938846139850174 ], [ -105.455131649588282, 25.93866037035755 ], [ -105.454139369420318, 25.93831198006465 ], [ -105.453460019033074, 25.93817876995098 ], [ -105.452726769409452, 25.937945000245385 ], [ -105.451953849397384, 25.937758320267754 ], [ -105.451212720302181, 25.937667579990805 ], [ -105.451136219076346, 25.938102509752291 ], [ -105.450980169200491, 25.938978580205639 ], [ -105.450603849737618, 25.940025970160889 ], [ -105.450485678619259, 25.940285079749525 ], [ -105.450188569394413, 25.941093029675891 ], [ -105.44972650919695, 25.942283449601277 ], [ -105.449577309250699, 25.942622550365645 ], [ -105.44932331902973, 25.943185450408002 ], [ -105.449045819801114, 25.943756000324409 ], [ -105.448910148516688, 25.944128079757387 ], [ -105.448676518501941, 25.944644979767872 ], [ -105.448430369503654, 25.945434430365236 ], [ -105.448350078515162, 25.945691909671343 ], [ -105.447910139354548, 25.946101450351271 ], [ -105.447707968627967, 25.946673079714422 ], [ -105.447590449710063, 25.94709741973104 ], [ -105.447558178616291, 25.947306369836696 ], [ -105.447408120232836, 25.947759320079971 ], [ -105.447084229446418, 25.948205599936333 ], [ -105.446698319885144, 25.94849635039132 ], [ -105.446427829205291, 25.948774139994075 ], [ -105.446402860260079, 25.949140709553191 ], [ -105.446381119582384, 25.9493761697086 ], [ -105.446158309748384, 25.949705199733057 ], [ -105.446017619058566, 25.950074310457094 ], [ -105.445841349424384, 25.950412780422159 ], [ -105.445575318789551, 25.950857799751336 ], [ -105.445454978687124, 25.951115769773835 ], [ -105.445127918772712, 25.951543180240041 ], [ -105.444704909429007, 25.95209928979078 ], [ -105.444288109829088, 25.952574019716579 ], [ -105.443939889056409, 25.953001890168981 ], [ -105.443552969076791, 25.953508680233487 ], [ -105.443394489108101, 25.953969000304184 ], [ -105.443153980355433, 25.954470950399376 ], [ -105.443034508624208, 25.954750549670258 ], [ -105.442938449122835, 25.955115650150191 ], [ -105.44275831940088, 25.955501660148094 ], [ -105.442293288752396, 25.95615062982689 ], [ -105.442146449007723, 25.95635556984254 ], [ -105.441800229091925, 25.956859819730038 ], [ -105.441357968976831, 25.957729140407281 ], [ -105.441123028520494, 25.958441140265418 ], [ -105.440822649468743, 25.959078119657452 ], [ -105.440651119069685, 25.959788739614524 ], [ -105.440578739251578, 25.960248829856713 ], [ -105.440881598675574, 25.960361369750572 ], [ -105.441228778786822, 25.961987020398229 ], [ -105.440379628568309, 25.962470519857575 ], [ -105.439659179231327, 25.962352350097049 ], [ -105.439573459314204, 25.962615460257016 ], [ -105.439843139253043, 25.964516850056214 ], [ -105.438780400334906, 25.966319149698425 ], [ -105.438133319132675, 25.967245319940751 ], [ -105.437175168553367, 25.969193680239243 ], [ -105.436534179286767, 25.970476459751495 ], [ -105.436683429121715, 25.971066000275677 ], [ -105.437617619364303, 25.974756089614232 ], [ -105.436861688786806, 25.977738179898861 ], [ -105.436216059222247, 25.978830379903549 ], [ -105.436117659211789, 25.979665479743854 ], [ -105.436388970065266, 25.980851619704477 ], [ -105.436610548732588, 25.981770629958394 ], [ -105.435493889010431, 25.982362090034087 ], [ -105.435495169902467, 25.982395229908036 ], [ -105.435533309792476, 25.983378630294936 ], [ -105.437188769631035, 25.984841509855201 ], [ -105.435267968992477, 25.986908880238698 ], [ -105.434956820247706, 25.987254059789784 ], [ -105.420496750493342, 26.003293180175383 ], [ -105.400860799475879, 26.025064119697287 ], [ -105.40977213890983, 26.038245750150914 ], [ -105.393944579340697, 26.037915310403058 ], [ -105.393868800302698, 26.038052230192879 ], [ -105.393873429263323, 26.038228720054995 ], [ -105.393919459176004, 26.038492649889925 ], [ -105.394053508578111, 26.03875468034115 ], [ -105.394187088758898, 26.038999050363941 ], [ -105.394222658708742, 26.0392367104199 ], [ -105.394315059008093, 26.03940249030823 ], [ -105.394406769453411, 26.039541819799503 ], [ -105.394410939722547, 26.039700659830338 ], [ -105.394395748980642, 26.039868750373568 ], [ -105.394328708565013, 26.03992317036905 ], [ -105.394230230030516, 26.039898780332248 ], [ -105.394111508716747, 26.039848339879896 ], [ -105.393955308710318, 26.039860519953699 ], [ -105.393888719974854, 26.039932569548679 ], [ -105.393834218971818, 26.040092680320942 ], [ -105.393847918565854, 26.040242490002019 ], [ -105.393921919244548, 26.040452830450683 ], [ -105.393997170330536, 26.040711689951141 ], [ -105.394042309368345, 26.040940310395964 ], [ -105.394078109152815, 26.041186769908286 ], [ -105.394034058566376, 26.0413731402761 ], [ -105.393953479272824, 26.041657420464777 ], [ -105.39387031892845, 26.041844619669771 ], [ -105.393845149246388, 26.042004110270419 ], [ -105.393819309022462, 26.042137090308714 ], [ -105.393687258851244, 26.042325350034261 ], [ -105.393584449355444, 26.042508550359184 ], [ -105.393520618617842, 26.042686510366963 ], [ -105.393546658611669, 26.042933180065013 ], [ -105.393566378942211, 26.043312460289698 ], [ -105.39357608935174, 26.04368310975174 ], [ -105.393572779028304, 26.043930400354579 ], [ -105.393565778994585, 26.044036509638591 ], [ -105.393512999091286, 26.044262779733 ], [ -105.393428919005316, 26.04441469011039 ], [ -105.393260088646926, 26.044692030105292 ], [ -105.393080570422427, 26.044934279660669 ], [ -105.392938059014867, 26.045096259695409 ], [ -105.392846508728539, 26.045336630386107 ], [ -105.39277244852012, 26.045497139854231 ], [ -105.392619689245748, 26.045641680133819 ], [ -105.392427739428541, 26.045782630047039 ], [ -105.392264519681063, 26.045900910431232 ], [ -105.392062429249094, 26.046028850452977 ], [ -105.39190081908022, 26.046208890406859 ], [ -105.391701028556568, 26.046425079943322 ], [ -105.39160739928397, 26.046586020392848 ], [ -105.391398308975326, 26.046820060176827 ], [ -105.391196879418374, 26.046974479636905 ], [ -105.390955200215615, 26.047085599995821 ], [ -105.390714230305605, 26.047223179669825 ], [ -105.39052211906511, 26.047359739874537 ], [ -105.390379139129365, 26.04750407966133 ], [ -105.390111508780308, 26.047743770109872 ], [ -105.389889380454306, 26.047854460299892 ], [ -105.389618348962742, 26.047966199846289 ], [ -105.389248399846736, 26.048035909571816 ], [ -105.389086059844942, 26.048065349769029 ], [ -105.388917339404685, 26.048095949960608 ], [ -105.388646089186878, 26.04819887961612 ], [ -105.388299139053629, 26.04840054004509 ], [ -105.387980148550312, 26.048548629725403 ], [ -105.387853969373467, 26.048586650240939 ], [ -105.387726850256399, 26.048589349552522 ], [ -105.387564538736086, 26.048742920109088 ], [ -105.387218059115909, 26.048962229925703 ], [ -105.386851549376544, 26.049164319737212 ], [ -105.386386818628409, 26.049350820260067 ], [ -105.386183688600994, 26.049439029971751 ], [ -105.38589265926224, 26.049533520237038 ], [ -105.385639338648645, 26.049574249815795 ], [ -105.385328288845201, 26.0496515203955 ], [ -105.385018139081978, 26.049764089594426 ], [ -105.384843739128229, 26.049829629687949 ], [ -105.384759429202219, 26.049972690210794 ], [ -105.384686049660502, 26.050159689671503 ], [ -105.384602178979264, 26.050320419854213 ], [ -105.384525579432847, 26.050383859790998 ], [ -105.384177249361059, 26.050532549671264 ], [ -105.383682849147746, 26.050706430191962 ], [ -105.383323798705035, 26.050820050001356 ], [ -105.382750569015158, 26.050973539727295 ], [ -105.382313769432244, 26.051106460443322 ], [ -105.382037748987543, 26.051227510046054 ], [ -105.381975199198095, 26.051254950048666 ], [ -105.38160028877482, 26.051510169911364 ], [ -105.381274739129807, 26.051782000229036 ], [ -105.381036029135871, 26.052007830077951 ], [ -105.380747979094807, 26.052217050208771 ], [ -105.38043128873332, 26.052453369741364 ], [ -105.38015345940623, 26.052680030179271 ], [ -105.379914289020533, 26.052888199662828 ], [ -105.379667088970422, 26.053162770324057 ], [ -105.379584379460283, 26.053367619930437 ], [ -105.379461880406794, 26.053546800128085 ], [ -105.379408490079953, 26.053751029941985 ], [ -105.37926525910035, 26.053886520190705 ], [ -105.379072688660273, 26.054005420428648 ], [ -105.378899679045787, 26.054123890467615 ], [ -105.378796710447816, 26.05430267969221 ], [ -105.395356089004565, 26.070922980377119 ], [ -105.405812539322497, 26.081638030078931 ], [ -105.416648219002894, 26.092738980087418 ], [ -105.402270179209211, 26.105319279870738 ], [ -105.398362739159282, 26.108737479567544 ], [ -105.383867480243396, 26.112979770071338 ], [ -105.361297969132295, 26.080356579887219 ], [ -105.354914549956121, 26.071125649627454 ], [ -105.347580980106414, 26.056559680263341 ] ] ] } },
{ "type": "Feature", "properties": { "CVE_MUN": "039", "NOM_MUN": "Nuevo Ideal", "CASOS_CONFIRMADOS": 5, "HOSPITALIZADOS": 1 }, "geometry": { "type": "Polygon", "coordinates": [ [ [ -105.0026598599853, 25.103807120039015 ], [ -105.002559049543848, 25.103536890081816 ], [ -105.002469800359663, 25.103276720285042 ], [ -105.002470829720352, 25.103056649878326 ], [ -105.002368510033364, 25.102750519634633 ], [ -105.00221402002316, 25.102458399860105 ], [ -105.002174750233308, 25.101956550322729 ], [ -105.001890949575127, 25.101555849594668 ], [ -105.001813850038928, 25.10127315005786 ], [ -105.001607230097633, 25.101108049608648 ], [ -105.001478319555247, 25.100872379924901 ], [ -105.00132350959808, 25.100660249953759 ], [ -105.001194289524747, 25.100612969950216 ], [ -105.001090920147035, 25.100565719961828 ], [ -105.00101369001159, 25.100353690361779 ], [ -105.000858770191542, 25.10021218004157 ], [ -105.000781509521175, 25.100023689926271 ], [ -105.000476510392957, 25.099683200364701 ], [ -104.990483659617155, 25.092996120266516 ], [ -104.99009597014053, 25.092829779917651 ], [ -104.989737549876068, 25.092520249668468 ], [ -104.989483380121825, 25.092141059858818 ], [ -104.989507380057461, 25.091678369882512 ], [ -104.990116289956916, 25.090949970056275 ], [ -104.990755199701738, 25.090236449619248 ], [ -104.990974089724375, 25.09001257035732 ], [ -104.991226059902772, 25.089785030239131 ], [ -104.991348429689722, 25.089563829648835 ], [ -104.991486310385127, 25.089079139670545 ], [ -104.991218280486848, 25.087967659829751 ], [ -104.991221080321068, 25.087642369728524 ], [ -104.99132700028305, 25.087143150253862 ], [ -104.991184889560188, 25.087061229591086 ], [ -104.990930280058748, 25.086755719970082 ], [ -104.990712800416034, 25.086620459602557 ], [ -104.990377169963779, 25.086404220124788 ], [ -104.989730220036691, 25.0862072503703 ], [ -104.989335019681178, 25.086084489606357 ], [ -104.98895887964521, 25.085723220409488 ], [ -104.988370749990466, 25.085513769618085 ], [ -104.98824338028993, 25.085257650219631 ], [ -104.987764659964938, 25.084798420349927 ], [ -104.987479890099905, 25.084455569623653 ], [ -104.986923199560024, 25.083757630336336 ], [ -104.986354060228578, 25.08328102979069 ], [ -104.985942620501802, 25.083088710416501 ], [ -104.985477280017335, 25.08308423023265 ], [ -104.985168420476612, 25.08296354021903 ], [ -104.984523379839388, 25.082686659940201 ], [ -104.983932170045648, 25.082551350073373 ], [ -104.983546780161262, 25.082191280280941 ], [ -104.98300314048393, 25.081946249762687 ], [ -104.982426509710436, 25.081837149603349 ], [ -104.982019569749653, 25.081676550018301 ], [ -104.981680979646114, 25.081770050084934 ], [ -104.981299779633829, 25.082092920162399 ], [ -104.9813201997204, 25.082462659609419 ], [ -104.981127879538491, 25.082678579605791 ], [ -104.980758150088107, 25.08297945964059 ], [ -104.980744569557828, 25.083170230427012 ], [ -104.980691140425918, 25.083448819865829 ], [ -104.980483909926278, 25.08353437972546 ], [ -104.980263430096628, 25.083565749569708 ], [ -104.979971180347718, 25.083496480164399 ], [ -104.979821829547959, 25.083323649599656 ], [ -104.979331079652582, 25.083405909577547 ], [ -104.979107540110377, 25.083539970005233 ], [ -104.978656060185202, 25.083890199568732 ], [ -104.978374890333129, 25.084067769899459 ], [ -104.978451950003006, 25.084514779555146 ], [ -104.978562580431969, 25.084833819878387 ], [ -104.978365420287759, 25.084987050373215 ], [ -104.978298420212894, 25.085514319554576 ], [ -104.97822113972434, 25.086124820335893 ], [ -104.978108119977193, 25.086503430336265 ], [ -104.977917420172105, 25.086673119747939 ], [ -104.977629749520631, 25.086769169750134 ], [ -104.977278770220977, 25.086865090306436 ], [ -104.97724011012366, 25.087321400167276 ], [ -104.976946520358965, 25.087725059874966 ], [ -104.976578940261462, 25.088001520361448 ], [ -104.976254139745734, 25.088107000194771 ], [ -104.976125749730571, 25.088627179756557 ], [ -104.975846479777999, 25.089280910332164 ], [ -104.975577429997088, 25.08969145968187 ], [ -104.975188510214778, 25.089997350362182 ], [ -104.974986479836375, 25.090270260236625 ], [ -104.974860629896241, 25.090567849895553 ], [ -104.974687719824715, 25.090741060330192 ], [ -104.974585800306684, 25.091011309659947 ], [ -104.974334370037965, 25.091186020096085 ], [ -104.974166620335325, 25.091283549944155 ], [ -104.974166220472242, 25.091539170321617 ], [ -104.974016910065004, 25.091831719617492 ], [ -104.973561979814278, 25.092130000134578 ], [ -104.973051460266575, 25.092452090068122 ], [ -104.97266231965277, 25.092685020158054 ], [ -104.972430449712434, 25.093004540184801 ], [ -104.972130549559068, 25.093376879762729 ], [ -104.97196463008936, 25.093826910005653 ], [ -104.971807459609181, 25.094110650236868 ], [ -104.971353709586182, 25.094359880326145 ], [ -104.971347120250087, 25.094575999784837 ], [ -104.971435479895248, 25.094801660159423 ], [ -104.971448370355901, 25.09508699990614 ], [ -104.971333050046127, 25.095363120429482 ], [ -104.971096079550122, 25.09564151968949 ], [ -104.970826229589193, 25.09587978003109 ], [ -104.9706299802084, 25.095935860267616 ], [ -104.970226850087528, 25.095869399584881 ], [ -104.970007830341231, 25.095850379869464 ], [ -104.969811030293016, 25.095914249852733 ], [ -104.96941883046695, 25.096328950220755 ], [ -104.969156120128659, 25.096333200364491 ], [ -104.968952679628359, 25.096439909856315 ], [ -104.968641850276427, 25.0964575396242 ], [ -104.968644849681056, 25.095967490436305 ], [ -104.96857635019002, 25.095851080373929 ], [ -104.968416049668889, 25.09556553990641 ], [ -104.968184399967328, 25.095243399602264 ], [ -104.968049800403946, 25.095130449560184 ], [ -104.96780082024577, 25.095000740003361 ], [ -104.967483980325042, 25.094959550274929 ], [ -104.967259139752755, 25.094989630297601 ], [ -104.966990310455969, 25.095103259745901 ], [ -104.966888519575335, 25.095148279602512 ], [ -104.966773829663339, 25.095169150306312 ], [ -104.966641490409117, 25.09514391976662 ], [ -104.966574920162032, 25.095075919969766 ], [ -104.966471970412229, 25.094833250423317 ], [ -104.966198880255348, 25.094622429589894 ], [ -104.965726080426919, 25.094353020238469 ], [ -104.96547271003783, 25.09419188968797 ], [ -104.96529954034348, 25.094142919554635 ], [ -104.965086829614606, 25.094194020096111 ], [ -104.964824379729293, 25.094282109965167 ], [ -104.964482139527803, 25.094259750279324 ], [ -104.964278600153833, 25.094208199743044 ], [ -104.964089939611, 25.094120340234248 ], [ -104.963890599972387, 25.093967999810161 ], [ -104.963784429650758, 25.093829380199903 ], [ -104.963154310353943, 25.093820820305581 ], [ -104.9630017504508, 25.093704570103199 ], [ -104.962821380132254, 25.093323279667111 ], [ -104.962662349906694, 25.092954089824314 ], [ -104.962676219890952, 25.092789630190644 ], [ -104.962770340057304, 25.092479549600228 ], [ -104.962771819628657, 25.09225885004242 ], [ -104.962590969765742, 25.092164680418243 ], [ -104.9623054903319, 25.092007919646665 ], [ -104.962524319877318, 25.091866289672499 ], [ -104.962594170315597, 25.091766490405977 ], [ -104.962561000348174, 25.091648459972252 ], [ -104.962480460450834, 25.09152778035417 ], [ -104.962357279798724, 25.091437890019293 ], [ -104.962058250369182, 25.091361310414644 ], [ -104.96193589042268, 25.091305430059418 ], [ -104.961656490281172, 25.091134050224337 ], [ -104.96143126000517, 25.090940910086971 ], [ -104.96113582992821, 25.090806620015012 ], [ -104.960853979614754, 25.090608090169521 ], [ -104.960523879886694, 25.09014075024696 ], [ -104.960351769873895, 25.089841020294468 ], [ -104.96040557956934, 25.089688109735185 ], [ -104.960484939526637, 25.089522090260516 ], [ -104.960394969695088, 25.089059769777947 ], [ -104.960514770227149, 25.088764619982054 ], [ -104.960797489877322, 25.088587460131546 ], [ -104.961236600412036, 25.088436229749117 ], [ -104.961452459940759, 25.088383749841988 ], [ -104.961556049809133, 25.088326849555802 ], [ -104.961554149635447, 25.088243150333106 ], [ -104.961498570258385, 25.088136889816237 ], [ -104.961259949937727, 25.087858910159589 ], [ -104.961117030179068, 25.087727520182025 ], [ -104.961066739723861, 25.087619480160484 ], [ -104.961129459525253, 25.087537350104213 ], [ -104.961202660083188, 25.087442600394251 ], [ -104.961201279591833, 25.087316939903936 ], [ -104.960998800233526, 25.087191479828313 ], [ -104.960856229635624, 25.087006349756191 ], [ -104.960696249648052, 25.086902199863271 ], [ -104.960700429877406, 25.086807940352639 ], [ -104.96085605037959, 25.08663780012423 ], [ -104.961007059623654, 25.086476549657533 ], [ -104.961076230336886, 25.086330060084752 ], [ -104.960923769777907, 25.086089949662135 ], [ -104.960893489978119, 25.08551181993489 ], [ -104.96084165986008, 25.085102119973897 ], [ -104.960723800208626, 25.084807400193103 ], [ -104.960321319733936, 25.084272029940177 ], [ -104.959935400248469, 25.083799799554559 ], [ -104.959697830452257, 25.083483600266526 ], [ -104.959461689893615, 25.082988820308959 ], [ -104.959216320478831, 25.082530290306856 ], [ -104.959040630059604, 25.082147919910042 ], [ -104.958971140080521, 25.082009830402875 ], [ -104.95907541997569, 25.081766119849618 ], [ -104.959241570043844, 25.081471880134128 ], [ -104.959663170134149, 25.080802520286177 ], [ -104.959999380411517, 25.080563649983524 ], [ -104.960221909554619, 25.080319509641495 ], [ -104.960267309926977, 25.080110109555818 ], [ -104.960278979633202, 25.079736709856007 ], [ -104.960426250161504, 25.079415859974645 ], [ -104.960646939757865, 25.079075310423807 ], [ -104.960870319822604, 25.078733619907251 ], [ -104.961072940206492, 25.078435119626263 ], [ -104.961111430339386, 25.078285340041621 ], [ -104.960594659976934, 25.078288290052672 ], [ -104.960250339713951, 25.078549830055842 ], [ -104.959839879857341, 25.078702460060889 ], [ -104.959486940151876, 25.078702260369482 ], [ -104.958919449797847, 25.078584029611566 ], [ -104.958652569676659, 25.078574060043909 ], [ -104.958383249582994, 25.078547480449199 ], [ -104.958178079577181, 25.07871051008923 ], [ -104.957960819545107, 25.078958020164173 ], [ -104.957564250354949, 25.079162580175634 ], [ -104.956806369595625, 25.079159399904167 ], [ -104.956419170289394, 25.079213060095075 ], [ -104.956167570456003, 25.079351089873818 ], [ -104.955729310107216, 25.079399909544335 ], [ -104.955514079641347, 25.079456110343191 ], [ -104.955336880309162, 25.079718109672047 ], [ -104.955036939819749, 25.080029150349613 ], [ -104.954849280199738, 25.080253620196814 ], [ -104.954682419999173, 25.080434029897013 ], [ -104.954547860347972, 25.080602579661409 ], [ -104.95442616963031, 25.080782370167068 ], [ -104.954321719946122, 25.080893110001536 ], [ -104.954178709891707, 25.080964480317199 ], [ -104.954030509927179, 25.08108749043349 ], [ -104.953985150345062, 25.081305889639978 ], [ -104.953845060092064, 25.081508889620366 ], [ -104.953729420220967, 25.081677079978011 ], [ -104.953523719575273, 25.081761109779311 ], [ -104.953253020291015, 25.081748999977592 ], [ -104.953007720225713, 25.081747890260949 ], [ -104.952582059712242, 25.081554449838745 ], [ -104.952241220129125, 25.08143022961989 ], [ -104.953338950299155, 25.077500370039292 ], [ -104.959628119838428, 25.053972719921898 ], [ -104.929336140286082, 25.047989090182678 ], [ -104.928742110209726, 25.047848199547861 ], [ -104.928142280143675, 25.005678689709967 ], [ -104.914398510231592, 25.004890830098031 ], [ -104.91046164965519, 25.013365799914165 ], [ -104.901720750077232, 25.018390140402232 ], [ -104.881303629917412, 25.021083779878776 ], [ -104.868657219872333, 25.013135379874395 ], [ -104.867230999741523, 25.010443719623812 ], [ -104.8644376196753, 25.010535350397777 ], [ -104.856437370056625, 25.00563670999291 ], [ -104.85064222993239, 24.991735170033319 ], [ -104.842583079641614, 24.989708879650358 ], [ -104.837552830180059, 24.988734549808242 ], [ -104.837771250337099, 24.982005539666464 ], [ -104.814016949526305, 24.96335510992569 ], [ -104.808247889754725, 24.95831557026921 ], [ -104.798155889632071, 24.947024349628514 ], [ -104.790326029599186, 24.929721909752498 ], [ -104.789069999716816, 24.931480859625701 ], [ -104.753677890420036, 24.939769880018979 ], [ -104.739740749625881, 24.946388310031988 ], [ -104.742245890428649, 24.940525689840698 ], [ -104.753333949888216, 24.886676219730475 ], [ -104.730002369878875, 24.85577756984426 ], [ -104.721842309686949, 24.844966580063208 ], [ -104.739557819842901, 24.841834510109198 ], [ -104.778100020381629, 24.835393819567717 ], [ -104.794846109622952, 24.832541769926703 ], [ -104.798505569936125, 24.835282980287392 ], [ -104.79898008045096, 24.835638419950385 ], [ -104.808205819731143, 24.83655825968912 ], [ -104.809955280405887, 24.835722399906793 ], [ -104.811221939509494, 24.835113740316288 ], [ -104.815459370389519, 24.833079769571338 ], [ -104.818897090191015, 24.831430750047677 ], [ -104.823323450130687, 24.829308350332489 ], [ -104.835469690074888, 24.823487000233293 ], [ -104.843236550146329, 24.823808939586389 ], [ -104.853228179918062, 24.819438049938654 ], [ -104.852924279914262, 24.815078030057308 ], [ -104.85613894989504, 24.813978179845854 ], [ -104.878370750318226, 24.796286539636004 ], [ -104.871851720227895, 24.808586829754901 ], [ -104.900851340155256, 24.798643799681525 ], [ -104.90736542001973, 24.796415079735365 ], [ -104.907450920336288, 24.796403350250955 ], [ -104.919491779982607, 24.79478575033195 ], [ -104.928982644277838, 24.793509834558211 ], [ -104.929102839492828, 24.793493672099942 ], [ -104.929200050244447, 24.793480600407733 ], [ -104.929810909755076, 24.792386819565838 ], [ -104.930091430196953, 24.791818860252725 ], [ -104.932234319899536, 24.787260479752682 ], [ -104.932435320356575, 24.786848459811811 ], [ -104.933768549910752, 24.784450050414986 ], [ -104.933883970391705, 24.784281740373558 ], [ -104.935148120066458, 24.782817309591479 ], [ -104.933056049900912, 24.780911460076798 ], [ -104.930513080453153, 24.778751310349623 ], [ -104.930204779841247, 24.778417939713925 ], [ -104.930659510018074, 24.777926920035515 ], [ -104.931389770319811, 24.777015349847137 ], [ -104.929858970324645, 24.775720279808041 ], [ -104.929544750223343, 24.775459690404354 ], [ -104.927596320449695, 24.773849019857217 ], [ -104.927567849811595, 24.77365249009312 ], [ -104.931635229754406, 24.770469319657924 ], [ -104.931711207093443, 24.770409860986735 ], [ -104.932084379548527, 24.770117820006739 ], [ -104.934778820380828, 24.768008940308359 ], [ -104.933308340144478, 24.764193489572936 ], [ -104.93164532385191, 24.761024234562896 ], [ -104.931635319976522, 24.761005169707683 ], [ -104.931611535234367, 24.760953610143595 ], [ -104.931591537931368, 24.760910262720071 ], [ -104.931544279924168, 24.760807820353332 ], [ -104.931650536634393, 24.760727988969979 ], [ -104.931674534726568, 24.76070995865398 ], [ -104.93168541974778, 24.760701780321526 ], [ -104.931731403192458, 24.760692061754796 ], [ -104.931737875858687, 24.760690693729707 ], [ -104.932227940099096, 24.760587119911502 ], [ -104.934171807439512, 24.760176295076839 ], [ -104.950772830117828, 24.75666667957762 ], [ -104.955098179723791, 24.754849620326421 ], [ -104.949559659875007, 24.730840049736308 ], [ -104.9509377997407, 24.730544909611773 ], [ -104.949140570322712, 24.725153400347022 ], [ -104.947859169933523, 24.720594920239432 ], [ -104.950096080235099, 24.704104339973323 ], [ -104.948363059666249, 24.699888170352899 ], [ -104.947141030369565, 24.70023926043385 ], [ -104.931314950026277, 24.710338680202184 ], [ -104.928162849695028, 24.698660520194789 ], [ -104.933697180378431, 24.697232919673372 ], [ -104.924119430148821, 24.675872419983154 ], [ -104.900729710031442, 24.684183430380688 ], [ -104.91738097951766, 24.666770909753811 ], [ -104.976657829759063, 24.613612109857232 ], [ -104.983664179991536, 24.605676880380663 ], [ -105.005282249652851, 24.585142829866562 ], [ -105.019524939798416, 24.618932659599402 ], [ -105.025992180144499, 24.614958909862349 ], [ -105.036609569687386, 24.608434000232908 ], [ -105.01964597968734, 24.571291319898243 ], [ -105.0230136498636, 24.568164140213565 ], [ -105.034530709969886, 24.557467750181939 ], [ -105.03489889049311, 24.557732400177692 ], [ -105.057227490202976, 24.574474980329242 ], [ -105.058308859607223, 24.574952000124075 ], [ -105.060659490245769, 24.576368319689145 ], [ -105.061867479928409, 24.577068859983072 ], [ -105.063089179873089, 24.577929519701375 ], [ -105.07089891970044, 24.584147620036486 ], [ -105.078914580150681, 24.590137980227048 ], [ -105.101398510007911, 24.60658331021736 ], [ -105.110092539885486, 24.603231579969719 ], [ -105.111706979648673, 24.608219969857554 ], [ -105.112681059592006, 24.614202550071084 ], [ -105.159168679711797, 24.664007690198652 ], [ -105.164810350264972, 24.67233237993598 ], [ -105.211963319942214, 24.645285000453406 ], [ -105.24120604976315, 24.63203006000543 ], [ -105.259733180198268, 24.622918340403434 ], [ -105.263047550023558, 24.625014280298334 ], [ -105.255324969736208, 24.627504110212865 ], [ -105.249424880159253, 24.651694150401571 ], [ -105.245163780286546, 24.673323520309683 ], [ -105.222007690316303, 24.683956750375472 ], [ -105.219955599686557, 24.701944709629171 ], [ -105.280510089935973, 24.701292769771459 ], [ -105.280755369975253, 24.707902970452704 ], [ -105.289452229492582, 24.702978799563393 ], [ -105.290100220448906, 24.703303479897794 ], [ -105.290567419600436, 24.703606029562934 ], [ -105.290776029874365, 24.703840000387554 ], [ -105.29098116966189, 24.704065339853479 ], [ -105.291010089881368, 24.704373910189886 ], [ -105.291235709751149, 24.704502050145926 ], [ -105.291405829716282, 24.704990340254483 ], [ -105.291519449787856, 24.705401580265764 ], [ -105.291520339771978, 24.705787349576617 ], [ -105.291162379754226, 24.706452539633368 ], [ -105.291116029648776, 24.706994890432643 ], [ -105.290964230304596, 24.707302459827631 ], [ -105.290684619550319, 24.707728880082911 ], [ -105.290568169796401, 24.708129460001516 ], [ -105.290301980209293, 24.70878888976425 ], [ -105.289950709648153, 24.709363509639381 ], [ -105.289430230350803, 24.709700479645331 ], [ -105.288986229716471, 24.709953309969897 ], [ -105.288656019578141, 24.710059859992761 ], [ -105.288434920026489, 24.710220319783929 ], [ -105.28807965961515, 24.710436229889261 ], [ -105.287515619573654, 24.710794250175631 ], [ -105.287916649864272, 24.711457510431281 ], [ -105.288017620238904, 24.712113150351428 ], [ -105.287631540045339, 24.712436750060565 ], [ -105.287370249791181, 24.712734599809188 ], [ -105.286873450108629, 24.713008080016451 ], [ -105.286401460030319, 24.713266350400762 ], [ -105.285954059574536, 24.713395889854269 ], [ -105.285688939842373, 24.713472089864474 ], [ -105.285375049910201, 24.713521379579351 ], [ -105.285248779683286, 24.713805170413419 ], [ -105.285123220449719, 24.714159650375557 ], [ -105.285127119599778, 24.714328549957152 ], [ -105.285121779661964, 24.714919769830388 ], [ -105.285217180054701, 24.715196480369322 ], [ -105.285256599859679, 24.715854019656859 ], [ -105.285296229778154, 24.716615369600625 ], [ -105.285544220303038, 24.717307120261594 ], [ -105.285583620304621, 24.717964650172359 ], [ -105.285641710224908, 24.718501019888816 ], [ -105.285851539962607, 24.719088999619601 ], [ -105.285985139577761, 24.719486769592152 ], [ -105.286193479772365, 24.720465079984791 ], [ -105.286677379627037, 24.721107920388913 ], [ -105.287235519719985, 24.721750619907748 ], [ -105.287494659915637, 24.722343520154908 ], [ -105.287968089837733, 24.722949849653826 ], [ -105.288232180462458, 24.723583970320782 ], [ -105.288755370060102, 24.72433381994999 ], [ -105.289067429596457, 24.724590509902821 ], [ -105.289560059942829, 24.724845739649755 ], [ -105.289999719658908, 24.724960020293544 ], [ -105.290593719561826, 24.725025910292615 ], [ -105.291213970464256, 24.725138719809451 ], [ -105.29186137035002, 24.725392710282279 ], [ -105.292640280103583, 24.725904819906692 ], [ -105.293393850177381, 24.726464280238812 ], [ -105.294180969904374, 24.726882259882188 ], [ -105.29513828031061, 24.727482020235104 ], [ -105.295695800391258, 24.727836679934306 ], [ -105.296049139619029, 24.728157860104837 ], [ -105.296402680292346, 24.728563739620935 ], [ -105.296853689731179, 24.729239680371332 ], [ -105.297400739603674, 24.73004051026356 ], [ -105.297799250491366, 24.730593910088 ], [ -105.298301599627067, 24.73115195023286 ], [ -105.299397509641253, 24.731590250071957 ], [ -105.300437109912735, 24.731757570258836 ], [ -105.301296179979019, 24.731667880126093 ], [ -105.301672430280433, 24.731777450425589 ], [ -105.301968289929079, 24.731960739654806 ], [ -105.302157320202198, 24.732389399577528 ], [ -105.302212080347601, 24.732818349738398 ], [ -105.302240520489491, 24.73348026041695 ], [ -105.3022819699286, 24.733958260366851 ], [ -105.302255880423132, 24.734277049551046 ], [ -105.302297480151751, 24.734816339825191 ], [ -105.302288830304249, 24.735336200255908 ], [ -105.302652909987103, 24.735960659924888 ], [ -105.302801350249908, 24.736266829670619 ], [ -105.302802339694964, 24.736671369840199 ], [ -105.30285705971437, 24.737088050360164 ], [ -105.30293148003274, 24.737783620178966 ], [ -105.302952749511249, 24.737786599577404 ], [ -105.30290002019089, 24.7381912500725 ], [ -105.302957659836224, 24.738922829728892 ], [ -105.303756979638905, 24.739837949630271 ], [ -105.304591689795757, 24.740706629673387 ], [ -105.30589536961574, 24.741145279770826 ], [ -105.306849340425586, 24.741351739693613 ], [ -105.307718449520593, 24.741416979734616 ], [ -105.308446289524852, 24.740907140136521 ], [ -105.308980150178229, 24.740428249622045 ], [ -105.310031139980381, 24.740636739669128 ], [ -105.312732310249487, 24.741712459626722 ], [ -105.31371812021942, 24.742141110252106 ], [ -105.314256650158484, 24.742679349843939 ], [ -105.314459090448395, 24.743083479693901 ], [ -105.314016650267376, 24.743366349574654 ], [ -105.314044110196988, 24.74361145970197 ], [ -105.313587520255865, 24.743612420391084 ], [ -105.313185779545123, 24.744066829725025 ], [ -105.313350229609085, 24.74422406022024 ], [ -105.312945220137934, 24.744425800271145 ], [ -105.313111289906416, 24.745400920243402 ], [ -105.31354708959492, 24.746402109749106 ], [ -105.314070150284138, 24.747600919851916 ], [ -105.314043660235598, 24.748805460230788 ], [ -105.314090449939485, 24.749582509983714 ], [ -105.314298599660532, 24.750116690312108 ], [ -105.314861719712297, 24.750286690177035 ], [ -105.315335660161381, 24.750353600417391 ], [ -105.315834349515072, 24.750372859908591 ], [ -105.316467660268401, 24.750391849935237 ], [ -105.317441619996728, 24.750599489912208 ], [ -105.317448820121541, 24.751014979774016 ], [ -105.317088620145142, 24.751207020163648 ], [ -105.316769060273444, 24.751278479572623 ], [ -105.315949509738005, 24.751452180054166 ], [ -105.315076489625241, 24.752163059978958 ], [ -105.314769910159256, 24.752682780066074 ], [ -105.315134920229923, 24.753364200244935 ], [ -105.315706599787333, 24.754091750159827 ], [ -105.316432909527251, 24.754795000210947 ], [ -105.31700500015009, 24.755593219581343 ], [ -105.317518549932885, 24.756655979583144 ], [ -105.318017400262022, 24.757686380403438 ], [ -105.317660550431398, 24.758290919818126 ], [ -105.317496620204878, 24.75886988962732 ], [ -105.317415880482358, 24.759649950399879 ], [ -105.31733547953344, 24.760555799563654 ], [ -105.317448109866419, 24.761481490136671 ], [ -105.317974089675005, 24.762655749825715 ], [ -105.318780829990956, 24.763876859613482 ], [ -105.319513710111579, 24.765710820211925 ], [ -105.319805179957925, 24.767052170058324 ], [ -105.319396060451709, 24.767690180369549 ], [ -105.319149532234846, 24.767821692871749 ], [ -105.318511750082479, 24.768161919717915 ], [ -105.317692764406829, 24.767940543334799 ], [ -105.315984259610573, 24.767478710041786 ], [ -105.314987779771542, 24.76734724991541 ], [ -105.314380029965562, 24.767616149671603 ], [ -105.31356934044183, 24.767933800050681 ], [ -105.313050090140678, 24.76819599972621 ], [ -105.312284459950021, 24.768167229861358 ], [ -105.311351889769099, 24.767926200334163 ], [ -105.310219539705557, 24.767655200165933 ], [ -105.309220539641132, 24.767475030037694 ], [ -105.307921999540881, 24.767295479681742 ], [ -105.307155920369823, 24.767084450182296 ], [ -105.30632464974039, 24.767420250283614 ], [ -105.30532602968205, 24.767391909923276 ], [ -105.304526149789766, 24.766968319570928 ], [ -105.304159140316784, 24.766604619838358 ], [ -105.303394049500355, 24.766788399610498 ], [ -105.302961649751126, 24.766910749762374 ], [ -105.302629019571697, 24.767002539706272 ], [ -105.30209616953212, 24.766882140453689 ], [ -105.30169608996907, 24.766609600265049 ], [ -105.300864509729564, 24.766823860004077 ], [ -105.299864659551389, 24.766279170419093 ], [ -105.29943029010289, 24.765581489649492 ], [ -105.298762859618407, 24.76485388979377 ], [ -105.298377280185633, 24.764420800047098 ], [ -105.296636379843306, 24.762938290246449 ], [ -105.296004689840089, 24.762309709769124 ], [ -105.295073319726924, 24.761846020363311 ], [ -105.294652539943868, 24.761846849553162 ], [ -105.294423999931553, 24.762113690344286 ], [ -105.294111049627858, 24.762312289600391 ], [ -105.293652949695087, 24.762302199718373 ], [ -105.293158510161405, 24.762215170077614 ], [ -105.292483200204913, 24.762106490246843 ], [ -105.291880279899814, 24.762019660353342 ], [ -105.291156799522227, 24.761933079979755 ], [ -105.290554459809073, 24.762099230442445 ], [ -105.290169049817351, 24.762242980029907 ], [ -105.289652139538674, 24.762564860271706 ], [ -105.289193379869118, 24.763031980150735 ], [ -105.288683449882399, 24.763468119917164 ], [ -105.288309310300235, 24.763701949596125 ], [ -105.287760290318545, 24.764121659943896 ], [ -105.287158909798165, 24.764334059686789 ], [ -105.286619120415082, 24.764490000122041 ], [ -105.285770220008928, 24.764435290168446 ], [ -105.285152950148117, 24.764464629681815 ], [ -105.284034430024519, 24.764607579606164 ], [ -105.283371079749074, 24.764721489974786 ], [ -105.282599519765256, 24.764751120327698 ], [ -105.282028319853254, 24.764667709883362 ], [ -105.281830180367308, 24.764664889949536 ], [ -105.281305459916823, 24.76451675028672 ], [ -105.280963089961091, 24.764500710286349 ], [ -105.280638849771435, 24.764430910259044 ], [ -105.279689259600815, 24.76335415018638 ], [ -105.27931954028476, 24.762907259623685 ], [ -105.278952379609336, 24.762832779696094 ], [ -105.279323180447236, 24.763398169647051 ], [ -105.279149379562412, 24.76389624961088 ], [ -105.279261370090154, 24.763909799595339 ], [ -105.279619600356384, 24.764153909671414 ], [ -105.280067460116371, 24.764499859785957 ], [ -105.28035917012707, 24.764988890059001 ], [ -105.280362289866019, 24.765118369710198 ], [ -105.28050030955194, 24.76536977972755 ], [ -105.280596710180532, 24.7655755402021 ], [ -105.280753919915256, 24.765819829887644 ], [ -105.280945970334756, 24.765996799548223 ], [ -105.281213799739689, 24.766080910075122 ], [ -105.281547110279362, 24.76622694964416 ], [ -105.281650940429159, 24.766446779610142 ], [ -105.281684029816347, 24.766869450351546 ], [ -105.281619800300945, 24.767165620203844 ], [ -105.281425880443678, 24.767491649852172 ], [ -105.281361539916119, 24.767743399959013 ], [ -105.281459490303391, 24.768009679971737 ], [ -105.281654650459942, 24.768231339574079 ], [ -105.282077079976517, 24.768511799549678 ], [ -105.282499090327448, 24.768569539791791 ], [ -105.282890059997442, 24.768655539823438 ], [ -105.283143800338806, 24.768770689939618 ], [ -105.283418859974958, 24.768972550088971 ], [ -105.283746849607411, 24.769232120044798 ], [ -105.283926850240633, 24.769434170398355 ], [ -105.284138399679705, 24.769578319691753 ], [ -105.28426540001125, 24.769693719964973 ], [ -105.284407260152548, 24.769907889751302 ], [ -105.284218429565954, 24.77028627962175 ], [ -105.284554060233759, 24.770713150327794 ], [ -105.285428890398407, 24.771055909787229 ], [ -105.286135800158803, 24.770959319787025 ], [ -105.286540969928453, 24.771510369700518 ], [ -105.286743510000662, 24.771619030212936 ], [ -105.287138250131207, 24.771915859998945 ], [ -105.287342909614949, 24.772275029680699 ], [ -105.287650429838152, 24.77234358023308 ], [ -105.287606480306337, 24.772238350344406 ], [ -105.288790909774235, 24.772209109723843 ], [ -105.288782139924976, 24.772958150413444 ], [ -105.288721720442609, 24.773607649828993 ], [ -105.289158349637816, 24.774293740115041 ], [ -105.289479180222813, 24.774505680119695 ], [ -105.289903120206105, 24.774667540331823 ], [ -105.29020065027602, 24.774708709542388 ], [ -105.290384740247461, 24.774778599608524 ], [ -105.290868520504233, 24.774330480377465 ], [ -105.29132396979783, 24.774356710130707 ], [ -105.291210849762507, 24.774772370283916 ], [ -105.292055549673776, 24.775456619845531 ], [ -105.292410690319016, 24.775675110360616 ], [ -105.29289132043408, 24.775757680266011 ], [ -105.29365764975806, 24.77570397975262 ], [ -105.294287290070969, 24.775911509727294 ], [ -105.294824650342761, 24.775936509701275 ], [ -105.295261750107329, 24.776245319615501 ], [ -105.295287480280763, 24.776726550063483 ], [ -105.29526328042013, 24.776894170372401 ], [ -105.295429320052918, 24.777124250236685 ], [ -105.295911799633188, 24.77774817975174 ], [ -105.296301049617952, 24.778322540385915 ], [ -105.296560740175721, 24.778779169826684 ], [ -105.296733400166758, 24.779340109723794 ], [ -105.297229799879091, 24.78055946023543 ], [ -105.297003459652657, 24.780683659733285 ], [ -105.296697429714072, 24.781164089657807 ], [ -105.296791919579448, 24.781697109635992 ], [ -105.296725889643454, 24.781813799768386 ], [ -105.297100599837606, 24.783564320252697 ], [ -105.297835419793628, 24.783508830060899 ], [ -105.29796857032396, 24.783559910169139 ], [ -105.298270779806231, 24.784002710433075 ], [ -105.290034600251673, 24.78618214970685 ], [ -105.289925279943887, 24.786161910130645 ], [ -105.289930019832724, 24.786209819759833 ], [ -105.23772991980438, 24.800011029791897 ], [ -105.245725660087814, 24.82751773956786 ], [ -105.262968380249944, 24.869651379836899 ], [ -105.263326480382247, 24.869485799944254 ], [ -105.266463280246725, 24.872604310328548 ], [ -105.264232109793113, 24.872738199759141 ], [ -105.264513690149499, 24.873426000290856 ], [ -105.249451000207188, 24.873633089699954 ], [ -105.240275780350004, 24.875915289812855 ], [ -105.240235229730843, 24.875935889909432 ], [ -105.210709750340953, 24.890927520022291 ], [ -105.140820860109699, 24.899232420414016 ], [ -105.147997050485031, 24.909565539826989 ], [ -105.148851550161027, 24.91076739981045 ], [ -105.150366460170872, 24.91289804990133 ], [ -105.153103230229462, 24.916746970335677 ], [ -105.161629780106651, 24.928873679831185 ], [ -105.212886400066751, 24.906862340309832 ], [ -105.213874979584901, 24.907892180049011 ], [ -105.21450599955665, 24.909122649925642 ], [ -105.21440004953385, 24.909982319769927 ], [ -105.214948089825413, 24.910897970216514 ], [ -105.215386510476634, 24.911781849565919 ], [ -105.215337280238813, 24.912957710286779 ], [ -105.215417709552071, 24.913717680027428 ], [ -105.215454739726852, 24.914622349732905 ], [ -105.215420569959051, 24.915365570248539 ], [ -105.215315550480781, 24.916141199965889 ], [ -105.215175199886261, 24.916981509955836 ], [ -105.215354259666654, 24.918015230375268 ], [ -105.215745220170874, 24.918563949856793 ], [ -105.215424910286842, 24.920283479979339 ], [ -105.214498829826397, 24.921064649913099 ], [ -105.214501490399968, 24.921606450387557 ], [ -105.214036650226973, 24.921631909881121 ], [ -105.213804169762085, 24.921632850160787 ], [ -105.212850380367371, 24.922037220103515 ], [ -105.212515509540367, 24.922227049831282 ], [ -105.211922550481248, 24.922465029904693 ], [ -105.211563909957988, 24.923078969602702 ], [ -105.211205830118615, 24.923810680417887 ], [ -105.210796429720816, 24.924613280292977 ], [ -105.209980260015826, 24.925203719960258 ], [ -105.209596219572262, 24.925993199751929 ], [ -105.209146450134071, 24.926472780449711 ], [ -105.208968689886859, 24.926993999726786 ], [ -105.208823889944142, 24.928013449549063 ], [ -105.208792769600606, 24.928375739692189 ], [ -105.208853830490796, 24.928788089992956 ], [ -105.209125890004557, 24.929451739559191 ], [ -105.209110909950056, 24.930080179824859 ], [ -105.208087519604078, 24.931161119744957 ], [ -105.207531230227616, 24.932089520386882 ], [ -105.20684059952103, 24.932458450055702 ], [ -105.206732000188879, 24.932716919849376 ], [ -105.206950430189465, 24.93293520001501 ], [ -105.207563200043751, 24.933161849667208 ], [ -105.207972460207415, 24.933552710379505 ], [ -105.208206720437204, 24.933478940061171 ], [ -105.208462680408331, 24.933439709843761 ], [ -105.208868110398541, 24.933477999997034 ], [ -105.208719549547084, 24.933944650370414 ], [ -105.208449940318928, 24.934257710115983 ], [ -105.208373429888894, 24.934632690023331 ], [ -105.208423430204505, 24.93548037012653 ], [ -105.20840294996043, 24.935985679764791 ], [ -105.208425549724026, 24.936743580456966 ], [ -105.208319599653578, 24.937171290125779 ], [ -105.20826637043416, 24.937459219803827 ], [ -105.195269340075754, 24.944482259557429 ], [ -105.193808850114934, 24.945271320052285 ], [ -105.185002490328259, 24.96596366017803 ], [ -105.183828279764043, 24.963518350313592 ], [ -105.179400429838424, 24.969958150295199 ], [ -105.178313719812337, 24.969332619889755 ], [ -105.176785290246642, 24.971788259626102 ], [ -105.175103889853133, 24.974489540042136 ], [ -105.173021119751084, 24.973004820136516 ], [ -105.17250342004796, 24.97384863015434 ], [ -105.170987090154782, 24.974049829678098 ], [ -105.169819049823218, 24.974560289577575 ], [ -105.169227520413784, 24.974761230082571 ], [ -105.168599059755536, 24.9748447696042 ], [ -105.16731152030215, 24.973748690095231 ], [ -105.16729818018392, 24.973737340013219 ], [ -105.166971969993966, 24.974264679643529 ], [ -105.166851260299495, 24.974459780082547 ], [ -105.16647218045793, 24.975072580155917 ], [ -105.165487910475946, 24.976663659661956 ], [ -105.164847549515287, 24.977698780186657 ], [ -105.164205969998818, 24.978735849614218 ], [ -105.163254849702767, 24.980273230028377 ], [ -105.161372550047815, 24.983315619792254 ], [ -105.1610185996946, 24.983887710455264 ], [ -105.160659109586248, 24.984468739888378 ], [ -105.163457090062906, 24.985965799971616 ], [ -105.163672739908421, 24.986081180205431 ], [ -105.164002290216402, 24.986257509651281 ], [ -105.166027059739491, 24.987340799795586 ], [ -105.168096739963261, 24.988448060392816 ], [ -105.168307170012497, 24.988560650396703 ], [ -105.170430060119642, 24.989696340339282 ], [ -105.172412550036498, 24.990756860010073 ], [ -105.172522340438249, 24.990815599905016 ], [ -105.174642629931483, 24.991949799673321 ], [ -105.17300254002906, 24.994561340116949 ], [ -105.171435089537695, 24.997057089556439 ], [ -105.169736749940711, 24.999423720054082 ], [ -105.165280290239409, 24.997078079926133 ], [ -105.163108249576666, 24.995934750279979 ], [ -105.161563880321893, 24.998460940255541 ], [ -105.16039411993944, 25.000374249705487 ], [ -105.159954430259475, 25.001001080321846 ], [ -105.16210312024441, 25.002176580206154 ], [ -105.160478079944824, 25.004724180265473 ], [ -105.158916280435207, 25.007172459823654 ], [ -105.161139940325583, 25.008254279616907 ], [ -105.157667449945308, 25.013338489734188 ], [ -105.156858490325419, 25.014522830286165 ], [ -105.158979879993439, 25.01569841958727 ], [ -105.158098280152458, 25.017045120124116 ], [ -105.156444290132924, 25.019571650104357 ], [ -105.156411690002471, 25.019621450229504 ], [ -105.15494367955732, 25.021863780307552 ], [ -105.154828419945787, 25.02203983017893 ], [ -105.15402563026899, 25.023266029962816 ], [ -105.153259909556127, 25.024435570344714 ], [ -105.151537740322638, 25.027065879838673 ], [ -105.149779179758355, 25.029751620146079 ], [ -105.153265919793029, 25.031814090272171 ], [ -105.151525030305564, 25.033746179898895 ], [ -105.152055549669242, 25.034094479914106 ], [ -105.155021889848783, 25.036041770129657 ], [ -105.156607459618527, 25.037082599660408 ], [ -105.157158400037758, 25.037444250198078 ], [ -105.156629339506239, 25.037625880038789 ], [ -105.156381030018437, 25.037711119874817 ], [ -105.151852120444261, 25.039265750283423 ], [ -105.15027643027733, 25.039806600065379 ], [ -105.152724120283949, 25.04107585966856 ], [ -105.151301120388894, 25.043147260285853 ], [ -105.150995339619087, 25.043592379888032 ], [ -105.150691392890934, 25.044034813655927 ], [ -105.150677550472608, 25.044054962586749 ], [ -105.150652325734242, 25.044091679738766 ], [ -105.150197219548531, 25.044754139948061 ], [ -105.150822548485777, 25.045098818983792 ], [ -105.150844341927836, 25.045110831351039 ], [ -105.153259379871173, 25.046441949952008 ], [ -105.150778030059357, 25.050159149789234 ], [ -105.147986720128472, 25.054340370316446 ], [ -105.146023120107273, 25.053248540098114 ], [ -105.145821904537044, 25.053136653562856 ], [ -105.145802538387372, 25.053125885352912 ], [ -105.145724064930391, 25.053082249975223 ], [ -105.145723819528186, 25.053082113294703 ], [ -105.144476137325526, 25.052388328567474 ], [ -105.144471320336734, 25.052385650277923 ], [ -105.144433545812134, 25.052364645299878 ], [ -105.142978898423209, 25.051555753163985 ], [ -105.142766818177336, 25.051437818156639 ], [ -105.142435616125539, 25.051253640509607 ], [ -105.142203989542139, 25.05112483533896 ], [ -105.141520229712825, 25.050744599836481 ], [ -105.141190231832965, 25.050561086210823 ], [ -105.14091335047857, 25.050407109752555 ], [ -105.139409249699142, 25.049570650188706 ], [ -105.139396692333122, 25.049590016361158 ], [ -105.139393161750135, 25.049595461541934 ], [ -105.139339611053316, 25.049678046841034 ], [ -105.139299750399758, 25.049739520754382 ], [ -105.137616292418201, 25.05233610582675 ], [ -105.137611830759795, 25.052342988079591 ], [ -105.137602125359223, 25.052357957118165 ], [ -105.137592537180197, 25.052372745931596 ], [ -105.136022690448172, 25.054793980279026 ], [ -105.134009970369533, 25.053503549704331 ], [ -105.133912459961593, 25.053441030265891 ], [ -105.13363011007435, 25.053259999605114 ], [ -105.129607179885227, 25.051183580035225 ], [ -105.12787068038547, 25.053779509791802 ], [ -105.126354649671541, 25.056045719982041 ], [ -105.124588059771867, 25.058686339688816 ], [ -105.122982660259879, 25.061085920209461 ], [ -105.121330859551733, 25.063554739863257 ], [ -105.121273339992683, 25.063640740216769 ], [ -105.119579649712435, 25.066172049824846 ], [ -105.115022450087338, 25.063198050148355 ], [ -105.114592902560545, 25.06393334355435 ], [ -105.113687773541429, 25.065482698354476 ], [ -105.111834380142, 25.068655109812074 ], [ -105.112764489771578, 25.072245060094716 ], [ -105.115161650103403, 25.08149643019285 ], [ -105.116775429495107, 25.087723769558455 ], [ -105.119264600492713, 25.097327829999539 ], [ -105.113959999917725, 25.102592350253595 ], [ -105.079950659513742, 25.090239579555298 ], [ -105.064405999705386, 25.11120450981873 ], [ -105.03745882005974, 25.111907199966765 ], [ -105.027470620098313, 25.115897280253616 ], [ -105.030623830255578, 25.103006459780772 ], [ -105.006521950024421, 25.116829970187027 ], [ -105.001413370391916, 25.105997019988433 ], [ -105.003419950075838, 25.104642379859243 ], [ -105.003205140210852, 25.104406969742513 ], [ -105.002793659669805, 25.104028540226619 ], [ -105.0026598599853, 25.103807120039015 ] ] ] } },
{ "type": "Feature", "properties": { "CVE_MUN": "007", "NOM_MUN": "Gomez Palacio", "CASOS_CONFIRMADOS": 19, "HOSPITALIZADOS": 2 }, "geometry": { "type": "Polygon", "coordinates": [ [ [ -103.564935000226157, 25.87856080010318 ], [ -103.564442909651575, 25.877579259703968 ], [ -103.553397170448676, 25.882300999768852 ], [ -103.551536820086824, 25.878655350264214 ], [ -103.549951859863526, 25.875264520120158 ], [ -103.539485350467061, 25.879631109970784 ], [ -103.543092080454215, 25.865751850362184 ], [ -103.531700599611554, 25.86428327984293 ], [ -103.523103860473114, 25.863592880221898 ], [ -103.517845379657089, 25.864030420233039 ], [ -103.513966139879713, 25.865006139774383 ], [ -103.511864880013647, 25.865534599554781 ], [ -103.50559808047322, 25.865964310098363 ], [ -103.507415689748584, 25.832573539769587 ], [ -103.494334969550792, 25.831692549626073 ], [ -103.484797310237283, 25.831126230158979 ], [ -103.482151089601103, 25.857647740012052 ], [ -103.480651220176512, 25.857735140407769 ], [ -103.474190979914141, 25.858187119992007 ], [ -103.460485859521341, 25.854692139918097 ], [ -103.461425630319525, 25.841950720439581 ], [ -103.451336379558725, 25.839233779571053 ], [ -103.436914050449175, 25.838119289847555 ], [ -103.437687800373425, 25.829274279570882 ], [ -103.428907179759193, 25.831408600079872 ], [ -103.424190200184199, 25.832554429774383 ], [ -103.411356710349665, 25.835706550352292 ], [ -103.414163740204955, 25.839196600437262 ], [ -103.42081642043641, 25.845990830195191 ], [ -103.433303229684554, 25.843167690345837 ], [ -103.431941370199567, 25.857334780374686 ], [ -103.437446349795451, 25.863847509571389 ], [ -103.438315949553015, 25.863836420117195 ], [ -103.443863489657389, 25.869628829697934 ], [ -103.435753879793879, 25.870297780009228 ], [ -103.432367950368672, 25.870756169837289 ], [ -103.421472719945584, 25.872874109961792 ], [ -103.413634520169069, 25.874175659933901 ], [ -103.406928850214896, 25.875152819958679 ], [ -103.406846725879802, 25.875148846608198 ], [ -103.406211739813671, 25.875118119987036 ], [ -103.405881800453216, 25.875072279773292 ], [ -103.405745379755658, 25.875057077728158 ], [ -103.405488890162047, 25.875028489895968 ], [ -103.405025649625074, 25.874970520299243 ], [ -103.404587920401056, 25.874915920003556 ], [ -103.404322480222817, 25.874885089790315 ], [ -103.404171969794604, 25.874859920354641 ], [ -103.403687199813533, 25.874804549844495 ], [ -103.403438110339394, 25.874785230405717 ], [ -103.403184508463994, 25.874741030369822 ], [ -103.403086046609673, 25.87474726151008 ], [ -103.403018976179865, 25.8747515062099 ], [ -103.402845569957734, 25.874762479601632 ], [ -103.40266485887922, 25.874783750666456 ], [ -103.402507579104196, 25.874793149944221 ], [ -103.402494982383118, 25.874793903457547 ], [ -103.402402569572814, 25.874799420448575 ], [ -103.402205420133058, 25.874876159685712 ], [ -103.40207187940328, 25.874928140569217 ], [ -103.401937534732696, 25.874957683180618 ], [ -103.40192734392366, 25.874959924419567 ], [ -103.401877121915788, 25.87497096814759 ], [ -103.401853740050925, 25.874976110149543 ], [ -103.401710893460091, 25.874859700205615 ], [ -103.401470020283256, 25.874663401844717 ], [ -103.400858520430958, 25.874165289711648 ], [ -103.400784024626958, 25.874096791130963 ], [ -103.400540058865587, 25.873872460615399 ], [ -103.400481690001499, 25.873825250795377 ], [ -103.400218779340761, 25.873612649831458 ], [ -103.400142749408616, 25.873555201208077 ], [ -103.399819970094171, 25.873295230498872 ], [ -103.399789655456615, 25.873270816516413 ], [ -103.399456732962832, 25.873002676524685 ], [ -103.399377448871604, 25.872938821011481 ], [ -103.399242503120803, 25.872827442863152 ], [ -103.399242452543945, 25.872827400686202 ], [ -103.39893494531232, 25.872573596069216 ], [ -103.398918060365176, 25.872559660301278 ], [ -103.398851603207703, 25.872492942556978 ], [ -103.398836487254201, 25.872477767787117 ], [ -103.39799809020468, 25.871636080435835 ], [ -103.397181999603802, 25.871060029566411 ], [ -103.39659718033964, 25.870212279914185 ], [ -103.395824073273204, 25.868125505916296 ], [ -103.395822039493098, 25.8681200172228 ], [ -103.395489946458952, 25.867223610758696 ], [ -103.395243314165825, 25.866557868928592 ], [ -103.39514999553495, 25.866305972093794 ], [ -103.394842864400076, 25.86547691537934 ], [ -103.394640379165423, 25.864930330836398 ], [ -103.394627970569076, 25.864896836227665 ], [ -103.394603464107803, 25.86483068404787 ], [ -103.394578067789197, 25.864762128277363 ], [ -103.394554962262191, 25.864699759079564 ], [ -103.394322796176468, 25.864073043884957 ], [ -103.394300250382003, 25.86401218238041 ], [ -103.394274294877761, 25.863942116933174 ], [ -103.394247395863772, 25.863869504167713 ], [ -103.394244689138787, 25.863862197603581 ], [ -103.394237839743766, 25.863843708371501 ], [ -103.394208319732826, 25.863764020437962 ], [ -103.393843005165692, 25.86276855816152 ], [ -103.393818495675333, 25.862701769139267 ], [ -103.393518994935377, 25.861885631569397 ], [ -103.393518624236322, 25.861884620926443 ], [ -103.391597150340971, 25.85664833978749 ], [ -103.379406785806268, 25.860323535857521 ], [ -103.379406739847468, 25.860323549860844 ], [ -103.379677592114504, 25.855131693852229 ], [ -103.379677629626102, 25.855130979800713 ], [ -103.379124030444117, 25.855054770313277 ], [ -103.378451879996632, 25.85496573986838 ], [ -103.378385890150142, 25.854956170147332 ], [ -103.376775570449439, 25.854765750215403 ], [ -103.376522361520941, 25.853670248786798 ], [ -103.376522290091387, 25.85366994015622 ], [ -103.376588800767919, 25.853239361263824 ], [ -103.376588859865905, 25.853238979854819 ], [ -103.376539169927952, 25.852986649892337 ], [ -103.375191350226629, 25.853100749886856 ], [ -103.371683260429663, 25.853486550090821 ], [ -103.371683263029496, 25.853487270142189 ], [ -103.371693319729786, 25.85600620025113 ], [ -103.373499709782337, 25.857749340405636 ], [ -103.373499659681329, 25.857750004683933 ], [ -103.373192179713286, 25.861846429803748 ], [ -103.373192214526057, 25.861846783188408 ], [ -103.373202420129047, 25.861949419763061 ], [ -103.373202408733448, 25.861949953111779 ], [ -103.373138509535266, 25.865058780293531 ], [ -103.373138524461922, 25.8650592435826 ], [ -103.373138528180036, 25.865059500198932 ], [ -103.373175516862716, 25.866387880261925 ], [ -103.372862050364077, 25.867067830047031 ], [ -103.364181339827681, 25.864737260207498 ], [ -103.362155600399348, 25.864339310111497 ], [ -103.358679254564279, 25.867176892781981 ], [ -103.358673277258433, 25.867181771350889 ], [ -103.358647306696696, 25.867202969235013 ], [ -103.358539491498377, 25.867290970333727 ], [ -103.358024754083331, 25.867711107617673 ], [ -103.357996776611202, 25.867733943175573 ], [ -103.357988195227222, 25.867740947991241 ], [ -103.357957955604036, 25.867765629381609 ], [ -103.357810853249674, 25.867885696476815 ], [ -103.357789448428591, 25.867903167714346 ], [ -103.357721669749083, 25.867958488565201 ], [ -103.357644457813137, 25.868021509798481 ], [ -103.35760473814581, 25.86805393001784 ], [ -103.357305889264964, 25.868297851239397 ], [ -103.357207994519825, 25.868377753185548 ], [ -103.357204549606081, 25.868380564993107 ], [ -103.357135811305525, 25.868436669166673 ], [ -103.357039399283423, 25.868515361219778 ], [ -103.355908663758711, 25.869438252793124 ], [ -103.35508948206342, 25.870106844097229 ], [ -103.354927229652688, 25.870239267924383 ], [ -103.354623386051927, 25.870487251881645 ], [ -103.353939032481208, 25.871045787161091 ], [ -103.35387181608678, 25.871100645227635 ], [ -103.353829929684125, 25.871134830462058 ], [ -103.353488419655093, 25.871413550422382 ], [ -103.353412261009169, 25.871474728485538 ], [ -103.346605249823213, 25.876942340740872 ], [ -103.346365878361169, 25.860699400013409 ], [ -103.346360108752748, 25.860304380847882 ], [ -103.345164149314371, 25.857654970487022 ], [ -103.345088030321605, 25.857505199784494 ], [ -103.345022349143903, 25.857290981226846 ], [ -103.344952418406976, 25.856905310338206 ], [ -103.344827048580484, 25.856069368864254 ], [ -103.344650059055667, 25.855010680523542 ], [ -103.344644417783286, 25.854976890452612 ], [ -103.344487708535382, 25.853839260813967 ], [ -103.34436050873687, 25.853027431244477 ], [ -103.344175170405222, 25.852288551246492 ], [ -103.343714919173848, 25.851228219464325 ], [ -103.343531859212433, 25.850886340431781 ], [ -103.343106749755322, 25.850215620081368 ], [ -103.342762350855125, 25.849745549782376 ], [ -103.34249682031043, 25.849423951330643 ], [ -103.341794017916328, 25.848727369623209 ], [ -103.340911999704915, 25.847852690847471 ], [ -103.340251138995114, 25.847214821035934 ], [ -103.33928222921152, 25.846253720497089 ], [ -103.338243319776808, 25.84524385013734 ], [ -103.337723979642135, 25.844728001174587 ], [ -103.337276659257967, 25.844279309783275 ], [ -103.337116520247832, 25.844130569105712 ], [ -103.336975200135186, 25.843935910082617 ], [ -103.336836878014253, 25.843677520464936 ], [ -103.336725400377361, 25.843392060939895 ], [ -103.33665894958591, 25.843132509834856 ], [ -103.336529120429873, 25.842590429635777 ], [ -103.336006119130261, 25.838737079777864 ], [ -103.33166660040672, 25.831663020255746 ], [ -103.3228890481939, 25.825082310223014 ], [ -103.321612618890356, 25.821946121320448 ], [ -103.320578420200746, 25.819492309938067 ], [ -103.319006606099052, 25.815052435810262 ], [ -103.319006196567216, 25.815051280175492 ], [ -103.318993354197985, 25.815015002351789 ], [ -103.318917780503966, 25.81480152026931 ], [ -103.318823800910351, 25.814203635207903 ], [ -103.318820194097782, 25.814180687484132 ], [ -103.318587658500192, 25.812701290157577 ], [ -103.318781539670269, 25.806310680579646 ], [ -103.318908979546293, 25.806100981252147 ], [ -103.3193476495819, 25.804928998846936 ], [ -103.319351779131352, 25.804656479793749 ], [ -103.319351889842594, 25.80464874096231 ], [ -103.32011442904799, 25.802729849652906 ], [ -103.321273659882436, 25.801927619398899 ], [ -103.321511968964884, 25.801762690891227 ], [ -103.322076509239508, 25.801372001292748 ], [ -103.322456550092625, 25.801108981110325 ], [ -103.32275591913249, 25.800656080935976 ], [ -103.32303110932672, 25.799929429623955 ], [ -103.32302537732825, 25.799830598348443 ], [ -103.3229802185366, 25.799051999692573 ], [ -103.322803258720811, 25.798360120984047 ], [ -103.322768969411044, 25.798048151154887 ], [ -103.321149049501727, 25.797967369937339 ], [ -103.321666779675539, 25.796191119753473 ], [ -103.321767381251263, 25.795845969979602 ], [ -103.322978168636169, 25.792720511179937 ], [ -103.323192648670883, 25.792178320358875 ], [ -103.323214140069737, 25.786792139715981 ], [ -103.32297395056915, 25.784212709932305 ], [ -103.323056309483221, 25.783736399958066 ], [ -103.323400459493286, 25.782709030959357 ], [ -103.323764980190916, 25.782410429987031 ], [ -103.324055920095901, 25.782176000950013 ], [ -103.324055968871562, 25.782175970613114 ], [ -103.324555750418156, 25.781769540321523 ], [ -103.325391798552701, 25.781091909814585 ], [ -103.325570049381994, 25.77995147952814 ], [ -103.325998820323832, 25.777208111111982 ], [ -103.325998832520554, 25.777208030291451 ], [ -103.325998878608274, 25.777207736961152 ], [ -103.325998960404917, 25.777207212966903 ], [ -103.325999610122182, 25.777203055516015 ], [ -103.326000721440167, 25.777195937547567 ], [ -103.326001468962644, 25.777191156203958 ], [ -103.32674781866038, 25.772415551175271 ], [ -103.326709400003693, 25.772089370049759 ], [ -103.326700112463143, 25.771999547060243 ], [ -103.326699399994027, 25.771992655652124 ], [ -103.326690124744601, 25.771902955897698 ], [ -103.326686893681043, 25.771871707599029 ], [ -103.326685273160962, 25.77185603632957 ], [ -103.326680560526455, 25.771810461513873 ], [ -103.32667882891819, 25.771793720969576 ], [ -103.326668060084927, 25.771697830151286 ], [ -103.326596218846547, 25.771058001363002 ], [ -103.326585985373569, 25.77099499213324 ], [ -103.326577479281909, 25.770942624229427 ], [ -103.326577436458621, 25.770942354315888 ], [ -103.32656363095029, 25.770857364139271 ], [ -103.32656320125237, 25.770854717619631 ], [ -103.326562579202076, 25.770850890950452 ], [ -103.326578970497664, 25.769865520487077 ], [ -103.326579139998245, 25.769855051000295 ], [ -103.326548683531428, 25.76977360763496 ], [ -103.326526675281187, 25.769714751946807 ], [ -103.326526456976751, 25.769714168789509 ], [ -103.326515033763272, 25.769683622097023 ], [ -103.326512316212742, 25.769676355663659 ], [ -103.32650887578518, 25.769667158029534 ], [ -103.326477018926241, 25.769581969761308 ], [ -103.326377289311282, 25.765525150713621 ], [ -103.326354369095199, 25.76459278134481 ], [ -103.326321710197774, 25.763264549862679 ], [ -103.326294108589536, 25.762141350971515 ], [ -103.32635417512671, 25.761115739598125 ], [ -103.32639319768721, 25.760449420404257 ], [ -103.326393418958745, 25.760445490501752 ], [ -103.326465445616662, 25.760231815729828 ], [ -103.328933751218571, 25.752908769879785 ], [ -103.329275088757996, 25.751892980370243 ], [ -103.332180028722561, 25.743266029772563 ], [ -103.332331280053594, 25.742816799849955 ], [ -103.333705218139471, 25.738736108736077 ], [ -103.333706029442695, 25.738733979574917 ], [ -103.333886340062193, 25.738264199874266 ], [ -103.335006028786538, 25.735347049246684 ], [ -103.336616169932157, 25.731151781228384 ], [ -103.336656380278598, 25.731047018962204 ], [ -103.338109598701905, 25.727260369946361 ], [ -103.338110519462873, 25.727258771310609 ], [ -103.338741708911172, 25.726166800167984 ], [ -103.338839459871096, 25.726017539707161 ], [ -103.339241510328463, 25.725403649745488 ], [ -103.339288460146122, 25.725331969714905 ], [ -103.340289180426893, 25.724034479682601 ], [ -103.340527909569289, 25.723770279816623 ], [ -103.340896550160267, 25.723470179963972 ], [ -103.341073419932812, 25.723300939674871 ], [ -103.34161647995785, 25.722964689925615 ], [ -103.341879620126377, 25.722875510424121 ], [ -103.344832919919611, 25.721855349571431 ], [ -103.346594938552386, 25.721107622862856 ], [ -103.347399800473895, 25.720766063526078 ], [ -103.348956170399219, 25.720105570010155 ], [ -103.349262027113525, 25.719968150177206 ], [ -103.349328961152224, 25.719938077081906 ], [ -103.349329055829813, 25.719938034553298 ], [ -103.349329114625576, 25.719938007749441 ], [ -103.34959004963666, 25.719820769753987 ], [ -103.350147580077063, 25.719529660448998 ], [ -103.350529447958309, 25.719325272340388 ], [ -103.350717220070777, 25.719224770138823 ], [ -103.351392520166314, 25.718692719992774 ], [ -103.351512219846725, 25.718557940256286 ], [ -103.351708799652144, 25.718356259943963 ], [ -103.351931970319256, 25.71805812023927 ], [ -103.352037733754628, 25.71789997786631 ], [ -103.352038263180688, 25.717899186074291 ], [ -103.352108489704065, 25.717794180426424 ], [ -103.35231667980328, 25.717376750375617 ], [ -103.352624969696294, 25.716887849717622 ], [ -103.352836060054756, 25.716553090053953 ], [ -103.352710490267668, 25.716489290200375 ], [ -103.35269823048047, 25.716482969799301 ], [ -103.347602830497607, 25.712998339723431 ], [ -103.347560290034323, 25.712969249822187 ], [ -103.347548200287804, 25.712960540345183 ], [ -103.343852679924439, 25.710299689554013 ], [ -103.342606429822183, 25.709402319562308 ], [ -103.341524379773645, 25.708622880061036 ], [ -103.339394480480053, 25.707903980155994 ], [ -103.339436890229337, 25.707604819961254 ], [ -103.340141549588921, 25.706542319569635 ], [ -103.34029276956835, 25.706298710255432 ], [ -103.340298950268618, 25.705852719582484 ], [ -103.340225600254087, 25.70552040007497 ], [ -103.341185860324501, 25.705021420239657 ], [ -103.342232770404806, 25.704523400262978 ], [ -103.346234539978525, 25.703431369577238 ], [ -103.351715780023568, 25.701885250034351 ], [ -103.352458799861978, 25.701422969870041 ], [ -103.353682719610674, 25.700652309862651 ], [ -103.354990860466501, 25.699860029603361 ], [ -103.354616999982852, 25.699462579778036 ], [ -103.352163799823074, 25.696665200182007 ], [ -103.35056248001986, 25.694839369798885 ], [ -103.34921371018099, 25.693443940415506 ], [ -103.350550420281508, 25.692937139959579 ], [ -103.350784569963167, 25.692866309686551 ], [ -103.351099720340954, 25.692783850007689 ], [ -103.351244780058025, 25.692748710331699 ], [ -103.351389829677586, 25.692713569700146 ], [ -103.351534890134957, 25.692678419771553 ], [ -103.351679939607067, 25.692643279779169 ], [ -103.351825000011289, 25.69260813955896 ], [ -103.351970050336874, 25.692573000197189 ], [ -103.352115109583224, 25.692537859717692 ], [ -103.352260149742364, 25.692502720173618 ], [ -103.352405219851775, 25.692467580239153 ], [ -103.352550279769332, 25.692432430280018 ], [ -103.352695319693112, 25.692397290334299 ], [ -103.352840379557591, 25.6923621500836 ], [ -103.353037259571082, 25.692309819658721 ], [ -103.353241909758438, 25.692244150239301 ], [ -103.35337967955374, 25.692190059921938 ], [ -103.353517450244667, 25.692135970380658 ], [ -103.353655219810491, 25.692081879818836 ], [ -103.353792980158644, 25.692027780142482 ], [ -103.353930749504542, 25.691973690243056 ], [ -103.354068519736785, 25.691919600212881 ], [ -103.354206289854247, 25.691865510060509 ], [ -103.354344059857027, 25.69181141978585 ], [ -103.3544818295466, 25.691757310343384 ], [ -103.354619600320945, 25.69170321981569 ], [ -103.354757369885149, 25.691649120105112 ], [ -103.354895140439552, 25.691595030239874 ], [ -103.355032909878304, 25.691540940261 ], [ -103.355170680203329, 25.691486850151339 ], [ -103.355308450205541, 25.691432739966903 ], [ -103.355425079901465, 25.691386950230342 ], [ -103.355446220301161, 25.691378649612801 ], [ -103.355583980177997, 25.691324550152846 ], [ -103.355721750044211, 25.691270459554278 ], [ -103.355865770052375, 25.691208290037551 ], [ -103.356015629974621, 25.691140749813215 ], [ -103.356146979720307, 25.691074850097266 ], [ -103.356278340343209, 25.691008950174432 ], [ -103.356409689822456, 25.690943050233631 ], [ -103.356541050178905, 25.690877150086038 ], [ -103.356672420411485, 25.690811249740129 ], [ -103.356803770501486, 25.69074535036021 ], [ -103.356935120448782, 25.690679449961074 ], [ -103.357066480177522, 25.690613540294258 ], [ -103.357197829962573, 25.690547649646483 ], [ -103.357332480185335, 25.690469029663792 ], [ -103.357446850472584, 25.690396549825493 ], [ -103.357564090129117, 25.690311570215162 ], [ -103.357681339537478, 25.690226580450226 ], [ -103.357798579878732, 25.690141599739242 ], [ -103.357915830085588, 25.690056619756806 ], [ -103.358033080034758, 25.689971629705454 ], [ -103.358150319925528, 25.689886649623759 ], [ -103.358267569577535, 25.689801660294208 ], [ -103.358447079565138, 25.689671550406285 ], [ -103.358562630447096, 25.68958467975926 ], [ -103.358678170069453, 25.689497800047054 ], [ -103.358793719546668, 25.689410920158654 ], [ -103.35890925996523, 25.689324050233456 ], [ -103.359024800125056, 25.689237170241782 ], [ -103.359140350139711, 25.689150290073727 ], [ -103.359255890094914, 25.689063419877648 ], [ -103.359371449819292, 25.688976540349987 ], [ -103.359486339557535, 25.688862089589485 ], [ -103.359587800061803, 25.688728370261131 ], [ -103.359642549544844, 25.688601689655869 ], [ -103.359697320054337, 25.688475019721672 ], [ -103.359752090352742, 25.688348339779488 ], [ -103.359806859752297, 25.688221679766897 ], [ -103.35986162983707, 25.688094999761429 ], [ -103.359916399815148, 25.687968319724277 ], [ -103.359971149772463, 25.687841649803858 ], [ -103.360025919536994, 25.687714969703428 ], [ -103.360080690413994, 25.687588310422274 ], [ -103.36013545996498, 25.687461630258543 ], [ -103.360209779778344, 25.687289689723116 ], [ -103.36024938027856, 25.687158459642351 ], [ -103.360288969688725, 25.687027229632697 ], [ -103.360328570038476, 25.686896000411796 ], [ -103.360368150280578, 25.686764770432493 ], [ -103.360407750460922, 25.686633540257553 ], [ -103.360447339551257, 25.686502310153841 ], [ -103.360486939571643, 25.686371079931895 ], [ -103.360526520494872, 25.686239849849926 ], [ -103.36056612035533, 25.686108619580917 ], [ -103.360605710031777, 25.685977380305072 ], [ -103.360645289714171, 25.685846150161158 ], [ -103.360684890335634, 25.685714919812927 ], [ -103.360724479876737, 25.685583690442829 ], [ -103.3607640803382, 25.685452460047667 ], [ -103.360806260151492, 25.685273709638217 ], [ -103.360857049973902, 25.68510018033373 ], [ -103.360884119802279, 25.684966370100405 ], [ -103.360911180462352, 25.684832549949469 ], [ -103.360938260188135, 25.684698739592463 ], [ -103.360965319745318, 25.684564920319474 ], [ -103.360992400360573, 25.684431109916403 ], [ -103.361019479710109, 25.684297279550414 ], [ -103.361046540100972, 25.684163460212492 ], [ -103.361073619547966, 25.684029649761644 ], [ -103.361100679827359, 25.683895830386149 ], [ -103.361127750154907, 25.683762019975141 ], [ -103.36115482032217, 25.683628199569114 ], [ -103.36118189044322, 25.683494380051201 ], [ -103.361208949593774, 25.683360569678577 ], [ -103.361236029507623, 25.683226740060729 ], [ -103.361263110471128, 25.683092920391783 ], [ -103.361290170455362, 25.68295910995424 ], [ -103.361317250306428, 25.682825290256364 ], [ -103.361349079922292, 25.682667889796139 ], [ -103.361377740010624, 25.682534340361034 ], [ -103.361406400135095, 25.682400799976079 ], [ -103.361435060096213, 25.68226724959553 ], [ -103.361463720112383, 25.682133710078929 ], [ -103.361492379851086, 25.682000149683471 ], [ -103.361521049862731, 25.681866620018603 ], [ -103.361549709702174, 25.681733080444261 ], [ -103.361578370265065, 25.681599519982377 ], [ -103.3616070299867, 25.681465980369406 ], [ -103.361635689535419, 25.681332429853949 ], [ -103.36166435014016, 25.681198890193894 ], [ -103.361693019579761, 25.6810653395538 ], [ -103.361721680066694, 25.680931799855166 ], [ -103.361750340494709, 25.680798260137259 ], [ -103.361778999758414, 25.68066471043241 ], [ -103.361807660059128, 25.680531169769019 ], [ -103.36183632020591, 25.680397620017143 ], [ -103.361864980398337, 25.680264080222155 ], [ -103.361893650331368, 25.680130520369161 ], [ -103.361922310396494, 25.679996979628768 ], [ -103.361950970307632, 25.679863429799681 ], [ -103.361979620255866, 25.679729890013839 ], [ -103.36201969022224, 25.679543180246021 ], [ -103.362057170313975, 25.679411450119041 ], [ -103.362094650016033, 25.679279690040556 ], [ -103.362132119842684, 25.679147949978226 ], [ -103.362169619723545, 25.67901621961137 ], [ -103.362207090408617, 25.678884480402253 ], [ -103.362244570015946, 25.678752740186191 ], [ -103.362282049547204, 25.678620999947483 ], [ -103.362319519994855, 25.678489259763772 ], [ -103.362357000384534, 25.678357520378388 ], [ -103.362394479687836, 25.678225780071969 ], [ -103.362431970029093, 25.678094049624683 ], [ -103.362469449981631, 25.677962290218851 ], [ -103.362506920049398, 25.677830549922387 ], [ -103.362544400163742, 25.677698820400444 ], [ -103.362581880088001, 25.677567079972722 ], [ -103.362619349927868, 25.677435339608589 ], [ -103.362656829709664, 25.677303600042702 ], [ -103.362694310416344, 25.677171860445615 ], [ -103.362736080209331, 25.676995370327891 ], [ -103.362785310197836, 25.676804220100884 ], [ -103.362809909754631, 25.676669999971967 ], [ -103.36283451047079, 25.676535799769038 ], [ -103.362859089909378, 25.676401579776343 ], [ -103.362883689532595, 25.676267380452998 ], [ -103.36290827998333, 25.676133170305839 ], [ -103.362932880287033, 25.675998950078167 ], [ -103.362957479748346, 25.675864749793817 ], [ -103.362982060038419, 25.675730539678877 ], [ -103.363019000297754, 25.675529019789828 ], [ -103.363047059511075, 25.675395370139363 ], [ -103.363075119553471, 25.67526170957791 ], [ -103.363103179652214, 25.675128059880709 ], [ -103.363131249806116, 25.674994420054652 ], [ -103.363166400340745, 25.674826999636906 ], [ -103.363216380325994, 25.674698710247849 ], [ -103.363266370211178, 25.674570419836797 ], [ -103.363316350103659, 25.674442140366644 ], [ -103.363392380173096, 25.674246950077617 ], [ -103.363462550006389, 25.674126679780031 ], [ -103.363532709596925, 25.674006399549771 ], [ -103.363602880076158, 25.673886120089058 ], [ -103.363673029503573, 25.673765849836535 ], [ -103.363772400167377, 25.673595510205232 ], [ -103.363849259850753, 25.67347862962756 ], [ -103.363926119614817, 25.67336176986155 ], [ -103.364002980241409, 25.673244910038839 ], [ -103.364079859745132, 25.673128050004181 ], [ -103.364156719990632, 25.673011180108894 ], [ -103.364305449522718, 25.672785059594908 ], [ -103.364373490246635, 25.672663780340766 ], [ -103.36444154005072, 25.67254252001408 ], [ -103.364509599631035, 25.672421249583802 ], [ -103.364577650086744, 25.672299980097272 ], [ -103.36464568950187, 25.672178719734291 ], [ -103.364762369767945, 25.671970799669477 ], [ -103.364844049529182, 25.671856649660313 ], [ -103.364925720244571, 25.671742509652731 ], [ -103.365007419639483, 25.671628350296601 ], [ -103.365089089963135, 25.671514200207877 ], [ -103.365170770256015, 25.671400059956834 ], [ -103.365252460308639, 25.671285909590527 ], [ -103.365334140114484, 25.671171750188819 ], [ -103.365415820081751, 25.671057619756994 ], [ -103.365497489592812, 25.670943460336744 ], [ -103.365620089818634, 25.670772139552327 ], [ -103.365706950010889, 25.670661169668065 ], [ -103.36579382006272, 25.6705501996401 ], [ -103.365880680168019, 25.670439249593908 ], [ -103.365967539924853, 25.670328280444576 ], [ -103.366054399523819, 25.670217310330877 ], [ -103.366141260080155, 25.670106350127561 ], [ -103.366228120383298, 25.66999537989058 ], [ -103.366314979642127, 25.669884419581294 ], [ -103.36640182975529, 25.669773460199306 ], [ -103.366488689613419, 25.669662489790252 ], [ -103.366575549542631, 25.669551540183644 ], [ -103.366662420112718, 25.669440569564827 ], [ -103.366749279535497, 25.669329599890659 ], [ -103.366917860420401, 25.669114219942443 ], [ -103.367004999539589, 25.669003429992834 ], [ -103.367092139615863, 25.668892649953374 ], [ -103.36717928043953, 25.668781859871231 ], [ -103.36726640020332, 25.668671079889471 ], [ -103.367353539729024, 25.668560289700746 ], [ -103.367440680221463, 25.668449510329062 ], [ -103.367527800330535, 25.668338710213021 ], [ -103.367614940411372, 25.668227919842792 ], [ -103.367702080458173, 25.668117140298346 ], [ -103.367789200226625, 25.668006349985905 ], [ -103.367876339976348, 25.667895570326174 ], [ -103.367963480463786, 25.667784779716815 ], [ -103.368050599691088, 25.667673980162032 ], [ -103.368137739995973, 25.667563200320881 ], [ -103.368307340339413, 25.667347550329421 ], [ -103.368393450487517, 25.667236119810681 ], [ -103.368479570400083, 25.667124680079386 ], [ -103.368565680262435, 25.667013250354376 ], [ -103.368651799765075, 25.666901799626384 ], [ -103.368737910332797, 25.666790369779509 ], [ -103.368824019542117, 25.666678919931861 ], [ -103.368933229747938, 25.666537690067575 ], [ -103.369089000435963, 25.666370939766981 ], [ -103.369192290340223, 25.666272200031536 ], [ -103.369295570290149, 25.666173480260561 ], [ -103.369398849863458, 25.666074739554709 ], [ -103.369502139516683, 25.665976020453964 ], [ -103.36960541977686, 25.665877279589363 ], [ -103.369708689882273, 25.665778539643217 ], [ -103.369811970058024, 25.665679820395251 ], [ -103.369915259864541, 25.665581080125769 ], [ -103.370018539611792, 25.665482349844297 ], [ -103.370121820212461, 25.665383620386123 ], [ -103.370225089533335, 25.665284880064785 ], [ -103.370328379827583, 25.66518615036982 ], [ -103.370431659948053, 25.665087419779521 ], [ -103.370534939815911, 25.664988680044662 ], [ -103.370638940170579, 25.664889280021992 ], [ -103.370748480102321, 25.664796250104924 ], [ -103.370858029989847, 25.664703229994977 ], [ -103.370967569818447, 25.664610219865583 ], [ -103.371077120182662, 25.664517179628834 ], [ -103.371186659707178, 25.664424170241233 ], [ -103.371296219975662, 25.664331149705397 ], [ -103.37140574996954, 25.664238120277695 ], [ -103.371515310029608, 25.664145109553129 ], [ -103.371624849822567, 25.664052089849836 ], [ -103.37173440036149, 25.663959059992123 ], [ -103.371843939946075, 25.663866050100154 ], [ -103.371953490276695, 25.663773030053704 ], [ -103.372063030337856, 25.66368000003483 ], [ -103.37217257034753, 25.663586979909873 ], [ -103.372315030183316, 25.663492339972318 ], [ -103.372462019717915, 25.663381509957322 ], [ -103.37259114982362, 25.663312140147521 ], [ -103.372720289904095, 25.663242780118285 ], [ -103.372849429846752, 25.663173419979902 ], [ -103.372978569651579, 25.663104059732259 ], [ -103.373107710223508, 25.663034690297355 ], [ -103.373236849647355, 25.66296531985499 ], [ -103.373365980147142, 25.662895970241458 ], [ -103.373495140320045, 25.662826600305404 ], [ -103.373624279550754, 25.662757250395462 ], [ -103.373753420434255, 25.662687880406029 ], [ -103.373882550171885, 25.662618510402993 ], [ -103.374011689884441, 25.662549150180485 ], [ -103.374140830354406, 25.662479779863581 ], [ -103.374269969800878, 25.662410420329703 ], [ -103.374399110100612, 25.662341059770959 ], [ -103.374528250166662, 25.662271690033538 ], [ -103.37465738008764, 25.662202320273945 ], [ -103.374786520089074, 25.662132970271195 ], [ -103.374915659741632, 25.662063600206306 ], [ -103.375044800257015, 25.661994230023662 ], [ -103.375173939844998, 25.661924879693441 ], [ -103.375303080094298, 25.661855510199359 ], [ -103.375432220196245, 25.661786139689195 ], [ -103.375561350162755, 25.661716770063794 ], [ -103.375690490209735, 25.66164742019517 ], [ -103.375819629907696, 25.661578050264527 ], [ -103.375948770468639, 25.661508680216006 ], [ -103.376077909996539, 25.661439320043488 ], [ -103.376207050281721, 25.661369949776635 ], [ -103.376341229828085, 25.661297019897486 ], [ -103.376501549826173, 25.661185679917434 ], [ -103.376616309776807, 25.661097949897204 ], [ -103.376731049875275, 25.661010249891302 ], [ -103.376845799508999, 25.660922519779739 ], [ -103.376960540087111, 25.66083479963369 ], [ -103.377075289631989, 25.660747090203554 ], [ -103.377190029900376, 25.660659369879042 ], [ -103.377304780136299, 25.660571660261745 ], [ -103.377419540109074, 25.660483939584637 ], [ -103.3775342800282, 25.660396229875882 ], [ -103.377649019686714, 25.66030851010153 ], [ -103.377763770092429, 25.660220780165545 ], [ -103.37787850965266, 25.660133080165732 ], [ -103.377993259748592, 25.660045350051274 ], [ -103.378107999788369, 25.659957629911283 ], [ -103.378222749786033, 25.65986991957141 ], [ -103.378337489525691, 25.659782200159903 ], [ -103.378506520399625, 25.65965297968652 ], [ -103.378619310166371, 25.659563179969055 ], [ -103.378732079974966, 25.659473400292306 ], [ -103.378844850407191, 25.659383599660185 ], [ -103.378957629911142, 25.659293819722855 ], [ -103.379070400041385, 25.659204019824344 ], [ -103.379183170121649, 25.659114229815614 ], [ -103.379295939940206, 25.659024429743798 ], [ -103.379408719831289, 25.658934650358024 ], [ -103.379521490339002, 25.658844850104085 ], [ -103.379634259795992, 25.6587550597487 ], [ -103.37974703000171, 25.658665260228346 ], [ -103.379859800041928, 25.658575459714385 ], [ -103.379972580154714, 25.658485679886446 ], [ -103.380085349892994, 25.65839588010607 ], [ -103.380198119581337, 25.658306090215607 ], [ -103.38031089000863, 25.658216290253097 ], [ -103.380423660280115, 25.658126490204058 ], [ -103.380572780269432, 25.657999800223671 ], [ -103.38072437952296, 25.65786337044074 ], [ -103.38082322961499, 25.657760970319181 ], [ -103.380922079657367, 25.657658580104272 ], [ -103.381020910424951, 25.65755618000869 ], [ -103.38111975025501, 25.657453799717679 ], [ -103.381218599733828, 25.657351400223369 ], [ -103.381317450259999, 25.657249019696319 ], [ -103.381416280414371, 25.657146620228115 ], [ -103.381515119515569, 25.657044229680839 ], [ -103.381613970372797, 25.656941829889259 ], [ -103.381712800272197, 25.656839450164206 ], [ -103.381811649817266, 25.656737050241464 ], [ -103.381910490306623, 25.656634660303972 ], [ -103.382009319526716, 25.656532260416078 ], [ -103.382108169817442, 25.656429880227869 ], [ -103.382238780221272, 25.656294550047626 ], [ -103.382329829646366, 25.6561863801771 ], [ -103.382420860013283, 25.656078220387698 ], [ -103.382511910136017, 25.65597005038536 ], [ -103.382602940084084, 25.655861879589413 ], [ -103.382693979897113, 25.655753709551476 ], [ -103.382785030363252, 25.655645520309864 ], [ -103.382876059866504, 25.655537350236219 ], [ -103.382967110232286, 25.655429179917547 ], [ -103.383040919959967, 25.655317399637948 ], [ -103.383128680252014, 25.655155029617795 ], [ -103.383169659716685, 25.655024150033917 ], [ -103.383210650000024, 25.654893260353298 ], [ -103.383251630290673, 25.654762379805682 ], [ -103.38329261962059, 25.654631510038818 ], [ -103.383333599755844, 25.654500630350238 ], [ -103.383374579798911, 25.65436974973062 ], [ -103.383444020403473, 25.654148060316956 ], [ -103.383476999659891, 25.654015340262049 ], [ -103.383509979849634, 25.653882620177676 ], [ -103.383542969872352, 25.653749890008687 ], [ -103.383575949927405, 25.653617169883137 ], [ -103.383608479845151, 25.653447149752196 ], [ -103.383637969868388, 25.653253950404775 ], [ -103.383643489930421, 25.653117999987764 ], [ -103.383649030003596, 25.65298205028818 ], [ -103.383654549830126, 25.6528460798888 ], [ -103.383660089773926, 25.652710120183453 ], [ -103.383665629812285, 25.652574170439863 ], [ -103.383649549769927, 25.652451090199989 ], [ -103.383645259603142, 25.652298879662929 ], [ -103.383619140190035, 25.652164890194076 ], [ -103.383593020032833, 25.652030919761835 ], [ -103.383566909839374, 25.651896940154085 ], [ -103.383540779783488, 25.651762969772722 ], [ -103.38351467981029, 25.65162900001744 ], [ -103.383488549755924, 25.651495019622867 ], [ -103.383462429877554, 25.651361050005882 ], [ -103.383436320059417, 25.65122708028326 ], [ -103.383383539962551, 25.651008770052808 ], [ -103.383349019776915, 25.650834890408511 ], [ -103.383312430057387, 25.65070293970426 ], [ -103.383275850321965, 25.650570979820802 ], [ -103.383239259972399, 25.650439049941266 ], [ -103.383202680385494, 25.650307090013857 ], [ -103.383166090078234, 25.650175150113693 ], [ -103.383129509745459, 25.650043200127424 ], [ -103.383092940493725, 25.649911250022974 ], [ -103.383056350409333, 25.649779310056722 ], [ -103.383019770193116, 25.649647350027813 ], [ -103.382983180151143, 25.649515400040904 ], [ -103.382946600295739, 25.649383459921083 ], [ -103.382910020408545, 25.649251509802671 ], [ -103.382873449707247, 25.649119569560135 ], [ -103.382836859971903, 25.648987620392099 ], [ -103.382800280201351, 25.648855660231032 ], [ -103.382763689710416, 25.648723720097301 ], [ -103.382727120200698, 25.648591769781344 ], [ -103.382690539767992, 25.648459820446476 ], [ -103.382653950500554, 25.648327880237936 ], [ -103.382617370100618, 25.6481959199755 ], [ -103.382580779874985, 25.64806396975505 ], [ -103.382544219857706, 25.647932030133926 ], [ -103.382507629780605, 25.647800079869338 ], [ -103.382471049899564, 25.647668140378983 ], [ -103.382434459864911, 25.64753618009388 ], [ -103.382397890022744, 25.647404229588485 ], [ -103.38236131036453, 25.647272290032031 ], [ -103.382312290295602, 25.647095479611398 ], [ -103.382260520185696, 25.646967769841918 ], [ -103.382208750177568, 25.646840060042837 ], [ -103.382157000283172, 25.646712350039333 ], [ -103.382105229583914, 25.646584650166332 ], [ -103.382053479998945, 25.646456950080164 ], [ -103.382001709503086, 25.64632925014789 ], [ -103.381949940003508, 25.646201540200696 ], [ -103.381898179610943, 25.646073830145159 ], [ -103.381846419532252, 25.645946140013223 ], [ -103.381794660343687, 25.645818429889722 ], [ -103.381742890250308, 25.645690719832736 ], [ -103.381691140376518, 25.64556301954795 ], [ -103.381639370496202, 25.645435310338573 ], [ -103.381587619719198, 25.645307600026666 ], [ -103.381535850244717, 25.645179909804344 ], [ -103.381484089674814, 25.645052200427525 ], [ -103.381432320191607, 25.644924490192778 ], [ -103.381380569821374, 25.644796779762384 ], [ -103.381302220050003, 25.644603479760004 ], [ -103.381254979814202, 25.644474340285949 ], [ -103.381207739662614, 25.644345199877755 ], [ -103.381160509620358, 25.644216060262103 ], [ -103.381113279662316, 25.644086919712507 ], [ -103.381066049807728, 25.643957780042761 ], [ -103.381018800131699, 25.643828649590258 ], [ -103.380971570464794, 25.643699509866341 ], [ -103.380924339891124, 25.643570370124131 ], [ -103.380895859788254, 25.643444229585764 ], [ -103.380857219703913, 25.643292629757738 ], [ -103.380842179715444, 25.643157259666626 ], [ -103.38082714977368, 25.643021890379533 ], [ -103.380812119853587, 25.642886520169718 ], [ -103.380797079959137, 25.6427511500316 ], [ -103.380782050101658, 25.642615779790496 ], [ -103.380763629720306, 25.642449949554905 ], [ -103.38075505031793, 25.64231412025628 ], [ -103.380746459917631, 25.642178290131927 ], [ -103.380734110314194, 25.641982940430719 ], [ -103.380745140322745, 25.641847250162868 ], [ -103.380756170414131, 25.641711569856636 ], [ -103.380777549934251, 25.641448579957334 ], [ -103.380808709590724, 25.641315490432049 ], [ -103.380839880391804, 25.64118241983704 ], [ -103.3808710498203, 25.641049320207951 ], [ -103.380916750274835, 25.64089471000743 ], [ -103.381019260311476, 25.64074574010392 ], [ -103.381119999861468, 25.640644890113705 ], [ -103.381220740149743, 25.640544030065957 ], [ -103.381321490393276, 25.640443179835525 ], [ -103.381422229580451, 25.640342339605798 ], [ -103.381531110047874, 25.640257430411577 ], [ -103.381669850085103, 25.640172849959303 ], [ -103.381805769663274, 25.640115149990162 ], [ -103.38194169022735, 25.640057459869638 ], [ -103.382077619675741, 25.639999769551043 ], [ -103.382249320305121, 25.639942769795091 ], [ -103.382409229831921, 25.639914339783399 ], [ -103.382559030177902, 25.639906080072233 ], [ -103.382708850303644, 25.639897800090896 ], [ -103.382858659616474, 25.639889540017073 ], [ -103.383008479704074, 25.639881259751917 ], [ -103.38318960043766, 25.639887799945711 ], [ -103.383364429625615, 25.63989335002028 ], [ -103.383512250359104, 25.639916939693045 ], [ -103.38366006004361, 25.63994052025382 ], [ -103.383807879883804, 25.639964109658319 ], [ -103.383955689569362, 25.639987679965419 ], [ -103.384103520426265, 25.640011259926816 ], [ -103.384274400317693, 25.6400385202667 ], [ -103.384420220054196, 25.640070749938584 ], [ -103.384566049878202, 25.640102980294689 ], [ -103.384711859860047, 25.640135219760378 ], [ -103.384857679823142, 25.640167449933688 ], [ -103.385003489853005, 25.640199680059322 ], [ -103.385149310066993, 25.64023191993882 ], [ -103.385295120241537, 25.640264149794088 ], [ -103.3854409405035, 25.640296380333581 ], [ -103.385680909673809, 25.640360820089722 ], [ -103.385867019954077, 25.640408050111638 ], [ -103.386007249937364, 25.640456519964044 ], [ -103.386147490359505, 25.640505020439662 ], [ -103.386287719551405, 25.640553490048699 ], [ -103.386427949964514, 25.640601970406422 ], [ -103.386568199599083, 25.640650460448057 ], [ -103.386708430211698, 25.64069893964664 ], [ -103.386848680065185, 25.640747430342959 ], [ -103.38698890989609, 25.640795910204989 ], [ -103.387129139725133, 25.640844379964292 ], [ -103.387269379993313, 25.640892880346566 ], [ -103.387409620037118, 25.640941349765875 ], [ -103.38762838001297, 25.641028420242385 ], [ -103.387815819897469, 25.641103400227575 ], [ -103.387946549967012, 25.641170219686661 ], [ -103.38807731009075, 25.641237029701298 ], [ -103.388208050444305, 25.641303849756557 ], [ -103.388338779819563, 25.641370659820364 ], [ -103.388469539568788, 25.64143749036938 ], [ -103.38860028032552, 25.641504310090138 ], [ -103.38873102010956, 25.641571119731555 ], [ -103.38886177014983, 25.641637940057311 ], [ -103.388992510212262, 25.641704750382662 ], [ -103.389123249505474, 25.64177156967494 ], [ -103.389253999842339, 25.641838379689457 ], [ -103.389384740414542, 25.641905199657018 ], [ -103.389562279989846, 25.642010689679342 ], [ -103.389731909695627, 25.64210176972809 ], [ -103.389852620172931, 25.642182629651664 ], [ -103.389973319687513, 25.642263479598046 ], [ -103.390094030474799, 25.642344340234196 ], [ -103.390214750194289, 25.642425179833886 ], [ -103.390335460388002, 25.642506050261055 ], [ -103.390456170402075, 25.642586889754327 ], [ -103.390576889687821, 25.642667739954842 ], [ -103.390697600225309, 25.642748600113912 ], [ -103.390818319811359, 25.642829450120018 ], [ -103.391021150411518, 25.642965310014745 ], [ -103.391148579732416, 25.643037169954038 ], [ -103.39127603041976, 25.643109049555164 ], [ -103.391403480043593, 25.643180910012223 ], [ -103.391530919909442, 25.643252780427119 ], [ -103.391658349900709, 25.643324649916462 ], [ -103.391785800054052, 25.643396520030045 ], [ -103.391913250241572, 25.643468380060405 ], [ -103.392040689777275, 25.643540260034062 ], [ -103.392168120235027, 25.643612120027129 ], [ -103.39229557005828, 25.643683999699501 ], [ -103.392423019818537, 25.643755860218846 ], [ -103.392550459704182, 25.643827719812652 ], [ -103.392677909959914, 25.643899600071908 ], [ -103.392805350137081, 25.643971460359406 ], [ -103.392932779652867, 25.644043339683357 ], [ -103.39306023011757, 25.644115199669375 ], [ -103.393187679722644, 25.644187059557598 ], [ -103.393315119686349, 25.644258940287358 ], [ -103.393475080227674, 25.644338890234184 ], [ -103.393629829839867, 25.644413650427836 ], [ -103.393767250170811, 25.644468370397508 ], [ -103.393904659611081, 25.644523090342428 ], [ -103.394042080387464, 25.644577830021962 ], [ -103.394179490059088, 25.644632549723532 ], [ -103.394316909968936, 25.644687280098864 ], [ -103.394454320095733, 25.644742020417254 ], [ -103.394591740120305, 25.644796739665658 ], [ -103.394729150264425, 25.644851459787581 ], [ -103.394866569529512, 25.644906179708403 ], [ -103.395068120472615, 25.644978510404549 ], [ -103.395252249770678, 25.645046460138037 ], [ -103.395394519701014, 25.64508979961828 ], [ -103.395536819753602, 25.645133139611261 ], [ -103.39567908988343, 25.645176479739661 ], [ -103.39582137011395, 25.645219819650368 ], [ -103.395963650342011, 25.645263150362045 ], [ -103.39621049014049, 25.64533833993907 ], [ -103.396354419659602, 25.645376910065277 ], [ -103.396498350371971, 25.645415490027087 ], [ -103.39664229028223, 25.645454079754021 ], [ -103.396786230073346, 25.645492650302611 ], [ -103.396930150035473, 25.645531229965396 ], [ -103.397074090211788, 25.64556982020288 ], [ -103.397218030151876, 25.645608380378608 ], [ -103.397431849584393, 25.645665689641476 ], [ -103.39757868042436, 25.645693889952213 ], [ -103.397725519547294, 25.645722110008453 ], [ -103.397872349514088, 25.645750310054307 ], [ -103.398019179544576, 25.645778509963193 ], [ -103.398166029650596, 25.64580670955846 ], [ -103.398312859925568, 25.645834920077057 ], [ -103.398459690147178, 25.645863119575388 ], [ -103.398671909531814, 25.645903880413027 ], [ -103.398821449958731, 25.645915450282853 ], [ -103.398970999524977, 25.645927029908286 ], [ -103.399120550020868, 25.645938600313681 ], [ -103.400009450361082, 25.646059830355462 ], [ -103.40096532029429, 25.646008779952215 ], [ -103.402390249764963, 25.645839999930605 ], [ -103.403361480097686, 25.64576042003835 ], [ -103.404190219516906, 25.64555431014745 ], [ -103.405128400292426, 25.64531884965233 ], [ -103.405765190892339, 25.645106525570576 ], [ -103.40600324961423, 25.645027149609241 ], [ -103.406458415264737, 25.644758365424604 ], [ -103.406552104814367, 25.644703039738022 ], [ -103.406670847333714, 25.644632919503188 ], [ -103.406851939871885, 25.644525980022934 ], [ -103.407410665368587, 25.644078646279116 ], [ -103.407672491793548, 25.643869018838501 ], [ -103.40767356025286, 25.6438681630544 ], [ -103.407719539864644, 25.643831350404874 ], [ -103.407784960748927, 25.643703077386576 ], [ -103.408394464831076, 25.642507994899713 ], [ -103.408533102410686, 25.64223615824843 ], [ -103.408779819614239, 25.641752399691381 ], [ -103.408816582919897, 25.641520924648773 ], [ -103.408858862592822, 25.64125472201092 ], [ -103.408860230216902, 25.641246110069908 ], [ -103.408852230053256, 25.640507260026986 ], [ -103.408750455745519, 25.639777274712063 ], [ -103.408735799895751, 25.639672149832293 ], [ -103.408580217697477, 25.639450748232576 ], [ -103.408194570067963, 25.638901949704167 ], [ -103.408193334108589, 25.638900270863697 ], [ -103.407369910002643, 25.63778113983026 ], [ -103.405994599896374, 25.6358313495472 ], [ -103.404741580255603, 25.634370890152059 ], [ -103.404004489957998, 25.633331450266837 ], [ -103.403230620116119, 25.631933719670798 ], [ -103.402820830062439, 25.630803910415775 ], [ -103.402689539886964, 25.62984154961395 ], [ -103.402801690313225, 25.629030320020959 ], [ -103.403275579981823, 25.628128290193615 ], [ -103.40420325015117, 25.627292910151343 ], [ -103.407478450051627, 25.625681450037938 ], [ -103.409750480402408, 25.625194220136972 ], [ -103.412904230341255, 25.624503579597324 ], [ -103.413079080468208, 25.62451235018214 ], [ -103.413228169653365, 25.624496780156655 ], [ -103.413377259911641, 25.624481219958248 ], [ -103.413526340129948, 25.624465659708633 ], [ -103.413675430218248, 25.624450090159023 ], [ -103.413824510256759, 25.624434519651334 ], [ -103.414011169599902, 25.624415050152106 ], [ -103.414160539711602, 25.624428179880667 ], [ -103.41430991018899, 25.624441340305097 ], [ -103.4144592804696, 25.624454479727962 ], [ -103.414699350425522, 25.624475620045839 ], [ -103.414846799583202, 25.624500969950681 ], [ -103.414994249798752, 25.624526319708583 ], [ -103.415141690186019, 25.624551680301732 ], [ -103.41528913951619, 25.624577029792739 ], [ -103.415436569796952, 25.624602370246127 ], [ -103.415683399661432, 25.624644819930843 ], [ -103.415832720295484, 25.624658509997658 ], [ -103.415982029738913, 25.624672180068373 ], [ -103.41613134032292, 25.624685859965794 ], [ -103.416280650046517, 25.624699549707781 ], [ -103.416429949698482, 25.624713230328624 ], [ -103.41657928049402, 25.624726919600402 ], [ -103.41678955014099, 25.62474618020925 ], [ -103.416937749950378, 25.624767630137278 ], [ -103.41708594980868, 25.624789079925939 ], [ -103.417234149498356, 25.624810509622112 ], [ -103.417382340351665, 25.624831950143463 ], [ -103.417530540139069, 25.624853379561166 ], [ -103.417678740202774, 25.624874829700193 ], [ -103.418126890399748, 25.625025850106944 ], [ -103.418796679813354, 25.625302619772917 ], [ -103.420542090481732, 25.625663720443349 ], [ -103.422480740463968, 25.625245710419605 ], [ -103.423942020355398, 25.624517219851377 ], [ -103.42477011962454, 25.623679920444157 ], [ -103.425154379937524, 25.622821309966277 ], [ -103.425394520340902, 25.621924110181698 ], [ -103.425448580412791, 25.621180219848444 ], [ -103.42495402967468, 25.619985649845606 ], [ -103.423820049691102, 25.619014829955169 ], [ -103.422245629837406, 25.618120650029827 ], [ -103.419050629709915, 25.617780569945378 ], [ -103.418933349724995, 25.617748630087025 ], [ -103.418709910133117, 25.617689879627829 ], [ -103.417541059784256, 25.617163019578456 ], [ -103.416634849775249, 25.616451090431177 ], [ -103.416282139863668, 25.615796799698835 ], [ -103.416137140437201, 25.615171969606077 ], [ -103.416025259755813, 25.61442159962688 ], [ -103.416365710185815, 25.613948949610847 ], [ -103.417260629783229, 25.613627859629741 ], [ -103.418502829736013, 25.613460200311962 ], [ -103.41900216868099, 25.613407469829511 ], [ -103.420846349868626, 25.613212709678788 ], [ -103.421043259671919, 25.613231049679243 ], [ -103.421253620167988, 25.613243140394832 ], [ -103.421435030242264, 25.61325314983808 ], [ -103.421585080152326, 25.613254519860348 ], [ -103.421735120062124, 25.613255889830153 ], [ -103.421885179991861, 25.613257260384817 ], [ -103.422035229911415, 25.613258629980123 ], [ -103.42218528006228, 25.61326002029362 ], [ -103.422335339892399, 25.613261380444371 ], [ -103.422485379818013, 25.613262749702642 ], [ -103.422635429760149, 25.613264119635499 ], [ -103.422785489718791, 25.613265490243013 ], [ -103.42293553966725, 25.613266859891247 ], [ -103.423144320242969, 25.61325513985464 ], [ -103.423354940152393, 25.613235519620876 ], [ -103.423482169890164, 25.613219419782471 ], [ -103.423629710431754, 25.613194539803722 ], [ -103.423777229909774, 25.613169659875986 ], [ -103.423924319730688, 25.61317753989422 ], [ -103.424090979927101, 25.613144200346639 ], [ -103.42421381991872, 25.613123200426337 ], [ -103.424354229603964, 25.613102020429015 ], [ -103.424538659853226, 25.613084430448968 ], [ -103.424656909679811, 25.613047539690886 ], [ -103.424782339883663, 25.613022819673795 ], [ -103.424946780014736, 25.613002289851604 ], [ -103.425147449762918, 25.612970150355853 ], [ -103.425264460254397, 25.612943799609106 ], [ -103.425420090312343, 25.612876629871938 ], [ -103.425514420168099, 25.612825220427688 ], [ -103.425692630312795, 25.612778080092788 ], [ -103.425831489621544, 25.612711090124193 ], [ -103.425981350079425, 25.612628820071912 ], [ -103.426097569985913, 25.612506709730223 ], [ -103.426226940488348, 25.612440340119296 ], [ -103.426334079562011, 25.612364150427357 ], [ -103.426457949817191, 25.612300370022069 ], [ -103.426592819922533, 25.612228949803896 ], [ -103.426739629538972, 25.612139340162855 ], [ -103.426850230383124, 25.61209002994029 ], [ -103.426937800149062, 25.611972520430662 ], [ -103.427047950363729, 25.611887000105511 ], [ -103.427125250061337, 25.611808289791117 ], [ -103.427224080411023, 25.61169408002311 ], [ -103.427308079898069, 25.611593600145959 ], [ -103.427396509722598, 25.611443230152851 ], [ -103.42752016963604, 25.611310660048446 ], [ -103.427593349915512, 25.611142279694889 ], [ -103.427676419563042, 25.610955710255002 ], [ -103.427720140224878, 25.610837460315267 ], [ -103.427733429807105, 25.610665980319638 ], [ -103.427766739799651, 25.610533320181045 ], [ -103.427800059727431, 25.61040065993166 ], [ -103.42783336958405, 25.610267999752047 ], [ -103.427866690386168, 25.610135340359541 ], [ -103.427900020222751, 25.610002689935037 ], [ -103.427933319872352, 25.609870029784243 ], [ -103.427966650473621, 25.609737370239845 ], [ -103.428026659762679, 25.609498380056383 ], [ -103.428041780175889, 25.609363030295782 ], [ -103.428056910331662, 25.609227659568731 ], [ -103.428072049687799, 25.609092309605547 ], [ -103.428087169787489, 25.608956939844699 ], [ -103.428102289965182, 25.608821580045351 ], [ -103.428117420114575, 25.608686220140111 ], [ -103.428132550232363, 25.60855086021936 ], [ -103.428147680209108, 25.608415490306246 ], [ -103.428162800370515, 25.608280140421808 ], [ -103.428177920271267, 25.608144769661038 ], [ -103.428193060375705, 25.608009419564848 ], [ -103.428208180223436, 25.607874049680099 ], [ -103.428223310042767, 25.607738679689607 ], [ -103.42823842993711, 25.607603319750758 ], [ -103.42826471015303, 25.607368220219975 ], [ -103.428264800243369, 25.607232149654816 ], [ -103.428264889671993, 25.607096109922082 ], [ -103.42826497988149, 25.606960050212368 ], [ -103.428265080203303, 25.606824000374996 ], [ -103.428265170402469, 25.606687939729927 ], [ -103.428265259720661, 25.606551889963544 ], [ -103.42826534992939, 25.606415830197122 ], [ -103.428265450140842, 25.606279770326243 ], [ -103.428265540448791, 25.606143719601267 ], [ -103.42826562965665, 25.60600765980135 ], [ -103.428265720083857, 25.605871619931911 ], [ -103.428265820184834, 25.605735550027383 ], [ -103.428265909611355, 25.605599510138642 ], [ -103.428265999818748, 25.605463450272957 ], [ -103.428266089916377, 25.605327380416277 ], [ -103.428266180332599, 25.605191339568972 ], [ -103.428266289966203, 25.605025169910927 ], [ -103.428268139948116, 25.604889120399552 ], [ -103.428269980023089, 25.604753080034261 ], [ -103.428271819984616, 25.604617029677883 ], [ -103.428273659952183, 25.604480980214269 ], [ -103.428275510018338, 25.604344939716036 ], [ -103.428277339975537, 25.604208890314428 ], [ -103.428279180031254, 25.604072849878175 ], [ -103.428281029986138, 25.60393680026753 ], [ -103.428282879927266, 25.603800749735672 ], [ -103.428284710088263, 25.603664720231045 ], [ -103.42828655012849, 25.603528679738101 ], [ -103.428288400067999, 25.603392630070651 ], [ -103.428290229988349, 25.603256579662816 ], [ -103.428292080029649, 25.603120539943873 ], [ -103.428293919954911, 25.602984490324296 ], [ -103.428296920494859, 25.602762479808401 ], [ -103.428299029509532, 25.602626430442641 ], [ -103.428337710062962, 25.602510279599734 ], [ -103.428356109783678, 25.60237713994875 ], [ -103.428394400393969, 25.602251000188648 ], [ -103.428400979616711, 25.602128769684168 ], [ -103.428416620192863, 25.602023220187405 ], [ -103.428417138948873, 25.602019720519536 ], [ -103.428509339712676, 25.601341110393438 ], [ -103.428610310282551, 25.600845690170019 ], [ -103.428786818727573, 25.600351080366345 ], [ -103.429181489967107, 25.599527749627004 ], [ -103.429624448844052, 25.598916690066218 ], [ -103.430285490391014, 25.598258690012091 ], [ -103.431024540119196, 25.597872489905409 ], [ -103.431693748827186, 25.597594200198412 ], [ -103.432703319470377, 25.597309430350162 ], [ -103.433547878792353, 25.597170680070946 ], [ -103.434579800392981, 25.597255630049197 ], [ -103.435394598872321, 25.597313619819101 ], [ -103.436426858875009, 25.597373920082102 ], [ -103.437377219601501, 25.59728287976975 ], [ -103.438003979864732, 25.597032750118192 ], [ -103.438405820420371, 25.596643279954677 ], [ -103.438697859912764, 25.595978689726298 ], [ -103.438782088748312, 25.595311860215755 ], [ -103.438715860323398, 25.594861170000112 ], [ -103.438436049317531, 25.594315169937591 ], [ -103.437986079549049, 25.593892780439106 ], [ -103.437106650147683, 25.593232799628133 ], [ -103.436227229741931, 25.592572819944319 ], [ -103.435146250055936, 25.591431279587923 ], [ -103.434515309193131, 25.590551370376968 ], [ -103.433697848676459, 25.589303619789845 ], [ -103.433641349053218, 25.589130200181923 ], [ -103.433299849889522, 25.588082060275024 ], [ -103.433390349539891, 25.586800690129159 ], [ -103.433703860242233, 25.585939449690358 ], [ -103.434017349920524, 25.585078220011887 ], [ -103.434691950451693, 25.583927879980404 ], [ -103.435366540090413, 25.58277753968575 ], [ -103.436168490096193, 25.582067709849699 ], [ -103.437038259806627, 25.581685149769825 ], [ -103.438049579594974, 25.581500029560413 ], [ -103.4390103499247, 25.581510289566847 ], [ -103.440752680371077, 25.581691029742537 ], [ -103.440881539996809, 25.581704400032056 ], [ -103.442021740037276, 25.58177097015896 ], [ -103.443161940335244, 25.581837540233771 ], [ -103.444427459879591, 25.581816110286454 ], [ -103.445693000119817, 25.581794679996577 ], [ -103.44675151961043, 25.581675309602065 ], [ -103.44788517952766, 25.581317250151908 ], [ -103.448779510226174, 25.580891320191341 ], [ -103.449579969901762, 25.580290259580462 ], [ -103.450285339930616, 25.579611980103802 ], [ -103.450990689521035, 25.578933689995502 ], [ -103.451775539872756, 25.57767933981383 ], [ -103.452243860386929, 25.576656679597527 ], [ -103.452626309930181, 25.575279060130502 ], [ -103.452615889919343, 25.575210061068407 ], [ -103.452615889625591, 25.575210034765153 ], [ -103.452588630389172, 25.575029380208093 ], [ -103.452582262222208, 25.574987177774876 ], [ -103.452450549716573, 25.574114340133015 ], [ -103.452382820081269, 25.573665489653926 ], [ -103.4521675396945, 25.57266179971435 ], [ -103.451952260417301, 25.57165808969182 ], [ -103.451538320379598, 25.570292710427751 ], [ -103.451269999781232, 25.568744200207359 ], [ -103.451296019624706, 25.567762679900373 ], [ -103.451306120435987, 25.567381080129596 ], [ -103.451308412176544, 25.567294806894768 ], [ -103.451308419847109, 25.567294508386443 ], [ -103.451308480435728, 25.567292230086366 ], [ -103.451316709633701, 25.56698132002839 ], [ -103.451432079883688, 25.565480400358201 ], [ -103.451747880155651, 25.564236940194359 ], [ -103.451862169792889, 25.563786880185095 ], [ -103.452309280174518, 25.56272002029888 ], [ -103.452756349789098, 25.561653119593498 ], [ -103.453129837168049, 25.560884947869113 ], [ -103.453129880192606, 25.560884860391038 ], [ -103.453188089925163, 25.560765120135997 ], [ -103.453619800067656, 25.559877110057229 ], [ -103.454351880196, 25.558497340196183 ], [ -103.454467230467188, 25.558279890093221 ], [ -103.454653550389239, 25.557928719807538 ], [ -103.455444749716293, 25.557061450438006 ], [ -103.456264510205074, 25.556371380273571 ], [ -103.457084260048461, 25.555681310055064 ], [ -103.457185580201312, 25.555595980101419 ], [ -103.458200310135112, 25.554865680057702 ], [ -103.45904548000955, 25.554257370229184 ], [ -103.459215020301215, 25.554135339615481 ], [ -103.460370940042878, 25.553415369681261 ], [ -103.461526819759911, 25.552695370295485 ], [ -103.463069260043383, 25.551836600038126 ], [ -103.463868139716055, 25.551336120118851 ], [ -103.464184140230799, 25.551138169764567 ], [ -103.464301676291726, 25.551034060655741 ], [ -103.464812786489119, 25.550581337209341 ], [ -103.464861705661335, 25.550538006259281 ], [ -103.465190950061583, 25.550246369888374 ], [ -103.465395950036637, 25.550064779555392 ], [ -103.465448666345679, 25.550014585322153 ], [ -103.46556265664961, 25.549906046825736 ], [ -103.465666379365572, 25.549807284202952 ], [ -103.466177264872542, 25.549320826685936 ], [ -103.466325253367401, 25.54917991283962 ], [ -103.466328890157399, 25.549176450195478 ], [ -103.46685315929841, 25.548677246228404 ], [ -103.466984145816767, 25.548552520970503 ], [ -103.467261830485143, 25.54828811008414 ], [ -103.46752897716253, 25.548018868992468 ], [ -103.46773495793019, 25.547811271708166 ], [ -103.467820901446572, 25.54772465289453 ], [ -103.467938679862826, 25.547605950193873 ], [ -103.468124042068553, 25.547419126353365 ], [ -103.468388951642609, 25.547152126822567 ], [ -103.468479917795591, 25.547060443660229 ], [ -103.468561357821386, 25.546978360097732 ], [ -103.468615510063117, 25.546923779913183 ], [ -103.469474969766139, 25.54648141999958 ], [ -103.469500259914867, 25.546468399944668 ], [ -103.469518872410475, 25.546458821893793 ], [ -103.469522471233859, 25.546456969661612 ], [ -103.469560829540413, 25.546437229716172 ], [ -103.470075890327493, 25.546252029832278 ], [ -103.470128219994521, 25.546233220247757 ], [ -103.471718919665847, 25.545661259680873 ], [ -103.472784450051108, 25.545212879646357 ], [ -103.473757829754021, 25.544763519837918 ], [ -103.474731199692854, 25.544314150285423 ], [ -103.476810020009466, 25.543523830032921 ], [ -103.477931249565913, 25.543219650112047 ], [ -103.478251235746924, 25.543132836281099 ], [ -103.478339612847336, 25.543108860014399 ], [ -103.479052459851729, 25.542915459579834 ], [ -103.479162349692075, 25.542884282193217 ], [ -103.479300847419367, 25.54284499039619 ], [ -103.480612909719383, 25.542472739815807 ], [ -103.480683552540569, 25.542452700145162 ], [ -103.480693280150007, 25.542449940268508 ], [ -103.481040969989408, 25.542351279946502 ], [ -103.482701709804331, 25.542201420285956 ], [ -103.483708850344399, 25.541894849937567 ], [ -103.483817199229549, 25.541861552897736 ], [ -103.48455197045817, 25.541635750332617 ], [ -103.48481873629035, 25.541481217827169 ], [ -103.485898059776318, 25.540855980229491 ], [ -103.486824230345519, 25.540489599916164 ], [ -103.488026309693637, 25.54016785028686 ], [ -103.489320509665816, 25.539847019616793 ], [ -103.49052257966467, 25.539525229961722 ], [ -103.491896890478117, 25.539068029567982 ], [ -103.492815110351344, 25.538758599847331 ], [ -103.492839525557699, 25.538745469912218 ], [ -103.493239343455016, 25.538530464215576 ], [ -103.493239378311344, 25.538530452093614 ], [ -103.493994359485086, 25.538304236947607 ], [ -103.495756382565517, 25.537776266229546 ], [ -103.495756415442798, 25.537776255940127 ], [ -103.495756447320304, 25.537776245660023 ], [ -103.498333600071859, 25.53687738033528 ], [ -103.499914319700153, 25.536230879635497 ], [ -103.500690800482928, 25.535673020311183 ], [ -103.500817246250961, 25.535582167158445 ], [ -103.500823949661765, 25.535577350146102 ], [ -103.500836070836314, 25.5356004957154 ], [ -103.500837550194817, 25.535603320082537 ], [ -103.500913879511955, 25.535827719856233 ], [ -103.500950650230322, 25.536051709608149 ], [ -103.50097586685385, 25.536338545270947 ], [ -103.500992349568421, 25.536526029610709 ], [ -103.501016013063747, 25.53674460838425 ], [ -103.501041379919613, 25.53697891963105 ], [ -103.501071379854679, 25.53742622992522 ], [ -103.501072417065629, 25.537441687546661 ], [ -103.501087820455382, 25.53767114035071 ], [ -103.501095071656167, 25.537767703477595 ], [ -103.501095247067738, 25.537770081212773 ], [ -103.501101913620317, 25.537865713726532 ], [ -103.499488680337222, 25.538234949582389 ], [ -103.499500829644049, 25.538290120229355 ], [ -103.49969242099327, 25.538894969670885 ], [ -103.500003020349965, 25.53987550956203 ], [ -103.500187429639496, 25.539903019921088 ], [ -103.500346550221522, 25.539925519628955 ], [ -103.500313140298459, 25.540123579748862 ], [ -103.500102212395817, 25.54137356945829 ], [ -103.500006889883295, 25.541938460188028 ], [ -103.499913819845872, 25.542419089860864 ], [ -103.49906614026284, 25.54325768971799 ], [ -103.498484430153496, 25.543303940269919 ], [ -103.497652619521475, 25.543660800437312 ], [ -103.497806740289192, 25.544001770067709 ], [ -103.498242679742631, 25.544793549552111 ], [ -103.499078980141419, 25.546312460145664 ], [ -103.499882179943853, 25.546515829555496 ], [ -103.501129890165515, 25.546831719604459 ], [ -103.501257569849912, 25.548138250206875 ], [ -103.501275349619021, 25.548319859649286 ], [ -103.501289710488123, 25.548359690181226 ], [ -103.502040380417512, 25.548111480079996 ], [ -103.502050779862756, 25.548431510265701 ], [ -103.502108999843827, 25.548705630114149 ], [ -103.502123709988126, 25.548774819882407 ], [ -103.502228320137974, 25.549182660357694 ], [ -103.502268650097022, 25.549252880238466 ], [ -103.502278120068311, 25.549269369716072 ], [ -103.502513289711231, 25.549678880105386 ], [ -103.502756400266662, 25.550102219814093 ], [ -103.502761260143942, 25.550125600026995 ], [ -103.502792379708808, 25.550275519871732 ], [ -103.503061969853036, 25.55054406011266 ], [ -103.503257540178964, 25.550738909804949 ], [ -103.503300779915691, 25.550788259671762 ], [ -103.503674830036474, 25.551146369658671 ], [ -103.505692569781772, 25.552977940154989 ], [ -103.506156969845762, 25.553399479915591 ], [ -103.506642250320837, 25.553849049674383 ], [ -103.507166119958214, 25.554495170009485 ], [ -103.507218340094411, 25.554538970412015 ], [ -103.507254290404461, 25.554574230269328 ], [ -103.507301030032309, 25.554620050432113 ], [ -103.507359563710793, 25.554679772206438 ], [ -103.507637999666088, 25.554963860131178 ], [ -103.50767688954609, 25.555003550338142 ], [ -103.508357620454817, 25.555697020425853 ], [ -103.508680860226306, 25.556026309623398 ], [ -103.509011770432807, 25.556363420433815 ], [ -103.509314950062205, 25.556672260026765 ], [ -103.509335219631595, 25.556692890306397 ], [ -103.509658919960302, 25.557022660030608 ], [ -103.509748450102336, 25.556947170231631 ], [ -103.510110080319436, 25.557277940175886 ], [ -103.510227689900319, 25.557385510254353 ], [ -103.510287600191646, 25.557438339935565 ], [ -103.51046574025473, 25.557444289658477 ], [ -103.510486719588457, 25.557462030183007 ], [ -103.510524570012876, 25.557494049910147 ], [ -103.510714850094843, 25.557654980382654 ], [ -103.510769949511683, 25.557706939655056 ], [ -103.511761690227715, 25.55864209007499 ], [ -103.511794819663479, 25.558673290135669 ], [ -103.512340599901918, 25.559187339884119 ], [ -103.512906179931605, 25.559720029845778 ], [ -103.513588080226967, 25.560362230410462 ], [ -103.513617949803972, 25.560390369816449 ], [ -103.513630660153595, 25.560403850324519 ], [ -103.513634467884302, 25.56040733801305 ], [ -103.513655830462838, 25.560426910418158 ], [ -103.514936539801099, 25.561610429974387 ], [ -103.515041829995127, 25.561707719615008 ], [ -103.515129970310483, 25.561790569894821 ], [ -103.51620094994432, 25.562796980159003 ], [ -103.516290780138661, 25.562881400074339 ], [ -103.517537149833544, 25.564052600054552 ], [ -103.517566519758574, 25.564079939746392 ], [ -103.517605400473045, 25.564116119577211 ], [ -103.517623140308515, 25.564132631106915 ], [ -103.517636649451944, 25.564145850510748 ], [ -103.517672509963162, 25.564178770122361 ], [ -103.517708848811225, 25.564212399938434 ], [ -103.518206619947506, 25.564672770246524 ], [ -103.518555659412726, 25.564995570591371 ], [ -103.520218200450344, 25.566533141254105 ], [ -103.520332649237773, 25.566622370964289 ], [ -103.520546019997553, 25.566788689898999 ], [ -103.520721659498847, 25.566924350043855 ], [ -103.52173659972631, 25.567887510584395 ], [ -103.521844520302338, 25.567989920590712 ], [ -103.522017479943315, 25.56815424972606 ], [ -103.522097709530485, 25.568230451172131 ], [ -103.52230581853857, 25.56842718102175 ], [ -103.522594660144307, 25.568700261112106 ], [ -103.522853618966678, 25.568945079878539 ], [ -103.522884198518895, 25.568973979781564 ], [ -103.523173539903667, 25.569247511094943 ], [ -103.523190709898145, 25.569263749863456 ], [ -103.523423120019771, 25.569483460581282 ], [ -103.52345748992505, 25.569515919627143 ], [ -103.523494859580083, 25.569551230741482 ], [ -103.523763539313038, 25.569795059820446 ], [ -103.524063089646688, 25.570066890848995 ], [ -103.524266739468118, 25.570251619917386 ], [ -103.524337889859012, 25.570316149707637 ], [ -103.524401850309303, 25.570380921131584 ], [ -103.524593339934299, 25.570562430632751 ], [ -103.524815619476527, 25.570773091342627 ], [ -103.524885849278149, 25.570839580027641 ], [ -103.524952279275468, 25.570901170654285 ], [ -103.525235620196185, 25.571160849776561 ], [ -103.525308149786625, 25.57122743037041 ], [ -103.525616999887347, 25.571510861139618 ], [ -103.525686279186203, 25.571574689898359 ], [ -103.526031289268147, 25.571891509870394 ], [ -103.526397429331325, 25.572227720400551 ], [ -103.526667030122582, 25.572475290693756 ], [ -103.526721228756131, 25.572528751187967 ], [ -103.52707399972347, 25.572874940293755 ], [ -103.5270883387212, 25.572888999859074 ], [ -103.527408378524214, 25.573180119905366 ], [ -103.527473979689759, 25.573239571177339 ], [ -103.527654213759476, 25.573403153915311 ], [ -103.527705370161399, 25.573449580698064 ], [ -103.527796678633791, 25.573531970923955 ], [ -103.527993349654153, 25.573710690068658 ], [ -103.528241398912741, 25.573935399804768 ], [ -103.528369369469374, 25.574051332103235 ], [ -103.531063219249987, 25.576491690953873 ], [ -103.531076628674938, 25.576503859649403 ], [ -103.531287119838794, 25.576694710071738 ], [ -103.531355109808587, 25.576758650231795 ], [ -103.53139976884458, 25.576800750075343 ], [ -103.531888249442886, 25.577261279955586 ], [ -103.532151319285276, 25.577509289854014 ], [ -103.532186398966417, 25.577542371314827 ], [ -103.532358089447385, 25.577704251317986 ], [ -103.532643539500313, 25.577973351334144 ], [ -103.532675888525702, 25.578003850311649 ], [ -103.533360739433334, 25.578649491304709 ], [ -103.53348584873298, 25.578767460653832 ], [ -103.5334958597103, 25.578776889975249 ], [ -103.533763580219784, 25.579029280345878 ], [ -103.533841318973515, 25.579209800084037 ], [ -103.534031400492879, 25.579333290703666 ], [ -103.534049798603675, 25.579345220239123 ], [ -103.534078049571477, 25.579298214011448 ], [ -103.534107879824688, 25.579248579997159 ], [ -103.534116453290665, 25.579256370480021 ], [ -103.534582580244233, 25.579679909735823 ], [ -103.534976951058525, 25.580038244838949 ], [ -103.535329020143223, 25.580358140200865 ], [ -103.536065369565748, 25.581027199741744 ], [ -103.536640230199652, 25.581549520977251 ], [ -103.53732371018053, 25.582170519883277 ], [ -103.538109350007645, 25.58288433984211 ], [ -103.538757750219744, 25.583473450309775 ], [ -103.539129650056893, 25.583811320077146 ], [ -103.539446370483475, 25.584099079931395 ], [ -103.540163830314071, 25.584750920027375 ], [ -103.540910258668561, 25.585429059628105 ], [ -103.541645496658177, 25.586097029809128 ], [ -103.542127225979357, 25.586534679814427 ], [ -103.542364332735431, 25.586772886574654 ], [ -103.543571859175813, 25.587985999963841 ], [ -103.543704982973551, 25.588119737510993 ], [ -103.543759616217059, 25.588174622449881 ], [ -103.543866198159265, 25.588281696272233 ], [ -103.54392152499058, 25.588337278286573 ], [ -103.544845569879172, 25.58926557013525 ], [ -103.544866876113346, 25.589316483287959 ], [ -103.545196616386548, 25.590104428261998 ], [ -103.545211275419121, 25.590139456803477 ], [ -103.54522102581322, 25.590162756467127 ], [ -103.545256194582947, 25.590246795508921 ], [ -103.545307746886024, 25.590369982575037 ], [ -103.545335015343937, 25.590435142279482 ], [ -103.545344325138245, 25.590457387654272 ], [ -103.545351264000885, 25.590473968700721 ], [ -103.545353231396476, 25.590478670913633 ], [ -103.545364027811246, 25.590504469370615 ], [ -103.545412284884847, 25.590619783234722 ], [ -103.545416167157256, 25.590629060270658 ], [ -103.545442400032783, 25.590691744620326 ], [ -103.545455939089649, 25.590724096342793 ], [ -103.545479140125664, 25.590779538118674 ], [ -103.545511192887659, 25.590856129416533 ], [ -103.546103838168946, 25.592272264702864 ], [ -103.546117396107874, 25.592304662410307 ], [ -103.546201810774576, 25.592506368821386 ], [ -103.546205914504995, 25.592516174311189 ], [ -103.546944650199208, 25.594281337717025 ], [ -103.547544949785362, 25.595715679968848 ], [ -103.547576570378297, 25.595962705795852 ], [ -103.547580832894027, 25.595996007914852 ], [ -103.54760159489949, 25.596158195236274 ], [ -103.54760597980497, 25.596192450413703 ], [ -103.548060909640668, 25.596018200236724 ], [ -103.548263018204935, 25.595977001812365 ], [ -103.548382973046401, 25.595952549628393 ], [ -103.548425765720054, 25.595943826227547 ], [ -103.548438649527654, 25.595941200137126 ], [ -103.548889110191496, 25.596076550395608 ], [ -103.549277080501071, 25.596307250129907 ], [ -103.549272429724354, 25.595440000370786 ], [ -103.549209629526786, 25.594721569662848 ], [ -103.549274505851201, 25.594491618959751 ], [ -103.549275421500283, 25.594488375292457 ], [ -103.549275962807968, 25.594486456021173 ], [ -103.549324083130784, 25.59431589448771 ], [ -103.549329617191518, 25.594296278786452 ], [ -103.549385140113358, 25.594099479551613 ], [ -103.549384646556916, 25.594090041534677 ], [ -103.549369386463354, 25.593797975997067 ], [ -103.549359770497958, 25.593613920015656 ], [ -103.549396628534168, 25.593648349629984 ], [ -103.549940559189068, 25.594156438924344 ], [ -103.549942210061957, 25.59415798113319 ], [ -103.549990030745633, 25.594202652198156 ], [ -103.550000933383586, 25.594212836329017 ], [ -103.555851549754493, 25.59967755001442 ], [ -103.55718817048286, 25.598572280175844 ], [ -103.569352940345382, 25.587923519689539 ], [ -103.576515579554552, 25.59342475033916 ], [ -103.576574509700009, 25.594443849838584 ], [ -103.577184049527034, 25.598156479775902 ], [ -103.579585349782676, 25.598005619747425 ], [ -103.584654020364098, 25.598302620302903 ], [ -103.587283569956313, 25.596011550299611 ], [ -103.589192060338576, 25.602376770330761 ], [ -103.589895089698828, 25.602449310206769 ], [ -103.591467489904375, 25.600968340153869 ], [ -103.593176999671272, 25.603287770423126 ], [ -103.593276259830077, 25.603372350039454 ], [ -103.588230179765148, 25.606134430255718 ], [ -103.589900690452154, 25.608076599950785 ], [ -103.589791819618966, 25.609747600405761 ], [ -103.589764339593799, 25.610096489781849 ], [ -103.590169504353909, 25.609824277781449 ], [ -103.590235110442237, 25.609780199605396 ], [ -103.590423629757723, 25.610255442341771 ], [ -103.590471539934356, 25.610376219845179 ], [ -103.591268290413879, 25.609947849827392 ], [ -103.591641360727337, 25.610128331705038 ], [ -103.591663496220306, 25.61013904025458 ], [ -103.59167329541792, 25.610143780950505 ], [ -103.591682720237941, 25.610148340367665 ], [ -103.591890928183801, 25.610390379084766 ], [ -103.5919685487886, 25.610480612152422 ], [ -103.591969170904733, 25.610481335187998 ], [ -103.592211450419157, 25.610762980377118 ], [ -103.592344663505855, 25.610686711347501 ], [ -103.592348438679863, 25.610684549854245 ], [ -103.592354436240072, 25.610681116023365 ], [ -103.592666357628957, 25.610502529695346 ], [ -103.592881656037449, 25.610379262955732 ], [ -103.592973976468002, 25.610326405249644 ], [ -103.593053787175052, 25.610280710655793 ], [ -103.593073937539984, 25.610269173664761 ], [ -103.593101498122948, 25.610253393974578 ], [ -103.593109573959666, 25.610248769947024 ], [ -103.59325831276557, 25.610163610304337 ], [ -103.59344476800257, 25.610056856528743 ], [ -103.593463436058457, 25.610046168030852 ], [ -103.593494877981755, 25.610028165809855 ], [ -103.593498925322365, 25.610025848248064 ], [ -103.593516352548193, 25.61001587070081 ], [ -103.593537964207826, 25.610003497105243 ], [ -103.59375381928777, 25.609879909654385 ], [ -103.593797080257147, 25.609855140242285 ], [ -103.594087017550507, 25.610280866651063 ], [ -103.594116945904815, 25.610324811782412 ], [ -103.594222045253403, 25.610479133651353 ], [ -103.594225054714528, 25.610483553483192 ], [ -103.594902577215876, 25.611478370918046 ], [ -103.595778085184122, 25.612763866548967 ], [ -103.59632793754372, 25.613571190174842 ], [ -103.596355852179386, 25.613612175338282 ], [ -103.596422005229172, 25.613709304048431 ], [ -103.596449131368956, 25.613749132453922 ], [ -103.596713764069946, 25.614137674812174 ], [ -103.596750369564887, 25.614191420094119 ], [ -103.597147450417268, 25.614784979654175 ], [ -103.597131556807156, 25.614798074234827 ], [ -103.597101602893517, 25.614822753635401 ], [ -103.597101553377783, 25.614822794954073 ], [ -103.596884872218737, 25.615001319585602 ], [ -103.59688351828477, 25.615002435360257 ], [ -103.596874147691409, 25.615010155808665 ], [ -103.596855710565649, 25.615025346000404 ], [ -103.596853252287829, 25.61502737184292 ], [ -103.596806357689928, 25.615066008051254 ], [ -103.596327172935574, 25.615460808712829 ], [ -103.596283590100896, 25.615496716385291 ], [ -103.596276784711762, 25.615502323710068 ], [ -103.596264979513592, 25.615512049756486 ], [ -103.596247255903236, 25.615526695676579 ], [ -103.596242034398486, 25.61553101075064 ], [ -103.59561210052405, 25.616051573333095 ], [ -103.595491554173009, 25.616151188660417 ], [ -103.594854286019057, 25.616677803191308 ], [ -103.594835082378168, 25.616693672092179 ], [ -103.594810579883898, 25.616713920288063 ], [ -103.594599264656168, 25.616471050586959 ], [ -103.594593548391273, 25.616464480164261 ], [ -103.594587299366879, 25.616457297389172 ], [ -103.594332060353437, 25.61616394013522 ], [ -103.593514710048538, 25.61675037026189 ], [ -103.593787119730095, 25.617046430230328 ], [ -103.591867939571031, 25.618596519934503 ], [ -103.592305250191686, 25.618939080265456 ], [ -103.594187420239663, 25.620556660412262 ], [ -103.595897200444369, 25.621164109924351 ], [ -103.596046558803465, 25.621040606358097 ], [ -103.59604878040814, 25.621038769785049 ], [ -103.596201679368193, 25.620912338566075 ], [ -103.596401713777311, 25.620746931437651 ], [ -103.596621465575339, 25.620565218010587 ], [ -103.597050348779234, 25.620210572679259 ], [ -103.597050397318924, 25.620210533184764 ], [ -103.597291210069102, 25.620011401518674 ], [ -103.597335266958652, 25.619974970976273 ], [ -103.597944946422359, 25.619470816447958 ], [ -103.59796531866661, 25.619453969358261 ], [ -103.598205726509093, 25.619255169516155 ], [ -103.598297286912313, 25.61917945563934 ], [ -103.598306072030496, 25.619172190961105 ], [ -103.598390179342843, 25.619102640654951 ], [ -103.598967304349031, 25.618625393624214 ], [ -103.598971540379523, 25.61862189029172 ], [ -103.599074211233471, 25.618740758515788 ], [ -103.599156639139167, 25.61883619007034 ], [ -103.599203254699091, 25.618890159965606 ], [ -103.599534487201183, 25.619273645363343 ], [ -103.599665261203327, 25.619425048047244 ], [ -103.599681693356288, 25.619444072062532 ], [ -103.599702602491277, 25.619468279210913 ], [ -103.60012716799659, 25.619959815871834 ], [ -103.600206007509996, 25.620051090581153 ], [ -103.600230907689607, 25.620079917852799 ], [ -103.600252780232196, 25.62010523995156 ], [ -103.600710850163523, 25.620635557333188 ], [ -103.600717547998286, 25.620643312209605 ], [ -103.600721617039923, 25.620648023223247 ], [ -103.600746430164463, 25.620676749690851 ], [ -103.60078227060535, 25.620718046439194 ], [ -103.600823173420622, 25.620765175264644 ], [ -103.60084053140308, 25.620785175769317 ], [ -103.601877880087159, 25.621980420078742 ], [ -103.6019724469908, 25.621900250870599 ], [ -103.602012754110063, 25.621866080295902 ], [ -103.605155399582799, 25.619201799550137 ], [ -103.608477310467677, 25.624679450414288 ], [ -103.605994689817464, 25.626745889672403 ], [ -103.59349873987064, 25.637104549562704 ], [ -103.599829509578655, 25.643373200118017 ], [ -103.602699019656527, 25.646212219873917 ], [ -103.613337970304258, 25.656791679987091 ], [ -103.613654400387645, 25.657106289922627 ], [ -103.629316230287003, 25.64413966035502 ], [ -103.642583004965502, 25.659076453300795 ], [ -103.643174618468592, 25.659742428846904 ], [ -103.64317618805353, 25.659744194910981 ], [ -103.643210263308248, 25.659782553259831 ], [ -103.643222265746616, 25.659796064377471 ], [ -103.64343728663809, 25.660038109377759 ], [ -103.643585185796937, 25.660204596064894 ], [ -103.643963866218385, 25.660630864702632 ], [ -103.644037102183901, 25.660713304295609 ], [ -103.644094946615851, 25.660778417575841 ], [ -103.644524872848621, 25.661262366084976 ], [ -103.644627262489863, 25.661377621645297 ], [ -103.644665700270181, 25.661420888627941 ], [ -103.644719359292097, 25.661481289468153 ], [ -103.644775306825892, 25.661544266116735 ], [ -103.644797593466691, 25.661569353056166 ], [ -103.644866178427947, 25.661646556064746 ], [ -103.645017228660365, 25.661816584092609 ], [ -103.645069946827576, 25.661875925163251 ], [ -103.651616819604143, 25.669244740277165 ], [ -103.640557449853105, 25.678428150275796 ], [ -103.637698620363793, 25.680956419544046 ], [ -103.638876940438195, 25.682208680017276 ], [ -103.667089110375159, 25.710057379952321 ], [ -103.67488030969028, 25.718998059777388 ], [ -103.690469279847619, 25.734661199633976 ], [ -103.667089289667402, 25.741558830135045 ], [ -103.637735680301077, 25.750386019754043 ], [ -103.634007880085804, 25.752325979905027 ], [ -103.634682939673183, 25.754994690180929 ], [ -103.629991650006701, 25.758632769878361 ], [ -103.628133230121648, 25.760071630228538 ], [ -103.629457290257506, 25.761561630048135 ], [ -103.630445050183965, 25.761166289617766 ], [ -103.631381919643431, 25.763064859676852 ], [ -103.632292909619764, 25.764625079798936 ], [ -103.634282659792049, 25.767600170094042 ], [ -103.63058914960942, 25.772382550266826 ], [ -103.626038650087679, 25.7766158896105 ], [ -103.626301200484875, 25.7773949203009 ], [ -103.625717290023175, 25.777852629863986 ], [ -103.62274153972875, 25.771145319656899 ], [ -103.616716170396998, 25.775118320232895 ], [ -103.618967309991078, 25.786623820061443 ], [ -103.615089859945925, 25.787916600350187 ], [ -103.615666630281169, 25.789527210977749 ], [ -103.616183640077878, 25.79097090403009 ], [ -103.617016450710906, 25.793296362936651 ], [ -103.617040570311389, 25.793363710335136 ], [ -103.617037096031808, 25.793372888819132 ], [ -103.616498187438197, 25.794796469352097 ], [ -103.616413901446506, 25.795019115124973 ], [ -103.61486808022832, 25.799102350240428 ], [ -103.607873950436755, 25.830199940268106 ], [ -103.605191859677547, 25.842834379892871 ], [ -103.604578780140145, 25.842683219881749 ], [ -103.604284773327407, 25.842885974798243 ], [ -103.603655130433125, 25.843320189937195 ], [ -103.60216699304469, 25.844346418375764 ], [ -103.601912152371455, 25.844522154605588 ], [ -103.601593435844251, 25.844741938175421 ], [ -103.587754050235532, 25.854284059999614 ], [ -103.581887079645455, 25.858612339650726 ], [ -103.580598999679253, 25.860969580431668 ], [ -103.578446290270406, 25.866508819805787 ], [ -103.576314569822244, 25.872095290126435 ], [ -103.575979489819943, 25.871349970349673 ], [ -103.57541187959194, 25.872944290209965 ], [ -103.572651620046301, 25.880244890209312 ], [ -103.571718280148943, 25.882713259612146 ], [ -103.56972031041245, 25.887996830215986 ], [ -103.568688600401345, 25.886055879736606 ], [ -103.568615429639692, 25.885794339806289 ], [ -103.564935000226157, 25.87856080010318 ] ] ] } },
{ "type": "Feature", "properties": { "CVE_MUN": "036", "NOM_MUN": "Jimenez Chihuahua", "CASOS_CONFIRMADOS": 1, "HOSPITALIZADOS": 0 }, "geometry": { "type": "Polygon", "coordinates": [ [ [ -103.881188290405674, 26.75491802041801 ], [ -103.869346910258699, 26.752641849833203 ], [ -103.86651548019519, 26.751870480344387 ], [ -103.863622220408089, 26.751066709865185 ], [ -103.861297419959257, 26.750420819774117 ], [ -103.86129849003683, 26.754094570149253 ], [ -103.838138050002314, 26.74996361963376 ], [ -103.699094109623161, 26.725256379720825 ], [ -103.682020459533092, 26.721569740317705 ], [ -103.668352749771046, 26.720370579887405 ], [ -103.658255999495054, 26.719483949883433 ], [ -103.643891450155692, 26.690158490155859 ], [ -103.636982429944126, 26.693435770312238 ], [ -103.636962920456639, 26.692564910116797 ], [ -103.627154369549842, 26.689207910180262 ], [ -103.608365739795218, 26.682775260353896 ], [ -103.487977849517137, 26.641489260390351 ], [ -103.415963770215356, 26.616735690093972 ], [ -103.374183489810491, 26.602354889609888 ], [ -103.374183480419617, 26.602354859784739 ], [ -103.362721850304126, 26.554386600107506 ], [ -103.335841379584437, 26.441735818939737 ], [ -103.328306679504294, 26.410120850253396 ], [ -103.320423647944935, 26.377026249278821 ], [ -103.320294849823497, 26.376485399505796 ], [ -103.317630769453999, 26.365296751207818 ], [ -103.317625769722923, 26.365275769911587 ], [ -103.31679259982397, 26.36177618070413 ], [ -103.262904181060151, 26.287590949576348 ], [ -103.260825259883347, 26.284726819778935 ], [ -103.279975229910107, 26.254359060891421 ], [ -103.295379250071221, 26.229918920818537 ], [ -103.330745339606437, 26.173763981981022 ], [ -103.350488218818583, 26.142389951466342 ], [ -103.349790480007087, 26.094802781762773 ], [ -103.349079938624882, 26.046304169819464 ], [ -103.348982550701351, 26.039654520929176 ], [ -103.348940918552714, 26.036810879374702 ], [ -103.348939308996506, 26.036700920863542 ], [ -103.348661708539012, 26.017739720956694 ], [ -103.348606649185527, 26.013978029814041 ], [ -103.347902139323949, 25.965827999842038 ], [ -103.347832538713376, 25.961068648661218 ], [ -103.347676889577727, 25.950425340719654 ], [ -103.347505857555788, 25.938726840124424 ], [ -103.34750584808728, 25.9387261219984 ], [ -103.347505837578282, 25.938725400253844 ], [ -103.347367057726899, 25.929232229864311 ], [ -103.347367047228786, 25.929231509020543 ], [ -103.347190056831565, 25.91712129031248 ], [ -103.34719004634492, 25.917120570367882 ], [ -103.347094626176315, 25.910591040173454 ], [ -103.347094615700158, 25.910590321131625 ], [ -103.346941838697745, 25.900134519952797 ], [ -103.346941828213772, 25.900133799997647 ], [ -103.346792298765664, 25.889899209613706 ], [ -103.346792288292775, 25.889898490559077 ], [ -103.346700026801216, 25.883580869822552 ], [ -103.346700015326959, 25.883580150772566 ], [ -103.346699318520464, 25.883532919675265 ], [ -103.346699308039177, 25.883532199709911 ], [ -103.346605260293956, 25.876943059803409 ], [ -103.346605249823213, 25.876942340740872 ], [ -103.353412261009169, 25.871474728485538 ], [ -103.353488419655093, 25.871413550422382 ], [ -103.353829929684125, 25.871134830462058 ], [ -103.35387181608678, 25.871100645227635 ], [ -103.353939032481208, 25.871045787161091 ], [ -103.354623386051927, 25.870487251881645 ], [ -103.354927229652688, 25.870239267924383 ], [ -103.35508948206342, 25.870106844097229 ], [ -103.355908663758711, 25.869438252793124 ], [ -103.357039399283423, 25.868515361219778 ], [ -103.357135811305525, 25.868436669166673 ], [ -103.357204549606081, 25.868380564993107 ], [ -103.357207994519825, 25.868377753185548 ], [ -103.357305889264964, 25.868297851239397 ], [ -103.35760473814581, 25.86805393001784 ], [ -103.357644457813137, 25.868021509798481 ], [ -103.357721669749083, 25.867958488565201 ], [ -103.357789448428591, 25.867903167714346 ], [ -103.357810853249674, 25.867885696476815 ], [ -103.357957955604036, 25.867765629381609 ], [ -103.357988195227222, 25.867740947991241 ], [ -103.357996776611202, 25.867733943175573 ], [ -103.358024754083331, 25.867711107617673 ], [ -103.358539491498377, 25.867290970333727 ], [ -103.358647306696696, 25.867202969235013 ], [ -103.358673277258433, 25.867181771350889 ], [ -103.358679254564279, 25.867176892781981 ], [ -103.362155600399348, 25.864339310111497 ], [ -103.364181339827681, 25.864737260207498 ], [ -103.372862050364077, 25.867067830047031 ], [ -103.373175516862716, 25.866387880261925 ], [ -103.373138528180036, 25.865059500198932 ], [ -103.373138524461922, 25.8650592435826 ], [ -103.373138509535266, 25.865058780293531 ], [ -103.373202408733448, 25.861949953111779 ], [ -103.373202420129047, 25.861949419763061 ], [ -103.373192214526057, 25.861846783188408 ], [ -103.373192179713286, 25.861846429803748 ], [ -103.373499659681329, 25.857750004683933 ], [ -103.373499709782337, 25.857749340405636 ], [ -103.371693319729786, 25.85600620025113 ], [ -103.371683263029496, 25.853487270142189 ], [ -103.371683260429663, 25.853486550090821 ], [ -103.375191350226629, 25.853100749886856 ], [ -103.376539169927952, 25.852986649892337 ], [ -103.376588859865905, 25.853238979854819 ], [ -103.376588800767919, 25.853239361263824 ], [ -103.376522290091387, 25.85366994015622 ], [ -103.376522361520941, 25.853670248786798 ], [ -103.376775570449439, 25.854765750215403 ], [ -103.378385890150142, 25.854956170147332 ], [ -103.378451879996632, 25.85496573986838 ], [ -103.379124030444117, 25.855054770313277 ], [ -103.379677629626102, 25.855130979800713 ], [ -103.379677592114504, 25.855131693852229 ], [ -103.379406739847468, 25.860323549860844 ], [ -103.379406785806268, 25.860323535857521 ], [ -103.391597150340971, 25.85664833978749 ], [ -103.393518624236322, 25.861884620926443 ], [ -103.393518994935377, 25.861885631569397 ], [ -103.393818495675333, 25.862701769139267 ], [ -103.393843005165692, 25.86276855816152 ], [ -103.394208319732826, 25.863764020437962 ], [ -103.394237839743766, 25.863843708371501 ], [ -103.394244689138787, 25.863862197603581 ], [ -103.394247395863772, 25.863869504167713 ], [ -103.394274294877761, 25.863942116933174 ], [ -103.394300250382003, 25.86401218238041 ], [ -103.394322796176468, 25.864073043884957 ], [ -103.394554962262191, 25.864699759079564 ], [ -103.394578067789197, 25.864762128277363 ], [ -103.394603464107803, 25.86483068404787 ], [ -103.394627970569076, 25.864896836227665 ], [ -103.394640379165423, 25.864930330836398 ], [ -103.394842864400076, 25.86547691537934 ], [ -103.39514999553495, 25.866305972093794 ], [ -103.395243314165825, 25.866557868928592 ], [ -103.395489946458952, 25.867223610758696 ], [ -103.395822039493098, 25.8681200172228 ], [ -103.395824073273204, 25.868125505916296 ], [ -103.39659718033964, 25.870212279914185 ], [ -103.397181999603802, 25.871060029566411 ], [ -103.39799809020468, 25.871636080435835 ], [ -103.398836487254201, 25.872477767787117 ], [ -103.398851603207703, 25.872492942556978 ], [ -103.398918060365176, 25.872559660301278 ], [ -103.39893494531232, 25.872573596069216 ], [ -103.399242452543945, 25.872827400686202 ], [ -103.399242503120803, 25.872827442863152 ], [ -103.399377448871604, 25.872938821011481 ], [ -103.399456732962832, 25.873002676524685 ], [ -103.399789655456615, 25.873270816516413 ], [ -103.399819970094171, 25.873295230498872 ], [ -103.400142749408616, 25.873555201208077 ], [ -103.400218779340761, 25.873612649831458 ], [ -103.400481690001499, 25.873825250795377 ], [ -103.400540058865587, 25.873872460615399 ], [ -103.400784024626958, 25.874096791130963 ], [ -103.400858520430958, 25.874165289711648 ], [ -103.401470020283256, 25.874663401844717 ], [ -103.401710893460091, 25.874859700205615 ], [ -103.401853740050925, 25.874976110149543 ], [ -103.401877121915788, 25.87497096814759 ], [ -103.40192734392366, 25.874959924419567 ], [ -103.401937534732696, 25.874957683180618 ], [ -103.40207187940328, 25.874928140569217 ], [ -103.402205420133058, 25.874876159685712 ], [ -103.402402569572814, 25.874799420448575 ], [ -103.402494982383118, 25.874793903457547 ], [ -103.402507579104196, 25.874793149944221 ], [ -103.40266485887922, 25.874783750666456 ], [ -103.402845569957734, 25.874762479601632 ], [ -103.403018976179865, 25.8747515062099 ], [ -103.403086046609673, 25.87474726151008 ], [ -103.403184508463994, 25.874741030369822 ], [ -103.403438110339394, 25.874785230405717 ], [ -103.403687199813533, 25.874804549844495 ], [ -103.404171969794604, 25.874859920354641 ], [ -103.404322480222817, 25.874885089790315 ], [ -103.404587920401056, 25.874915920003556 ], [ -103.405025649625074, 25.874970520299243 ], [ -103.405488890162047, 25.875028489895968 ], [ -103.405745379755658, 25.875057077728158 ], [ -103.405881800453216, 25.875072279773292 ], [ -103.406211739813671, 25.875118119987036 ], [ -103.406846725879802, 25.875148846608198 ], [ -103.406928850214896, 25.875152819958679 ], [ -103.413634520169069, 25.874175659933901 ], [ -103.421472719945584, 25.872874109961792 ], [ -103.432367950368672, 25.870756169837289 ], [ -103.435753879793879, 25.870297780009228 ], [ -103.443863489657389, 25.869628829697934 ], [ -103.438315949553015, 25.863836420117195 ], [ -103.437446349795451, 25.863847509571389 ], [ -103.431941370199567, 25.857334780374686 ], [ -103.433303229684554, 25.843167690345837 ], [ -103.42081642043641, 25.845990830195191 ], [ -103.414163740204955, 25.839196600437262 ], [ -103.411356710349665, 25.835706550352292 ], [ -103.424190200184199, 25.832554429774383 ], [ -103.428907179759193, 25.831408600079872 ], [ -103.437687800373425, 25.829274279570882 ], [ -103.436914050449175, 25.838119289847555 ], [ -103.451336379558725, 25.839233779571053 ], [ -103.461425630319525, 25.841950720439581 ], [ -103.460485859521341, 25.854692139918097 ], [ -103.474190979914141, 25.858187119992007 ], [ -103.480651220176512, 25.857735140407769 ], [ -103.482151089601103, 25.857647740012052 ], [ -103.484797310237283, 25.831126230158979 ], [ -103.494334969550792, 25.831692549626073 ], [ -103.507415689748584, 25.832573539769587 ], [ -103.50559808047322, 25.865964310098363 ], [ -103.511864880013647, 25.865534599554781 ], [ -103.513966139879713, 25.865006139774383 ], [ -103.517845379657089, 25.864030420233039 ], [ -103.523103860473114, 25.863592880221898 ], [ -103.531700599611554, 25.86428327984293 ], [ -103.543092080454215, 25.865751850362184 ], [ -103.539485350467061, 25.879631109970784 ], [ -103.549951859863526, 25.875264520120158 ], [ -103.551536820086824, 25.878655350264214 ], [ -103.553397170448676, 25.882300999768852 ], [ -103.564442909651575, 25.877579259703968 ], [ -103.564935000226157, 25.87856080010318 ], [ -103.568615429639692, 25.885794339806289 ], [ -103.568688600401345, 25.886055879736606 ], [ -103.56972031041245, 25.887996830215986 ], [ -103.569396060459013, 25.888660460193663 ], [ -103.568605059876262, 25.89054826006144 ], [ -103.568214400280752, 25.891173090249904 ], [ -103.566271830418401, 25.896735799926795 ], [ -103.56708368049901, 25.896941000443881 ], [ -103.577159050489698, 25.899387999546907 ], [ -103.573339290448757, 25.912507769939293 ], [ -103.580279050061392, 25.914419999835864 ], [ -103.58199811039465, 25.914888249767902 ], [ -103.584027049934576, 25.915445260023837 ], [ -103.583914489663471, 25.916141970186345 ], [ -103.58888747999292, 25.912549029817029 ], [ -103.592039429803307, 25.922059580311721 ], [ -103.593143450073939, 25.925390369990495 ], [ -103.616468229863017, 25.909061370334193 ], [ -103.622238340458139, 25.905033150115454 ], [ -103.62252670974361, 25.904831829837107 ], [ -103.624197450166989, 25.903660030345062 ], [ -103.624342820182903, 25.903561819720956 ], [ -103.625215860025193, 25.902954320041502 ], [ -103.627423349963152, 25.901333059783646 ], [ -103.627614658992442, 25.901261651369026 ], [ -103.629277859020846, 25.905385519563335 ], [ -103.629492459296117, 25.905917620971099 ], [ -103.630039227606758, 25.907273249725275 ], [ -103.630466960852132, 25.906960790407044 ], [ -103.630481221947122, 25.906950373468788 ], [ -103.630482979628837, 25.906949090312143 ], [ -103.630668119348371, 25.906813860323641 ], [ -103.631616109734026, 25.909177650275232 ], [ -103.634621719694238, 25.916684830215036 ], [ -103.635196030314987, 25.918423909549965 ], [ -103.635692969883152, 25.919550380324736 ], [ -103.637178450021906, 25.923641939598383 ], [ -103.63914425997433, 25.928446150437367 ], [ -103.643207280016497, 25.937661749851415 ], [ -103.650047620128944, 25.954805520012805 ], [ -103.649073060097066, 25.955106290371603 ], [ -103.649770220311368, 25.957361370286325 ], [ -103.656725310420569, 25.974338200198748 ], [ -103.660126570318013, 25.983043090271732 ], [ -103.660986179842993, 25.9827650295646 ], [ -103.665694030342991, 25.994485910106501 ], [ -103.665364149733392, 25.99454145006208 ], [ -103.691156819796106, 26.059090739853648 ], [ -103.700210739621383, 26.081732140434301 ], [ -103.701076750348719, 26.082531949974918 ], [ -103.702387420028231, 26.083820650135994 ], [ -103.705046060366058, 26.086306659647615 ], [ -103.70971879951297, 26.090724430027851 ], [ -103.709986049756267, 26.090970580131263 ], [ -103.719130379508073, 26.099442080023415 ], [ -103.726834979593193, 26.10658494020079 ], [ -103.730398659742846, 26.109855549744456 ], [ -103.737346630130688, 26.116405139718609 ], [ -103.738526650503061, 26.117262770299821 ], [ -103.741883399555974, 26.120331179835915 ], [ -103.742979800206243, 26.12134141973964 ], [ -103.744315719815845, 26.122863280324907 ], [ -103.751280400072503, 26.129357230261498 ], [ -103.755999620122097, 26.13371585003976 ], [ -103.75759062968433, 26.1351834298837 ], [ -103.769417460275307, 26.146388549649007 ], [ -103.779612379923563, 26.155808139746917 ], [ -103.817118489652657, 26.190442830146182 ], [ -103.827266170441177, 26.199808719848008 ], [ -103.833983170365642, 26.206144830325798 ], [ -103.838135120025214, 26.210060879649159 ], [ -103.844923119812975, 26.217378459936992 ], [ -103.88135426020159, 26.256629089741875 ], [ -103.913331819780538, 26.291053739858022 ], [ -103.945569630120119, 26.325732339728194 ], [ -103.953526820175327, 26.334290459881455 ], [ -103.97822466037654, 26.360834400130159 ], [ -103.985957230475108, 26.369141549749312 ], [ -104.000598693371856, 26.384866841693416 ], [ -104.001512863735499, 26.385848503313731 ], [ -104.001519876764618, 26.385856034237452 ], [ -104.001556024761712, 26.385894850054342 ], [ -104.002516382596141, 26.38692608616098 ], [ -104.002540063710001, 26.386951513693724 ], [ -104.002545580479747, 26.386957438041637 ], [ -104.002549643851353, 26.386961801557909 ], [ -104.002886440583254, 26.387323448514628 ], [ -104.003125248613713, 26.387579875298353 ], [ -104.003204103305862, 26.387664547692268 ], [ -104.008230722166317, 26.393061678472854 ], [ -104.008765939964491, 26.393636309666025 ], [ -104.008768097767899, 26.393638626621307 ], [ -104.009376629914144, 26.394291961844864 ], [ -104.009628852902722, 26.394562751780839 ], [ -104.010219599673036, 26.395196979643899 ], [ -104.01015246443778, 26.395247759999769 ], [ -104.010112030439871, 26.39527834216933 ], [ -104.00989666868378, 26.395441232962874 ], [ -104.009886902383329, 26.395448619899888 ], [ -104.009838582203514, 26.395485167397279 ], [ -104.009837109845535, 26.395486281015071 ], [ -104.009825498115219, 26.395495063658956 ], [ -104.009750457554389, 26.395551820347151 ], [ -104.00897606997691, 26.396177669106965 ], [ -104.008976008344263, 26.396177718834679 ], [ -104.008937157706768, 26.396209117379808 ], [ -103.963159449785749, 26.43318768955837 ], [ -103.954537320304894, 26.440148119771575 ], [ -103.960989630148944, 26.447052629991973 ], [ -103.952985480356901, 26.453508369952772 ], [ -103.970857259986275, 26.47276279963955 ], [ -103.975089920035344, 26.477279910338535 ], [ -103.970368340455778, 26.481029279769665 ], [ -103.961371779679055, 26.488231950394162 ], [ -103.956268109846164, 26.492480850262229 ], [ -103.952353020123184, 26.500349600035349 ], [ -103.951304350266412, 26.503728199614059 ], [ -103.944854489871204, 26.541946000117427 ], [ -103.947465199628354, 26.55785330993319 ], [ -103.962188939856915, 26.558331920016698 ], [ -103.999999999896872, 26.559554029647419 ], [ -104.016115540336642, 26.560147309768297 ], [ -104.012968219967647, 26.567717319909026 ], [ -104.023723370224118, 26.56839296964332 ], [ -104.02029026013355, 26.579096060428977 ], [ -104.014709620420348, 26.597164109938145 ], [ -104.015342229557803, 26.629943150457084 ], [ -104.029185370283443, 26.632818400202524 ], [ -104.044020090240167, 26.642759750427821 ], [ -104.035543310338227, 26.650444170216474 ], [ -104.02652229003678, 26.659534580429852 ], [ -103.943277829502009, 26.743330800157491 ], [ -103.932577479891577, 26.753994980170454 ], [ -103.927753419825933, 26.752729650070403 ], [ -103.900463720147656, 26.754906120187716 ], [ -103.881188290405674, 26.75491802041801 ] ] ] } },
{ "type": "Feature", "properties": { "CVE_MUN": "005", "NOM_MUN": "Durango", "CASOS_CONFIRMADOS": 38, "HOSPITALIZADOS": 16 }, "geometry": { "type": "Polygon", "coordinates": [ [ [ -105.093586629804221, 24.418835350138739 ], [ -105.052752599856646, 24.37705657005375 ], [ -105.036153020033026, 24.355116889720836 ], [ -105.007263379515862, 24.332593139933564 ], [ -105.000472080010738, 24.324997249985287 ], [ -104.945904079785279, 24.339099820139651 ], [ -104.936769580381196, 24.341460140406564 ], [ -104.923935059601135, 24.32818387996328 ], [ -104.916209880101206, 24.33263175000959 ], [ -104.915879489862405, 24.340483850305507 ], [ -104.912763949929541, 24.340373140191399 ], [ -104.904200860327393, 24.339604290065569 ], [ -104.901661420478149, 24.341047089944663 ], [ -104.894759580163168, 24.338756030423177 ], [ -104.889384140330762, 24.338272819627672 ], [ -104.883048399987103, 24.337787599829081 ], [ -104.881463110161846, 24.33420722994088 ], [ -104.874547999568804, 24.331867940222221 ], [ -104.873534860385803, 24.331520710402174 ], [ -104.878337889739029, 24.327148289705622 ], [ -104.877944349634021, 24.323703599669482 ], [ -104.883722800154899, 24.316443829995325 ], [ -104.903913279548632, 24.300247549680346 ], [ -104.904067969674159, 24.300059549730026 ], [ -104.904171059598994, 24.299942079614251 ], [ -104.903991720289511, 24.299776830146879 ], [ -104.903914649650744, 24.299776630009248 ], [ -104.903786479858923, 24.299780000160151 ], [ -104.903503600279677, 24.299867720396804 ], [ -104.903314489951129, 24.299928709700481 ], [ -104.903058659802667, 24.29999983036943 ], [ -104.90285845026618, 24.300040449626334 ], [ -104.902636019990993, 24.300060680276793 ], [ -104.90246924999056, 24.299989260180826 ], [ -104.902280220068661, 24.299938229938384 ], [ -104.902091180171141, 24.299917740031518 ], [ -104.901888340271128, 24.299773510404798 ], [ -104.901760030218142, 24.299753120303883 ], [ -104.901542550296924, 24.299739519648295 ], [ -104.901346200333194, 24.299764489707638 ], [ -104.901012549947538, 24.299754090153691 ], [ -104.900634459965701, 24.299743660336354 ], [ -104.900315739608146, 24.299337059831295 ], [ -104.900148430047366, 24.299122170431875 ], [ -104.900004280449934, 24.298940030278953 ], [ -104.899857540039264, 24.298732890337131 ], [ -104.899620429712542, 24.298484289563994 ], [ -104.899451110174056, 24.29826678016909 ], [ -104.899270430366713, 24.298111379868981 ], [ -104.899013519688438, 24.297880969598001 ], [ -104.898777580123081, 24.2976429100021 ], [ -104.898578280436439, 24.297385429764262 ], [ -104.898412380470617, 24.297168770108261 ], [ -104.898277519546355, 24.296972859740919 ], [ -104.898143230227262, 24.296819249805925 ], [ -104.898015490022004, 24.296583480003118 ], [ -104.897887949794807, 24.296277060090013 ], [ -104.897785620359386, 24.296135540145617 ], [ -104.89765765959342, 24.295970400426501 ], [ -104.897529570388627, 24.295852349615764 ], [ -104.897384660092087, 24.29550474960735 ], [ -104.897274769958059, 24.295145340284634 ], [ -104.897198539634957, 24.294862599612518 ], [ -104.897131109872703, 24.294623770207217 ], [ -104.897020320205826, 24.294320600005015 ], [ -104.896797819645286, 24.294084879571642 ], [ -104.896610430384456, 24.293942850063555 ], [ -104.89638002012299, 24.293683280007578 ], [ -104.896328850048036, 24.293612509631377 ], [ -104.896072800289048, 24.293329320238083 ], [ -104.895842580146834, 24.292999110395215 ], [ -104.895701000209556, 24.292775800325273 ], [ -104.895719860295159, 24.292517650231972 ], [ -104.89574188046997, 24.292316030261102 ], [ -104.895805020360399, 24.291899719965837 ], [ -104.895836949514006, 24.291705829677429 ], [ -104.895876829709763, 24.291523859843952 ], [ -104.896048770069299, 24.2910168202337 ], [ -104.896026449730002, 24.290664830245497 ], [ -104.895925049558656, 24.290441520034758 ], [ -104.895721380310135, 24.290254710445446 ], [ -104.895497880284424, 24.290206380118494 ], [ -104.895280979884745, 24.290127949778448 ], [ -104.895083849852739, 24.289989319825317 ], [ -104.894926119822642, 24.289929020409382 ], [ -104.894788059534037, 24.289904830397401 ], [ -104.894567400329436, 24.289911419734064 ], [ -104.894413909563369, 24.289699109895352 ], [ -104.894286170174283, 24.289463340314999 ], [ -104.894302019777939, 24.289332460062351 ], [ -104.894382219861939, 24.289211019777301 ], [ -104.89443378003962, 24.289001369551652 ], [ -104.89435505974258, 24.288790569727162 ], [ -104.894177650300094, 24.28867602958147 ], [ -104.894000060457742, 24.288760220314188 ], [ -104.893802740359092, 24.288856420361935 ], [ -104.893631660279382, 24.289018880067953 ], [ -104.893467179566159, 24.289139179561634 ], [ -104.893230479562348, 24.289187180150726 ], [ -104.892914800311928, 24.289283309886589 ], [ -104.892671490421904, 24.289349369897572 ], [ -104.892317909669529, 24.289484179770589 ], [ -104.89194280015947, 24.289579319862 ], [ -104.891671969821516, 24.289531429552067 ], [ -104.891390690038264, 24.289521689784547 ], [ -104.89105743010802, 24.289378340179645 ], [ -104.890692919995359, 24.289254030085473 ], [ -104.890290479872903, 24.289295480267914 ], [ -104.890033399947825, 24.289383719664386 ], [ -104.889886370410579, 24.289549249844878 ], [ -104.889739400385722, 24.289642310263069 ], [ -104.889661379660524, 24.289804919559437 ], [ -104.88950655002175, 24.290039979627554 ], [ -104.889377679984975, 24.290180939634674 ], [ -104.889162399710017, 24.290490749921542 ], [ -104.889067780337641, 24.290721709712155 ], [ -104.888913310165933, 24.29083906030387 ], [ -104.888604199948844, 24.29112082991379 ], [ -104.888294660390414, 24.291543860383047 ], [ -104.888088579869759, 24.291731709726125 ], [ -104.887934110408025, 24.291849050178765 ], [ -104.88777947970749, 24.292013480083444 ], [ -104.887561320168558, 24.292180229904993 ], [ -104.887244849843782, 24.292293880161665 ], [ -104.88703017012331, 24.292283370049326 ], [ -104.886770279584269, 24.292272820456137 ], [ -104.886453890245136, 24.292282940396117 ], [ -104.886126289669221, 24.292189519600846 ], [ -104.885855169573091, 24.292106510228095 ], [ -104.885561430141536, 24.292064879591567 ], [ -104.885380630012023, 24.292064739591272 ], [ -104.884962649575684, 24.291960890120393 ], [ -104.884770660419065, 24.291846879813871 ], [ -104.884262049771976, 24.292001770283715 ], [ -104.883911459820538, 24.292332769716868 ], [ -104.88371923002201, 24.292487909956694 ], [ -104.88353823036752, 24.292715510161432 ], [ -104.882937880350553, 24.293099680314779 ], [ -104.882531089967358, 24.29316145983778 ], [ -104.882276859884982, 24.29317678034344 ], [ -104.881937850301654, 24.293238629683877 ], [ -104.881751369671434, 24.293300599588388 ], [ -104.881531019651149, 24.293347000014194 ], [ -104.881090250055379, 24.293486400239932 ], [ -104.880734259871161, 24.293579279748855 ], [ -104.880208720003168, 24.293749650099521 ], [ -104.879818850447961, 24.293842510207551 ], [ -104.87939514029037, 24.293857689766888 ], [ -104.877222800446077, 24.283408450069388 ], [ -104.87278423039885, 24.272137629624105 ], [ -104.863801829756611, 24.271442200159299 ], [ -104.858552090118408, 24.250369969571093 ], [ -104.84926697015662, 24.214465279869863 ], [ -104.809654520448831, 24.214981720287728 ], [ -104.815423169969279, 24.261113399696175 ], [ -104.789638219573291, 24.272915920215965 ], [ -104.792393480306231, 24.282956490369482 ], [ -104.793758180185407, 24.299633829809835 ], [ -104.789533940471983, 24.302563689921065 ], [ -104.775485489546554, 24.290162620255 ], [ -104.774747490359644, 24.289507919867372 ], [ -104.769505619750362, 24.297314880203043 ], [ -104.766641259650143, 24.298197200362786 ], [ -104.765240620464368, 24.298626019729756 ], [ -104.765261969800449, 24.2986452596544 ], [ -104.76575359954812, 24.299293150205376 ], [ -104.765846259989544, 24.299290769627738 ], [ -104.766160219686384, 24.300044430373905 ], [ -104.766304980322872, 24.300435460396216 ], [ -104.766736090168536, 24.30147668041073 ], [ -104.765348540274601, 24.302330180436808 ], [ -104.76446793979963, 24.303325229855375 ], [ -104.764002060444966, 24.303716859915539 ], [ -104.762812860110927, 24.303899380012531 ], [ -104.761802710137999, 24.30425732001595 ], [ -104.761660879996541, 24.304383480264491 ], [ -104.761694000426161, 24.30471428982246 ], [ -104.761448919523417, 24.30481104971895 ], [ -104.742622710309462, 24.311645829698314 ], [ -104.743281940183991, 24.303448540020259 ], [ -104.734752510278867, 24.30184925029204 ], [ -104.735919950051766, 24.311500110077887 ], [ -104.728636950240244, 24.310334890044309 ], [ -104.727895170492317, 24.310224540239048 ], [ -104.712309719545573, 24.307726520199488 ], [ -104.712154379888702, 24.307657910322749 ], [ -104.711504000437458, 24.306731630254923 ], [ -104.711273260438418, 24.306488910243363 ], [ -104.710598980440906, 24.30627682010552 ], [ -104.709740429965933, 24.306190919725978 ], [ -104.709204289981301, 24.305936910356564 ], [ -104.708908880308215, 24.305305179961419 ], [ -104.708373940119046, 24.305070150317174 ], [ -104.708885250219723, 24.303539060293332 ], [ -104.706094659818916, 24.30214386033165 ], [ -104.694535480458399, 24.302408520349633 ], [ -104.673468370163818, 24.302877909738125 ], [ -104.633472889737121, 24.322876259716583 ], [ -104.636121370349628, 24.332482430156983 ], [ -104.624321829988787, 24.339744659622134 ], [ -104.62379403011154, 24.337375320063394 ], [ -104.616131890435256, 24.334950550214256 ], [ -104.584200939795679, 24.325130080358782 ], [ -104.58125780022425, 24.331243980056236 ], [ -104.579621849809115, 24.334698969962083 ], [ -104.578477890352133, 24.337018219680807 ], [ -104.576229380073414, 24.341711020286816 ], [ -104.574554459844862, 24.345166649838553 ], [ -104.568812890220869, 24.357089050295823 ], [ -104.56443547959465, 24.366178849581832 ], [ -104.549827660124237, 24.363119110267778 ], [ -104.547633769565067, 24.362794690212688 ], [ -104.545923770130656, 24.361203429935689 ], [ -104.54569621974953, 24.360299249645514 ], [ -104.54441478046418, 24.359376940329177 ], [ -104.544022049570216, 24.359338090009821 ], [ -104.530763569513127, 24.3625466902959 ], [ -104.527758280059828, 24.362827969602584 ], [ -104.531658570134994, 24.353252370442782 ], [ -104.53521830952252, 24.344359219654216 ], [ -104.530586399566161, 24.341889249726457 ], [ -104.526629680219031, 24.341633749920373 ], [ -104.525943249519713, 24.344052740250962 ], [ -104.520227250253967, 24.342517720251649 ], [ -104.516184279590505, 24.343700380354004 ], [ -104.512758740228662, 24.344707599922728 ], [ -104.49944268045283, 24.348800850230845 ], [ -104.497699999673785, 24.349458430222487 ], [ -104.497800820310999, 24.350119260343789 ], [ -104.498818690187051, 24.353194940126414 ], [ -104.499286429572322, 24.354485400185954 ], [ -104.480691309519401, 24.36173966025374 ], [ -104.478743170249871, 24.362508200234558 ], [ -104.482040889666195, 24.371994970267465 ], [ -104.478622979906518, 24.372784230361717 ], [ -104.474594750283103, 24.368870030122604 ], [ -104.471415050045309, 24.372503030232828 ], [ -104.471141350408402, 24.372783019858488 ], [ -104.470965910362111, 24.372962489619074 ], [ -104.469003650291512, 24.375321680170032 ], [ -104.467927550128763, 24.374599540043747 ], [ -104.467246580366151, 24.374141920353452 ], [ -104.465006220226144, 24.37266235011381 ], [ -104.463745000025, 24.372166489593997 ], [ -104.463114950125544, 24.371788489821643 ], [ -104.462843430101458, 24.371733259866634 ], [ -104.462247180117785, 24.371611980036995 ], [ -104.461492510489762, 24.370828849918823 ], [ -104.460922740284289, 24.370144220308834 ], [ -104.460866599920251, 24.370076750113125 ], [ -104.460068430280714, 24.370206650437858 ], [ -104.460052179802631, 24.370618050177853 ], [ -104.459909919588071, 24.371616120012202 ], [ -104.457516379827922, 24.37309292013876 ], [ -104.455833110102944, 24.373992060127492 ], [ -104.454358910090988, 24.374807000191218 ], [ -104.433954690120146, 24.381860540331989 ], [ -104.43210806037979, 24.378706969732043 ], [ -104.440178619499449, 24.373924449587474 ], [ -104.438576689722481, 24.371308119645168 ], [ -104.446139140465235, 24.366886199928061 ], [ -104.443796520341024, 24.361218349614674 ], [ -104.421542200144842, 24.374032200351664 ], [ -104.416823449811048, 24.377921969997953 ], [ -104.4055324298687, 24.369616800028385 ], [ -104.397870249995322, 24.364317090132413 ], [ -104.393379509862356, 24.360907859975228 ], [ -104.389208150326738, 24.363459779976083 ], [ -104.381284089897946, 24.358112490059867 ], [ -104.374694260123249, 24.363101199831032 ], [ -104.369717140106061, 24.366903029975408 ], [ -104.369682710028485, 24.366929309996475 ], [ -104.362920169924195, 24.372040710120444 ], [ -104.363148600294409, 24.372253719744815 ], [ -104.3570188803631, 24.376680429667179 ], [ -104.355061289834168, 24.377720380426798 ], [ -104.355089430312418, 24.378074369840856 ], [ -104.354964249738288, 24.377961220452491 ], [ -104.354764719563562, 24.377620599753222 ], [ -104.350358149514364, 24.373230379854419 ], [ -104.34989767997628, 24.37278812010069 ], [ -104.350474000342885, 24.372566120085175 ], [ -104.351892259658641, 24.371478689786493 ], [ -104.353971829780377, 24.369804650232759 ], [ -104.35730363035519, 24.366930109544214 ], [ -104.360344650461812, 24.364365889630683 ], [ -104.357876059746985, 24.36147460027874 ], [ -104.357092419905001, 24.360559649577688 ], [ -104.355328830085469, 24.358671629979391 ], [ -104.354962950305577, 24.358293650415543 ], [ -104.354582280400294, 24.357781750009007 ], [ -104.353503829903559, 24.356545339702944 ], [ -104.352980830432642, 24.355901449754576 ], [ -104.352603519532664, 24.355555660001695 ], [ -104.350879290005651, 24.353487979980635 ], [ -104.350342859725615, 24.352949150294304 ], [ -104.348768679659415, 24.351200020291135 ], [ -104.347059489541806, 24.349725020178912 ], [ -104.349820179849843, 24.348608170224431 ], [ -104.348066459732621, 24.343864719827881 ], [ -104.348969749832719, 24.340617910436368 ], [ -104.333781740369432, 24.331263830073432 ], [ -104.333521720140965, 24.328394769580374 ], [ -104.33310249049832, 24.32426185043564 ], [ -104.332865739769602, 24.321220920011282 ], [ -104.332699230155583, 24.320358970385811 ], [ -104.329994370307361, 24.318671830258666 ], [ -104.329083859988415, 24.315778750035211 ], [ -104.327858619577583, 24.312228050080662 ], [ -104.326906779672669, 24.310754110316353 ], [ -104.326530080232885, 24.310230539875857 ], [ -104.321742620186029, 24.304556379656098 ], [ -104.322004170432379, 24.302769850273833 ], [ -104.320360140111788, 24.29968424984239 ], [ -104.318168109675511, 24.295577920153129 ], [ -104.312715739877305, 24.291221199832428 ], [ -104.308059999754505, 24.287203109823135 ], [ -104.307811260306977, 24.287025280066985 ], [ -104.307122689553466, 24.286418780113486 ], [ -104.29834487984597, 24.309155909688172 ], [ -104.263091599773077, 24.288105570167666 ], [ -104.261761980317303, 24.297682379933811 ], [ -104.261629489700269, 24.29857434996757 ], [ -104.260338950321938, 24.298796509910584 ], [ -104.259664750258963, 24.299139999836438 ], [ -104.258989340196521, 24.299554140244695 ], [ -104.258745630147075, 24.301741259803837 ], [ -104.258162540340251, 24.304229660139637 ], [ -104.25819707971219, 24.306826370324419 ], [ -104.257820059743239, 24.308739059682594 ], [ -104.256664249906194, 24.309738540156388 ], [ -104.254986540442331, 24.310591860046326 ], [ -104.253937179954704, 24.311256800132018 ], [ -104.253501619582721, 24.312561919733991 ], [ -104.253654320043154, 24.313256509588896 ], [ -104.253442649949577, 24.313710050106259 ], [ -104.252893819882928, 24.313731259830391 ], [ -104.252192020172998, 24.314694379664985 ], [ -104.252030279511445, 24.315399569688818 ], [ -104.251787479505921, 24.316055569694456 ], [ -104.251395830437758, 24.316748580378899 ], [ -104.250503249781843, 24.317414259663025 ], [ -104.25012883046287, 24.318470800287841 ], [ -104.250071490375831, 24.318510140200672 ], [ -104.249818650311781, 24.318542229559934 ], [ -104.249501680006631, 24.318418690164215 ], [ -104.249164180168279, 24.318304419750458 ], [ -104.248918849959665, 24.318199980136605 ], [ -104.248499029792171, 24.318141620143848 ], [ -104.2481917699685, 24.318111940052379 ], [ -104.247863570389953, 24.318157229872092 ], [ -104.247638219874986, 24.318137350238043 ], [ -104.247229969543696, 24.317853820149207 ], [ -104.246932629646111, 24.31788048970796 ], [ -104.24665540017341, 24.317972950069088 ], [ -104.246480399869185, 24.318103450162646 ], [ -104.246397519697709, 24.318253179552432 ], [ -104.246447429827924, 24.318478620136318 ], [ -104.24656947957844, 24.318638749766578 ], [ -104.246721260445, 24.318967919738093 ], [ -104.246833579531938, 24.319034170179666 ], [ -104.247017490339331, 24.319128909909224 ], [ -104.247077629646284, 24.319354420331816 ], [ -104.247076000350305, 24.319631199911871 ], [ -104.247197540334824, 24.319875770365535 ], [ -104.247237110205134, 24.32011994002174 ], [ -104.247174659615368, 24.320279139786734 ], [ -104.247204420454096, 24.320448199603415 ], [ -104.247111689529518, 24.320532180399177 ], [ -104.246896580242193, 24.320512339614147 ], [ -104.246579019804756, 24.320492020230596 ], [ -104.246209940133383, 24.320518320114878 ], [ -104.245933079813142, 24.320545090425874 ], [ -104.245790489972123, 24.320394259669193 ], [ -104.24564834997291, 24.320168339611307 ], [ -104.245618170080363, 24.320074350085118 ], [ -104.245536230497152, 24.320064570445943 ], [ -104.245444060105058, 24.320054719684119 ], [ -104.245341880270999, 24.320007310439667 ], [ -104.245250259529612, 24.319903630055805 ], [ -104.245209519834418, 24.3198565103052 ], [ -104.245014980285319, 24.319827400006389 ], [ -104.244594659859061, 24.319853449834095 ], [ -104.244133150306766, 24.319916849820476 ], [ -104.243651800499435, 24.319867520286163 ], [ -104.243386310025031, 24.319706679604273 ], [ -104.243367260126533, 24.319462629757933 ], [ -104.243296800492587, 24.319246460193192 ], [ -104.243103320244046, 24.319039050372179 ], [ -104.243084150161252, 24.318813750150685 ], [ -104.243014539661957, 24.318456850300592 ], [ -104.243016320422043, 24.318156580045319 ], [ -104.243181179981406, 24.318007279708908 ], [ -104.243295510470318, 24.317735720403981 ], [ -104.243430169818879, 24.317497139718103 ], [ -104.243687909906967, 24.317235679653173 ], [ -104.243832980028088, 24.316964280096794 ], [ -104.24382433985096, 24.316692120382218 ], [ -104.24394815044964, 24.316551980089955 ], [ -104.24417453987391, 24.316393599709095 ], [ -104.244400319680835, 24.316338419838907 ], [ -104.24460537966263, 24.316320679707751 ], [ -104.244790660365794, 24.31618084987976 ], [ -104.244812430079733, 24.315965139749661 ], [ -104.244906059749653, 24.315731019730865 ], [ -104.245071419704729, 24.315497250451688 ], [ -104.245123370061748, 24.315375519994866 ], [ -104.244930370212515, 24.315088379919199 ], [ -104.24467545990413, 24.314871289770512 ], [ -104.244174119886253, 24.314737449646781 ], [ -104.243437200408806, 24.314583630216163 ], [ -104.242720490473417, 24.31455902989234 ], [ -104.241725310169272, 24.314889110217219 ], [ -104.240936939881735, 24.31560310962665 ], [ -104.240148280481847, 24.316364980199783 ], [ -104.239257340093104, 24.316743429675412 ], [ -104.238626920136255, 24.317266769662314 ], [ -104.237947920174506, 24.317167629935653 ], [ -104.237004420023197, 24.31759365974537 ], [ -104.236064629790761, 24.317397480437936 ], [ -104.235745630423551, 24.317460709544434 ], [ -104.235561780179978, 24.317799020346396 ], [ -104.235922309877395, 24.318468350232497 ], [ -104.235606830272886, 24.318673939589974 ], [ -104.234909769786157, 24.318421999764706 ], [ -104.23431171959858, 24.318733679678775 ], [ -104.233473599880199, 24.319016620131755 ], [ -104.233104510296116, 24.319541249962409 ], [ -104.233113519667143, 24.319965969872523 ], [ -104.232787110083322, 24.320161879586312 ], [ -104.231749179666252, 24.320362520034873 ], [ -104.231362199736338, 24.320323889819861 ], [ -104.230850339894658, 24.320582830168245 ], [ -104.229899250156564, 24.320063780404642 ], [ -104.229456339973112, 24.320019549671176 ], [ -104.229152549765416, 24.319710170326665 ], [ -104.228878479827216, 24.31954085964253 ], [ -104.228481139855916, 24.319538849963145 ], [ -104.228267109535494, 24.319551739962012 ], [ -104.228206420229839, 24.319481480409564 ], [ -104.227916310016099, 24.319438020060428 ], [ -104.227610490043489, 24.319464450333253 ], [ -104.227458939567057, 24.319253780263054 ], [ -104.227368520251858, 24.319043420130441 ], [ -104.226986820123699, 24.318985510321248 ], [ -104.226757659542614, 24.31897035002979 ], [ -104.226559000299801, 24.318969340213904 ], [ -104.226467400106117, 24.318954880338104 ], [ -104.226390649640365, 24.319010460410897 ], [ -104.226298779700642, 24.319037970200586 ], [ -104.226191890338029, 24.319023429905421 ], [ -104.226085259908572, 24.318966919928179 ], [ -104.226024230112642, 24.318952619552437 ], [ -104.225809769924084, 24.319035480339224 ], [ -104.225626719878974, 24.318978579935759 ], [ -104.225474490180957, 24.318879849752399 ], [ -104.225094979924293, 24.318649289967382 ], [ -104.224888229521625, 24.318553309771904 ], [ -104.224664020346054, 24.318488880361173 ], [ -104.224578480023766, 24.318351319547585 ], [ -104.224631430109113, 24.318167029908661 ], [ -104.224632319665318, 24.31801938029697 ], [ -104.224374659688792, 24.317770199595163 ], [ -104.224220369665431, 24.317569030058149 ], [ -104.223990289542868, 24.31752037995977 ], [ -104.223886520015625, 24.317540950271024 ], [ -104.223794679684929, 24.31749301972507 ], [ -104.22366325997524, 24.317318320281483 ], [ -104.223526020113098, 24.317159400247569 ], [ -104.223422549575957, 24.317127249857108 ], [ -104.223174380344503, 24.317210350002664 ], [ -104.223081909520729, 24.317262620451956 ], [ -104.22302523043426, 24.317114660208492 ], [ -104.22306694004223, 24.316885490037095 ], [ -104.223153979804664, 24.31677518005905 ], [ -104.223263780193733, 24.316717740337555 ], [ -104.223396879593253, 24.316612949821842 ], [ -104.223467310203688, 24.316397090161068 ], [ -104.223485480046961, 24.316249519951484 ], [ -104.223405629525828, 24.316122549722827 ], [ -104.223204600012266, 24.316031880178258 ], [ -104.223066919961767, 24.315941519668424 ], [ -104.222969580182848, 24.315851370352775 ], [ -104.222849019535019, 24.315787480415263 ], [ -104.222756999594736, 24.315765909891155 ], [ -104.222665350229278, 24.315683719980324 ], [ -104.222417950497487, 24.315640260205949 ], [ -104.222274399624865, 24.315570969893372 ], [ -104.222171550138214, 24.31543860010299 ], [ -104.222143579875649, 24.315301339691562 ], [ -104.222098320046868, 24.315169279567467 ], [ -104.222029600307664, 24.315105649644018 ], [ -104.222007019668169, 24.31503169010357 ], [ -104.222008710365856, 24.314752200404623 ], [ -104.221969050421862, 24.314646539542508 ], [ -104.221836679820257, 24.314630029587764 ], [ -104.221635449734251, 24.314578920258533 ], [ -104.221578979800682, 24.314394059619787 ], [ -104.221401060118225, 24.314292940387695 ], [ -104.221148170481669, 24.314207280111212 ], [ -104.22102245983271, 24.314048420193263 ], [ -104.220855829952271, 24.313984280199168 ], [ -104.220276509715703, 24.313836709625789 ], [ -104.219848259863952, 24.314005970118931 ], [ -104.219509170464605, 24.314248079818427 ], [ -104.219042489692143, 24.314212969947615 ], [ -104.218683970034277, 24.314436230441899 ], [ -104.218616089660287, 24.314862350064875 ], [ -104.217981800291241, 24.315331479715866 ], [ -104.21813067983102, 24.315706889652102 ], [ -104.217871320316249, 24.315941749560153 ], [ -104.217682380116656, 24.315825919797447 ], [ -104.217247910428199, 24.316085139937073 ], [ -104.216504580191526, 24.31614377988814 ], [ -104.216301749558298, 24.316296819553394 ], [ -104.216288749717279, 24.316584369632992 ], [ -104.216107290181185, 24.316912119857943 ], [ -104.21618943029975, 24.317242220268945 ], [ -104.216066200332278, 24.31754721956743 ], [ -104.215587940197636, 24.318014030247827 ], [ -104.214686420188869, 24.318913110067804 ], [ -104.213858750143729, 24.318675169787866 ], [ -104.212973350166692, 24.318144089729845 ], [ -104.21245388997086, 24.318183599705439 ], [ -104.211998950498739, 24.318420280211292 ], [ -104.211978369810566, 24.318426109608897 ], [ -104.211193370309658, 24.318565629893264 ], [ -104.210922480183854, 24.318106880347226 ], [ -104.210820420168872, 24.317611199787429 ], [ -104.210988919717451, 24.317075679723839 ], [ -104.210706399926792, 24.316620320244258 ], [ -104.21037122029324, 24.316263920073212 ], [ -104.209088970177874, 24.316731600424056 ], [ -104.20772691024797, 24.316856620431988 ], [ -104.206526619769278, 24.315856719656431 ], [ -104.205489000177963, 24.314946089838624 ], [ -104.204160770113191, 24.314478659753096 ], [ -104.203269379826409, 24.314017769741081 ], [ -104.202107570072556, 24.314306579787505 ], [ -104.201012310320095, 24.315185289925488 ], [ -104.199486939506428, 24.315680649760999 ], [ -104.198809549713957, 24.316188709947465 ], [ -104.196957259719937, 24.316278680121982 ], [ -104.194624340257306, 24.315937419741239 ], [ -104.193375769994304, 24.315329749970502 ], [ -104.19191655022783, 24.315001579818652 ], [ -104.190523019659807, 24.315310380268794 ], [ -104.189891600363111, 24.314688430052136 ], [ -104.189761859776041, 24.313757629566339 ], [ -104.189192349812274, 24.312893059735114 ], [ -104.187729970489229, 24.312693780108905 ], [ -104.186839520190148, 24.31297619994146 ], [ -104.186200780025331, 24.312677690441763 ], [ -104.186216829666293, 24.311531490171014 ], [ -104.185699920257676, 24.310619319947257 ], [ -104.184445740357489, 24.310564720340963 ], [ -104.183504880395745, 24.31055967983011 ], [ -104.182672539783226, 24.309932979737596 ], [ -104.18231216970814, 24.309069509731678 ], [ -104.180688109605356, 24.309635110225877 ], [ -104.178946089804697, 24.310252680046798 ], [ -104.177426860084537, 24.310770939654986 ], [ -104.175757289539192, 24.310283259629031 ], [ -104.17392596985907, 24.310560489890918 ], [ -104.172510019779807, 24.311270719797541 ], [ -104.171823049607156, 24.312415680346586 ], [ -104.171760510205999, 24.313994820035852 ], [ -104.170551420072329, 24.315041180081774 ], [ -104.169140369549467, 24.314985620148697 ], [ -104.168110970109083, 24.314366000125819 ], [ -104.167181980028303, 24.314014919632882 ], [ -104.166159949571778, 24.314020979706054 ], [ -104.164589290393664, 24.314395260332802 ], [ -104.163319459643148, 24.314067059853073 ], [ -104.162136619875298, 24.313759519742558 ], [ -104.161245779951429, 24.314089650240433 ], [ -104.161188800199056, 24.314807280178876 ], [ -104.161082139805458, 24.315877119864272 ], [ -104.160958350070032, 24.317029460180947 ], [ -104.160357910008656, 24.31753852030872 ], [ -104.160392579968132, 24.31845771012609 ], [ -104.16058015012625, 24.319449909877367 ], [ -104.160356569756246, 24.320435829587925 ], [ -104.160292319590638, 24.32114151042861 ], [ -104.160312879616072, 24.321424489857307 ], [ -104.15943057957854, 24.321882140139223 ], [ -104.158396229600598, 24.322219680375515 ], [ -104.15767669049356, 24.322208690319119 ], [ -104.156570800371185, 24.300114980218588 ], [ -104.156073750092744, 24.293225999972599 ], [ -104.155938379984477, 24.286125219925047 ], [ -104.160704850401629, 24.284468029843904 ], [ -104.158922000338166, 24.247412940368068 ], [ -104.156401350196035, 24.236458080241089 ], [ -104.155985750392716, 24.236257549981673 ], [ -104.156123320099397, 24.235587370371334 ], [ -104.156660740391217, 24.23485839957964 ], [ -104.156931050084623, 24.234249939601888 ], [ -104.157071019795197, 24.233213779852441 ], [ -104.157010859533969, 24.232237520301329 ], [ -104.157283170484405, 24.231324089570805 ], [ -104.157425950026223, 24.229861000354393 ], [ -104.157527820426878, 24.227427509677984 ], [ -104.157517849525334, 24.225851479609265 ], [ -104.157363080494719, 24.224535200166571 ], [ -104.157720980098176, 24.223256000085094 ], [ -104.157923489712616, 24.222638650233396 ], [ -104.157511339887179, 24.22242691976124 ], [ -104.157408349797322, 24.22201966036906 ], [ -104.157258969642498, 24.220005139752864 ], [ -104.156549229573059, 24.218707060313651 ], [ -104.155548320093516, 24.216818489610315 ], [ -104.15477617993912, 24.215380999953712 ], [ -104.154116349702534, 24.214120940204026 ], [ -104.153455800478071, 24.213663249858797 ], [ -104.152993290307833, 24.213270140173705 ], [ -104.152496200228825, 24.212949890032117 ], [ -104.151454079634277, 24.212327740056406 ], [ -104.150720230300095, 24.211683659676449 ], [ -104.15025162985178, 24.211336490082804 ], [ -104.149084229793715, 24.209663259886348 ], [ -104.148107980048266, 24.208649430063936 ], [ -104.147473820349944, 24.207699089557174 ], [ -104.147124779742384, 24.207415650312349 ], [ -104.146540919556799, 24.206449579582539 ], [ -104.146151029688397, 24.205848949800163 ], [ -104.145817309597405, 24.205228940292432 ], [ -104.145636519569237, 24.204791579696284 ], [ -104.145608569851333, 24.204187280173048 ], [ -104.145552510149514, 24.203959219559078 ], [ -104.145432350181721, 24.203750490167945 ], [ -104.14530097024992, 24.203327340369718 ], [ -104.14520090976383, 24.203100110258386 ], [ -104.144790629737699, 24.202617349712817 ], [ -104.143577779618454, 24.201331580039767 ], [ -104.142734750205733, 24.200469630231069 ], [ -104.141614139794711, 24.199462950447582 ], [ -104.140589650032524, 24.198652889545258 ], [ -104.139546140417124, 24.198029089898835 ], [ -104.139252420181435, 24.197707600085 ], [ -104.138722820069987, 24.196982460266355 ], [ -104.138100720463157, 24.196028000228072 ], [ -104.137547750219426, 24.194984479880038 ], [ -104.137071909533702, 24.194178370162565 ], [ -104.136378620229038, 24.192858309629276 ], [ -104.135738340031111, 24.191207819553046 ], [ -104.135788600134461, 24.19064092001458 ], [ -104.135466630433342, 24.189970079681625 ], [ -104.135068999544671, 24.189689170320779 ], [ -104.134849709865122, 24.189497850140285 ], [ -104.134661779880773, 24.189411029951174 ], [ -104.134523399627469, 24.188984460206953 ], [ -104.134291950470271, 24.188831419802014 ], [ -104.134142849517346, 24.188501509817716 ], [ -104.134213650065533, 24.188271109689772 ], [ -104.134782620399662, 24.187897230312533 ], [ -104.135144679921282, 24.187897170038308 ], [ -104.135346449694694, 24.187664889762033 ], [ -104.135410109941319, 24.18696294037553 ], [ -104.135496649545672, 24.18651445022914 ], [ -104.135676779622997, 24.186339940087223 ], [ -104.135673350004694, 24.186129230049904 ], [ -104.135829619808746, 24.185852179635582 ], [ -104.13592459981993, 24.185646890242278 ], [ -104.135788850207248, 24.185515739610956 ], [ -104.15352790959308, 24.167238289956753 ], [ -104.142650520477858, 24.165392950201991 ], [ -104.134436280432809, 24.161483829974358 ], [ -104.134762380360044, 24.156319979788208 ], [ -104.135548549753864, 24.156098400178021 ], [ -104.135279400412912, 24.153662939692239 ], [ -104.138008429872968, 24.148475849859416 ], [ -104.13871292021976, 24.148190119803004 ], [ -104.138940050203445, 24.147826349926135 ], [ -104.139381020214103, 24.146260449883879 ], [ -104.139234059622709, 24.145295379895984 ], [ -104.138002119844657, 24.144430120120084 ], [ -104.138116090144393, 24.143335000002477 ], [ -104.12708646042752, 24.139146629955761 ], [ -104.12399942973525, 24.140884459603591 ], [ -104.127158080059885, 24.144735660329285 ], [ -104.126022089722767, 24.144253599794844 ], [ -104.124904770326125, 24.144986519722273 ], [ -104.124416739853274, 24.144217970184741 ], [ -104.122052949645209, 24.144643849797429 ], [ -104.121499379658857, 24.14315716987986 ], [ -104.1201348495525, 24.143562879767632 ], [ -104.119201879948903, 24.142748419865683 ], [ -104.118183690147262, 24.141622779983269 ], [ -104.116705089929482, 24.141799019971923 ], [ -104.115945519951836, 24.141290979847319 ], [ -104.115568579928762, 24.140181850134422 ], [ -104.113915399980883, 24.139231850189724 ], [ -104.11106000032008, 24.135844979938447 ], [ -104.10786053993273, 24.132035689605384 ], [ -104.107104449969569, 24.132806150254456 ], [ -104.10368798029802, 24.131281060401271 ], [ -104.102756029842567, 24.128172289862462 ], [ -104.103947939679387, 24.124610169854027 ], [ -104.101998660255688, 24.120303399797233 ], [ -104.111542540116616, 24.109637720405832 ], [ -104.146691199898086, 24.106067180310163 ], [ -104.169234879916274, 24.090050599602833 ], [ -104.173217349773083, 24.082238349771121 ], [ -104.173421980328925, 24.082056850389385 ], [ -104.173887450111124, 24.081931879857436 ], [ -104.174337829596823, 24.081214150447508 ], [ -104.174774419594627, 24.080565030374746 ], [ -104.174959379574545, 24.080028880135064 ], [ -104.175227259702297, 24.079997770368347 ], [ -104.175262720370824, 24.080339320079606 ], [ -104.175523369540429, 24.080773510166548 ], [ -104.175999539865813, 24.080762020392932 ], [ -104.176281310450804, 24.080594909840308 ], [ -104.176490169523348, 24.08032003013539 ], [ -104.176795999624787, 24.080174350452573 ], [ -104.177271540474536, 24.080254750141691 ], [ -104.177482019669526, 24.08007775025024 ], [ -104.177791630097332, 24.080160479545729 ], [ -104.178480709554634, 24.080248769948753 ], [ -104.178924829763602, 24.080579819963408 ], [ -104.179221150095515, 24.080575679814018 ], [ -104.179618140473565, 24.080565539663521 ], [ -104.179839030261562, 24.080242420322165 ], [ -104.180170310014475, 24.080324289627697 ], [ -104.180156180203966, 24.080609920287841 ], [ -104.180387249606994, 24.080900800400808 ], [ -104.180837459602955, 24.080764769834826 ], [ -104.181135150270208, 24.080780289551384 ], [ -104.18150719963144, 24.080616910294836 ], [ -104.181777540137517, 24.08064752006711 ], [ -104.181959889549915, 24.080796290399718 ], [ -104.182349319825164, 24.080777090326634 ], [ -104.182520860307861, 24.080863369797974 ], [ -104.182776310475404, 24.080754889558264 ], [ -104.182940850321756, 24.080909950414856 ], [ -104.182648169733341, 24.081071419691781 ], [ -104.182403110474581, 24.081232200363502 ], [ -104.182635779889495, 24.081473740234404 ], [ -104.182707889910247, 24.081313770011366 ], [ -104.183032290257998, 24.081338950309501 ], [ -104.183244340287828, 24.081752179688436 ], [ -104.183138660469709, 24.081892400157415 ], [ -104.183485969642817, 24.081996540003463 ], [ -104.183666380445857, 24.081805740303437 ], [ -104.184516709572264, 24.081635310182939 ], [ -104.185124279701029, 24.081805170401747 ], [ -104.185206220417655, 24.081536480195133 ], [ -104.185456940306722, 24.080496459565534 ], [ -104.186218780454638, 24.080082720312326 ], [ -104.186701020142792, 24.080189340394384 ], [ -104.187112110080577, 24.080145800202153 ], [ -104.187976089988155, 24.080095910284552 ], [ -104.188829709854474, 24.080247709931012 ], [ -104.189232939906731, 24.080556950389326 ], [ -104.189608310167941, 24.080841419608493 ], [ -104.189641829902001, 24.081206229748499 ], [ -104.190075030205577, 24.081666220168252 ], [ -104.190033150440968, 24.081337980192654 ], [ -104.19035857963317, 24.081052089774619 ], [ -104.190376050381246, 24.080683950055935 ], [ -104.1905585500662, 24.080313489661339 ], [ -104.190527420292511, 24.079859480409162 ], [ -104.190545599582677, 24.079534619718579 ], [ -104.19127256960391, 24.079286350058599 ], [ -104.191606260445255, 24.079498089583968 ], [ -104.191870660049617, 24.079797349936495 ], [ -104.192157220417812, 24.080009739646318 ], [ -104.192386880275805, 24.079638619631115 ], [ -104.192474340429598, 24.07922621973832 ], [ -104.192541830118444, 24.079030490370613 ], [ -104.192942660297106, 24.07902487981027 ], [ -104.193086659575485, 24.079174340102615 ], [ -104.193342419704436, 24.078954339559424 ], [ -104.193551739895568, 24.078778259920988 ], [ -104.193572800255623, 24.07862649028478 ], [ -104.193809659588396, 24.078688080245847 ], [ -104.194029999774898, 24.078409719554152 ], [ -104.193952799784299, 24.078159459559775 ], [ -104.193949450363775, 24.077958450169803 ], [ -104.193446339618092, 24.077805910315327 ], [ -104.193465430158582, 24.077573829800087 ], [ -104.193703169699717, 24.077370309787479 ], [ -104.193789400185565, 24.076964029701816 ], [ -104.194073289538466, 24.076668519839057 ], [ -104.194578599939121, 24.076661420066976 ], [ -104.194936659590255, 24.076484120054086 ], [ -104.195413110115979, 24.076477420397215 ], [ -104.195945080160413, 24.07633743019543 ], [ -104.196375549913455, 24.076172350127404 ], [ -104.196710489890904, 24.076339919699375 ], [ -104.196895079727256, 24.0761517997413 ], [ -104.197360620357784, 24.076357280370932 ], [ -104.197697979515311, 24.076670570061921 ], [ -104.198192509728514, 24.076888600219672 ], [ -104.198435689696865, 24.077148459888537 ], [ -104.198501399925618, 24.077336150111392 ], [ -104.198699339738496, 24.077415380257552 ], [ -104.198983750098719, 24.077321170279124 ], [ -104.199656029824681, 24.077449630142141 ], [ -104.199690089629485, 24.077387859998019 ], [ -104.200040250390359, 24.076800369933345 ], [ -104.200233139776444, 24.076530909866758 ], [ -104.200483450029253, 24.076329819621417 ], [ -104.200784279539931, 24.076120799555365 ], [ -104.201268090385184, 24.075754540368191 ], [ -104.201741290376589, 24.075427419621629 ], [ -104.202342519585386, 24.074989540111936 ], [ -104.202587780447999, 24.074788370438682 ], [ -104.202782649893962, 24.074419120033902 ], [ -104.202906520101877, 24.074249420012389 ], [ -104.20313085953417, 24.073871910326812 ], [ -104.203258230040035, 24.073621660323489 ], [ -104.203369940072093, 24.073459850154151 ], [ -104.203730030248011, 24.072959910449722 ], [ -104.203939490098477, 24.072637779958111 ], [ -104.203984569606433, 24.072568909827012 ], [ -104.20413984974283, 24.072457339714756 ], [ -104.204626770052428, 24.072079480090885 ], [ -104.205147110484575, 24.071701309543922 ], [ -104.205331349863457, 24.071492890322062 ], [ -104.206457090260287, 24.070301370138452 ], [ -104.206940550324873, 24.0697815200711 ], [ -104.208054520136315, 24.068621430017473 ], [ -104.208566349924041, 24.068069309685502 ], [ -104.208744710200605, 24.067874779816965 ], [ -104.209311599647023, 24.067262219811841 ], [ -104.209483120444617, 24.06708949037413 ], [ -104.21015410990627, 24.066379079626326 ], [ -104.210323689715764, 24.066220969867683 ], [ -104.210754820437927, 24.065772939730248 ], [ -104.210921890005594, 24.065586310258894 ], [ -104.211105490041803, 24.065382139707161 ], [ -104.211380969819757, 24.065042689865404 ], [ -104.211451120405684, 24.064945740321956 ], [ -104.211641650253185, 24.064663830197802 ], [ -104.211797769544276, 24.064481420230798 ], [ -104.21198225036126, 24.0642299102342 ], [ -104.212117370319319, 24.064036459748682 ], [ -104.212365780042077, 24.063700830417222 ], [ -104.212486169540938, 24.063546970148906 ], [ -104.212766739538921, 24.063168550169056 ], [ -104.212914140486888, 24.062986999679822 ], [ -104.213078940257958, 24.06276653960408 ], [ -104.213447480125936, 24.062283629614523 ], [ -104.213772880458606, 24.061838710217174 ], [ -104.214093080495758, 24.061421050195829 ], [ -104.214380679732315, 24.061056369727254 ], [ -104.214728829861926, 24.060675339785554 ], [ -104.214925259680584, 24.06044154981571 ], [ -104.215307049773571, 24.060103449788826 ], [ -104.215473660327135, 24.059943879885083 ], [ -104.215895290039214, 24.059577089799333 ], [ -104.216101250312065, 24.059387779811441 ], [ -104.216348310356295, 24.059170749763091 ], [ -104.216538620069642, 24.059004220246194 ], [ -104.2167219796398, 24.058857829660361 ], [ -104.217068510237468, 24.05861472032457 ], [ -104.217321400484138, 24.058436909797148 ], [ -104.217739119754128, 24.05817226010647 ], [ -104.218034859759982, 24.057966430086424 ], [ -104.218598480263353, 24.057526219950876 ], [ -104.218865430309407, 24.057323169561307 ], [ -104.219119059999144, 24.057060979825824 ], [ -104.219222780122337, 24.056955980423581 ], [ -104.219519399687243, 24.05664647955178 ], [ -104.219683679774008, 24.056477780197838 ], [ -104.21979766036695, 24.056358110281042 ], [ -104.219952829865406, 24.056179780403525 ], [ -104.22033257048389, 24.055789690339054 ], [ -104.220483079649114, 24.055623420153239 ], [ -104.220887800253237, 24.055206740242518 ], [ -104.221055979646536, 24.055025060191266 ], [ -104.221608799554929, 24.054468480120033 ], [ -104.221855460331739, 24.054191709720733 ], [ -104.222126750280978, 24.053917089659056 ], [ -104.222610140213362, 24.053406119648823 ], [ -104.222807969918804, 24.053210220300279 ], [ -104.223105830428352, 24.052890770331601 ], [ -104.223514570302115, 24.052453489553606 ], [ -104.223688689552915, 24.052284059962911 ], [ -104.223874780408281, 24.052094170341142 ], [ -104.224005219564958, 24.051956950319084 ], [ -104.224404519783249, 24.051582170211752 ], [ -104.224571630014481, 24.051368480283351 ], [ -104.224891429855148, 24.051028719805053 ], [ -104.225250690243627, 24.050673850239829 ], [ -104.225508780214142, 24.050440629775935 ], [ -104.225706060001571, 24.050205570072016 ], [ -104.22584197958119, 24.050056080141118 ], [ -104.22606628042071, 24.049819089581042 ], [ -104.226180339679829, 24.049738030279666 ], [ -104.226365489858011, 24.049596370323634 ], [ -104.226632850030427, 24.049410509778298 ], [ -104.226797149841161, 24.049315490360275 ], [ -104.227025520437593, 24.049169910400291 ], [ -104.227420349843044, 24.048932249796014 ], [ -104.22755211978216, 24.048871770021222 ], [ -104.227739679966504, 24.048787059985134 ], [ -104.227863119815879, 24.048686859960288 ], [ -104.228006279905358, 24.048544200046614 ], [ -104.228185889703752, 24.048351089971909 ], [ -104.22835618039062, 24.048157519805333 ], [ -104.228859660195624, 24.047674689912114 ], [ -104.228956399734813, 24.04758162016692 ], [ -104.22924749037044, 24.047293059607096 ], [ -104.22937609006091, 24.047146479863351 ], [ -104.229441679560921, 24.047027120048345 ], [ -104.229715620341523, 24.046629180053809 ], [ -104.229833459613332, 24.04646354997401 ], [ -104.230134260179341, 24.046080370017801 ], [ -104.230323680463215, 24.045846169767334 ], [ -104.230482829788642, 24.045663139650017 ], [ -104.230709219852599, 24.045384079747784 ], [ -104.230945349950815, 24.045136380281924 ], [ -104.231082309913347, 24.044997430155263 ], [ -104.231176120132389, 24.044934029571344 ], [ -104.23137508018003, 24.044812230238289 ], [ -104.231646690338948, 24.044594740010229 ], [ -104.231825140053402, 24.044468909846977 ], [ -104.232096349637203, 24.044243909959576 ], [ -104.232231890170212, 24.044115419721798 ], [ -104.232471429580812, 24.043927780096791 ], [ -104.232722550286852, 24.043740939576303 ], [ -104.233027229933668, 24.043475920126795 ], [ -104.233231179704546, 24.043310119865417 ], [ -104.233475980286073, 24.043121829590184 ], [ -104.233637819656551, 24.042997720126802 ], [ -104.233957749663617, 24.042766220348085 ], [ -104.234153830395016, 24.042625380209419 ], [ -104.234396260198736, 24.042458149868562 ], [ -104.23462614998229, 24.04228250999325 ], [ -104.235008490305404, 24.04197838008011 ], [ -104.235236119752216, 24.04180810997844 ], [ -104.235523749564649, 24.041599849853725 ], [ -104.235857710034665, 24.041378449633225 ], [ -104.236016350302506, 24.041261169833337 ], [ -104.236184799778115, 24.041152620343155 ], [ -104.236283659938678, 24.041109920288608 ], [ -104.236469000420442, 24.041051250233775 ], [ -104.236625489843632, 24.040995920227616 ], [ -104.236842199529406, 24.040892570021402 ], [ -104.237225279891334, 24.040730599685379 ], [ -104.237470509761806, 24.04065564991447 ], [ -104.237612019905811, 24.040585150314726 ], [ -104.237653220001462, 24.040528000435394 ], [ -104.237747060287973, 24.040514739667628 ], [ -104.237839629673786, 24.040427090342849 ], [ -104.23799322027385, 24.040331149878739 ], [ -104.238275090009793, 24.040204549702825 ], [ -104.238402569567356, 24.040149169774065 ], [ -104.238497830076597, 24.040086179601385 ], [ -104.238551980430742, 24.040010400110184 ], [ -104.238688280367342, 24.039845030167371 ], [ -104.238746569675286, 24.039727149766744 ], [ -104.238828490023337, 24.039581339858273 ], [ -104.238879319615975, 24.039428460196792 ], [ -104.238970000018085, 24.039236119790932 ], [ -104.239063050285978, 24.039128709901725 ], [ -104.239168820394013, 24.039050740074924 ], [ -104.239315619599893, 24.03893668977345 ], [ -104.239483290417553, 24.038825060017011 ], [ -104.239673969722986, 24.038666709770855 ], [ -104.239847489821813, 24.038549540216355 ], [ -104.239979429826477, 24.038435709666128 ], [ -104.24012427957031, 24.038319179854632 ], [ -104.240274030093317, 24.038208800430723 ], [ -104.24045331999686, 24.038051580391286 ], [ -104.240669250235072, 24.037869109873359 ], [ -104.24098882988072, 24.03758156977425 ], [ -104.241189680054802, 24.037428820342221 ], [ -104.241411480333198, 24.037248740292338 ], [ -104.241508739923916, 24.037144150049045 ], [ -104.241731800311101, 24.036958880101178 ], [ -104.2419409203561, 24.036774980237944 ], [ -104.242177050339521, 24.036573999811225 ], [ -104.242357119979346, 24.036401119718381 ], [ -104.242537319800434, 24.036232719774425 ], [ -104.242736689511659, 24.036057400347854 ], [ -104.242957660473749, 24.035882979666617 ], [ -104.243069029889341, 24.035812510212143 ], [ -104.243158399634268, 24.03575173974113 ], [ -104.243222430388585, 24.035705420033121 ], [ -104.243298950199048, 24.035691780056339 ], [ -104.24346273978324, 24.035662050396173 ], [ -104.243675909954348, 24.035635909862144 ], [ -104.243939340415722, 24.035609060378668 ], [ -104.244076740279326, 24.035560949621878 ], [ -104.24433978037294, 24.035511030187756 ], [ -104.244578080388024, 24.035484539921221 ], [ -104.244872819843025, 24.03545148005205 ], [ -104.245198769890408, 24.035406419791311 ], [ -104.245436970386734, 24.0353741699967 ], [ -104.245624520312333, 24.035319569767669 ], [ -104.2458372002842, 24.035264619668176 ], [ -104.246069030188508, 24.035226680006204 ], [ -104.246413149798698, 24.035190629910918 ], [ -104.246996019610961, 24.035086119632187 ], [ -104.247831749825664, 24.035006779972523 ], [ -104.247994200394984, 24.034931599562103 ], [ -104.248097050176568, 24.034967630039702 ], [ -104.24849151011432, 24.034886939619181 ], [ -104.248739049998463, 24.034761619697861 ], [ -104.249097800214585, 24.034750600423724 ], [ -104.248964309678186, 24.035135419737991 ], [ -104.248613180326686, 24.035560169928896 ], [ -104.248247140409688, 24.035834970120277 ], [ -104.247833430461824, 24.035967419689861 ], [ -104.247338619539477, 24.03626299993919 ], [ -104.247207449789016, 24.036377969752753 ], [ -104.247095920249876, 24.03672889017497 ], [ -104.247118569931814, 24.036859509811134 ], [ -104.247250659819159, 24.036981109743802 ], [ -104.247520319719712, 24.037020450411209 ], [ -104.247968029939784, 24.036939950076277 ], [ -104.248761629550643, 24.036755490414752 ], [ -104.249367089594301, 24.036779420021364 ], [ -104.249888090234649, 24.037063919780774 ], [ -104.250165510158837, 24.037395169934317 ], [ -104.250417630027201, 24.037786489655055 ], [ -104.2505425400945, 24.037850289746281 ], [ -104.250857629823727, 24.037899489597962 ], [ -104.251209370188292, 24.0378588796166 ], [ -104.251550230389668, 24.03791153963898 ], [ -104.251943450460729, 24.038100319739929 ], [ -104.252360819664474, 24.038527880066571 ], [ -104.25281124968572, 24.038914229896392 ], [ -104.253217109732987, 24.039380510144039 ], [ -104.253338799912939, 24.03992775027686 ], [ -104.25340644980038, 24.041484289695806 ], [ -104.253423780029948, 24.041740800137582 ], [ -104.253479740254363, 24.041966249889533 ], [ -104.253554340009316, 24.042149220209836 ], [ -104.2536636299495, 24.042321030326409 ], [ -104.253839449594238, 24.042541369958521 ], [ -104.254127199824836, 24.042930540403187 ], [ -104.25433205967704, 24.043173979982353 ], [ -104.254507830208553, 24.043231350196436 ], [ -104.254774920308492, 24.043291950156135 ], [ -104.255124420324961, 24.043400599714221 ], [ -104.255246450474615, 24.043587140393985 ], [ -104.255381170212218, 24.043818750415152 ], [ -104.255450660181708, 24.043931149996766 ], [ -104.25555085011797, 24.044045580101916 ], [ -104.255691580471392, 24.044099179880114 ], [ -104.255901450211695, 24.044106850307077 ], [ -104.256220140096218, 24.044190290181657 ], [ -104.256303219764504, 24.044278949708879 ], [ -104.256323079742188, 24.044486230217458 ], [ -104.25627742981419, 24.044805819577068 ], [ -104.256585550242207, 24.045843199994462 ], [ -104.256942220206568, 24.04660724959945 ], [ -104.256931219711376, 24.0467358799633 ], [ -104.256861750243274, 24.046843770348033 ], [ -104.256758979620002, 24.047020219813685 ], [ -104.256580419997846, 24.047115800435598 ], [ -104.256493920491323, 24.047145180321913 ], [ -104.256413050390194, 24.047124780217199 ], [ -104.256357539900122, 24.047017749928568 ], [ -104.256193819542034, 24.046853849701673 ], [ -104.255713739984415, 24.046678549715349 ], [ -104.255312340209088, 24.046576339827954 ], [ -104.254940709854452, 24.046511880201468 ], [ -104.254762919733835, 24.046613060190897 ], [ -104.254616490376648, 24.046763749979629 ], [ -104.254518780465503, 24.046934999849015 ], [ -104.25453297956166, 24.047148999677908 ], [ -104.254544820413471, 24.047472350276344 ], [ -104.254641630349681, 24.047727460300095 ], [ -104.254787140477205, 24.047971970215887 ], [ -104.255016800020229, 24.048286249728967 ], [ -104.255240970030655, 24.048709709708035 ], [ -104.255495909521414, 24.049114059703431 ], [ -104.255983780493352, 24.050062550217461 ], [ -104.256089459606059, 24.05024588985982 ], [ -104.256127769818946, 24.050466079640692 ], [ -104.255978250239181, 24.051287619762434 ], [ -104.255921919919516, 24.051770780136717 ], [ -104.255899820253518, 24.051988569609378 ], [ -104.25593834001802, 24.052214690239179 ], [ -104.25616496982704, 24.052875630209602 ], [ -104.256285179683047, 24.053337849784317 ], [ -104.256296969893896, 24.053523509802265 ], [ -104.256129280397147, 24.053807510151032 ], [ -104.255443199545127, 24.05488035041023 ], [ -104.254549449967755, 24.056146339753262 ], [ -104.25455168019613, 24.056276780434182 ], [ -104.254651579714022, 24.056326739856566 ], [ -104.254763920256238, 24.05634883004949 ], [ -104.254951580309324, 24.05674545044311 ], [ -104.255064119744659, 24.056779419932443 ], [ -104.2551709496326, 24.056730430396577 ], [ -104.255329630457737, 24.056692549862053 ], [ -104.255651400251665, 24.057018169914823 ], [ -104.255986230345016, 24.057428919900271 ], [ -104.256308379730811, 24.057787629989857 ], [ -104.256577149627049, 24.058216119831876 ], [ -104.256804110048648, 24.058587719836186 ], [ -104.257043029565992, 24.058876510212759 ], [ -104.257368679735123, 24.059320999652261 ], [ -104.257434350068422, 24.059398720322314 ], [ -104.257496800054795, 24.059413680156009 ], [ -104.257544020039077, 24.059346399812625 ], [ -104.257563059778676, 24.058936829930609 ], [ -104.257640400271569, 24.058787019692744 ], [ -104.257671089543038, 24.058678659580586 ], [ -104.257734419898824, 24.05870583033311 ], [ -104.257790619810777, 24.058712820213813 ], [ -104.257868980273585, 24.058656830301693 ], [ -104.258241309512783, 24.05834910991749 ], [ -104.258579579903284, 24.058061419722844 ], [ -104.258896029704275, 24.057823030143073 ], [ -104.259238860308244, 24.05758831014332 ], [ -104.259857079950109, 24.057351829851914 ], [ -104.260256860307535, 24.057298169844255 ], [ -104.260730089836585, 24.057316540232996 ], [ -104.261321220061248, 24.057494580277488 ], [ -104.261777739754265, 24.057553080067251 ], [ -104.262121320276449, 24.057692430082145 ], [ -104.262509249628422, 24.057873570453737 ], [ -104.263107680080282, 24.057955109778955 ], [ -104.263982749718409, 24.057970819788 ], [ -104.264892949615927, 24.058280429577746 ], [ -104.26591142976369, 24.058755139748182 ], [ -104.266521820197326, 24.059102370052898 ], [ -104.267170799649676, 24.059387090135573 ], [ -104.267605999842644, 24.059508370335493 ], [ -104.267864890345805, 24.059674080395755 ], [ -104.268232890242615, 24.059790750290521 ], [ -104.268796739695603, 24.059927859695645 ], [ -104.269357850160674, 24.060128280049707 ], [ -104.269638860027371, 24.060285520238441 ], [ -104.270139220433023, 24.060560880394075 ], [ -104.270556140484189, 24.060718079834182 ], [ -104.270731749523748, 24.060777830199044 ], [ -104.270820629625319, 24.06066943025796 ], [ -104.270881490336023, 24.060726550041828 ], [ -104.27117555042966, 24.061042179665982 ], [ -104.271970059747503, 24.061961549759442 ], [ -104.272221109660535, 24.062144819853131 ], [ -104.272498569717996, 24.062389020107677 ], [ -104.27261138002649, 24.062567089674097 ], [ -104.272799419912729, 24.062750119971469 ], [ -104.272929370103711, 24.062826769835478 ], [ -104.273337720001038, 24.062834859571929 ], [ -104.273487349812328, 24.062911650130506 ], [ -104.273537710187881, 24.063079739845708 ], [ -104.273581570342373, 24.063376309826719 ], [ -104.273635849995017, 24.063734780121614 ], [ -104.273723289918749, 24.064001489899876 ], [ -104.27391745004806, 24.064118689876352 ], [ -104.27416534030742, 24.064253549994952 ], [ -104.274386150236097, 24.064368310427994 ], [ -104.274571200249824, 24.064751050211612 ], [ -104.274686849600641, 24.065034919750094 ], [ -104.27475812038692, 24.065204779875533 ], [ -104.274888279711561, 24.065363379694627 ], [ -104.275226199749085, 24.06561998036242 ], [ -104.275533399704216, 24.065942449956683 ], [ -104.275864019914891, 24.066410970201662 ], [ -104.276056200247581, 24.066663119608158 ], [ -104.276217600252664, 24.06688867969979 ], [ -104.276287999863541, 24.067100860035008 ], [ -104.276354230276581, 24.067320030057338 ], [ -104.276490340157622, 24.067539200159754 ], [ -104.276807459634597, 24.067523509600626 ], [ -104.277084419682581, 24.067429970074173 ], [ -104.277393920171534, 24.067338060036374 ], [ -104.277657310163988, 24.067209569559903 ], [ -104.277912150392538, 24.066862090239688 ], [ -104.278217880287301, 24.066680540092101 ], [ -104.278373419679809, 24.066751179666412 ], [ -104.278491380163501, 24.067004379764441 ], [ -104.278723399716668, 24.067039629734314 ], [ -104.280116710044069, 24.06687465014739 ], [ -104.280261450164772, 24.066968169837853 ], [ -104.280436940420856, 24.066788060078132 ], [ -104.280320829973917, 24.066409629955064 ], [ -104.28073681963771, 24.066284800077973 ], [ -104.280883980250081, 24.066125629798737 ], [ -104.281360629530624, 24.06624047976884 ], [ -104.281721179924858, 24.066088369832681 ], [ -104.282005580064379, 24.066000200001753 ], [ -104.282364509742024, 24.066007829903185 ], [ -104.282568430165554, 24.066059280149929 ], [ -104.282926179816201, 24.066113979820685 ], [ -104.283332829651656, 24.066263949814754 ], [ -104.284226019820551, 24.066447820073233 ], [ -104.284918249619125, 24.066462519615424 ], [ -104.285226510467623, 24.066445519759142 ], [ -104.285692149744122, 24.066290520175052 ], [ -104.285880520416384, 24.065941200265637 ], [ -104.285862020111367, 24.06565814029867 ], [ -104.28591863040127, 24.065447349850913 ], [ -104.286024739717575, 24.065308280410267 ], [ -104.286204799905036, 24.065288540220156 ], [ -104.286588180052362, 24.065343779640369 ], [ -104.286945939660569, 24.06539848993922 ], [ -104.287404459555702, 24.065525999592214 ], [ -104.287737750401064, 24.065533080208365 ], [ -104.288058709976937, 24.065604599934638 ], [ -104.28834323000109, 24.065620059924719 ], [ -104.289559050457896, 24.065152459625526 ], [ -104.290039029781227, 24.065275290049446 ], [ -104.290443999839795, 24.065025149564843 ], [ -104.291278649867607, 24.064477519751495 ], [ -104.291897979634612, 24.063414659827419 ], [ -104.290545829612867, 24.062973309773874 ], [ -104.291412580260101, 24.061460370308311 ], [ -104.293315260435207, 24.058673289912626 ], [ -104.293840119521946, 24.057434490360645 ], [ -104.294032369555396, 24.056505090127075 ], [ -104.295540580213824, 24.055193949842195 ], [ -104.295748320125881, 24.054260680171829 ], [ -104.296388459987853, 24.052059940130459 ], [ -104.296893380487475, 24.049811030147648 ], [ -104.297038089875116, 24.0496419797668 ], [ -104.297539769736659, 24.04939927999618 ], [ -104.297868179951678, 24.04942158017359 ], [ -104.297290630076063, 24.049198949712281 ], [ -104.29767669005669, 24.048418540156071 ], [ -104.298130090343662, 24.047835680388943 ], [ -104.298692690094569, 24.046556749919759 ], [ -104.298721419975706, 24.045811250123762 ], [ -104.299736020494407, 24.04416949021827 ], [ -104.305030860401899, 24.035571629570331 ], [ -104.304977310323153, 24.031641890235626 ], [ -104.301067979965524, 24.02200568978051 ], [ -104.300747779698852, 24.02152062995982 ], [ -104.29976891023324, 24.017833829603738 ], [ -104.30039977952211, 24.01444366024268 ], [ -104.297207320246216, 24.011241169921565 ], [ -104.294892710227444, 24.010778999657898 ], [ -104.295422860278023, 24.009884049769006 ], [ -104.31953809014766, 24.010960320201796 ], [ -104.330396749865471, 24.009649180403901 ], [ -104.331187349848022, 24.009733850359559 ], [ -104.331448199896215, 24.00977367955181 ], [ -104.331651180115756, 24.009722510089361 ], [ -104.33182108975663, 24.010015650030486 ], [ -104.332665049545881, 24.00955326002909 ], [ -104.33317438020218, 24.008058820250103 ], [ -104.333233549704332, 24.006207259731212 ], [ -104.331953939619666, 24.003784910427132 ], [ -104.330358710236084, 24.002563919646065 ], [ -104.329061689555431, 24.002339479605567 ], [ -104.328422970020483, 24.001146770335453 ], [ -104.328765199597754, 24.000518260352152 ], [ -104.328936280254396, 24.000098019840365 ], [ -104.328882690326566, 23.999825749575201 ], [ -104.328652460414986, 23.999552649871315 ], [ -104.328249709667716, 23.999036520130062 ], [ -104.328036690351738, 23.998588220287225 ], [ -104.327937799704941, 23.998247569922871 ], [ -104.327872969659197, 23.998006140440626 ], [ -104.328056599845794, 23.997622150438904 ], [ -104.329214770268223, 23.996403059566997 ], [ -104.329200229952562, 23.99394487983535 ], [ -104.329072829559337, 23.993631169706369 ], [ -104.32870891049285, 23.993030339944852 ], [ -104.328462200410755, 23.992507620399998 ], [ -104.328175660159744, 23.991755140287577 ], [ -104.328001650229993, 23.990462939826752 ], [ -104.327929230220661, 23.98911765995177 ], [ -104.327793220185853, 23.987798979992455 ], [ -104.327506279666594, 23.986975829582658 ], [ -104.327346279607099, 23.985940000274145 ], [ -104.327276309731232, 23.985215109762979 ], [ -104.327655709651296, 23.984724950304262 ], [ -104.328372280353804, 23.984320249851013 ], [ -104.329109550027198, 23.983607289723576 ], [ -104.3293084897754, 23.982961490174119 ], [ -104.328810720240924, 23.982092109814655 ], [ -104.328001430370279, 23.981145199701462 ], [ -104.327427690251113, 23.980931079703975 ], [ -104.326955490071114, 23.980570279898956 ], [ -104.326359620262267, 23.980044920327508 ], [ -104.326108540096939, 23.979473459841628 ], [ -104.326150219520414, 23.978807319679213 ], [ -104.326082940139457, 23.977926169552617 ], [ -104.325708110415263, 23.977061549659318 ], [ -104.325107780420467, 23.976221419969622 ], [ -104.324771800356046, 23.975807580324794 ], [ -104.324642659509792, 23.975098449950032 ], [ -104.324342749683225, 23.973737829890126 ], [ -104.324207170039529, 23.972647320331461 ], [ -104.326196120399388, 23.970633419746033 ], [ -104.32662549048473, 23.969054830127444 ], [ -104.327096120444878, 23.967847770428929 ], [ -104.32535479991499, 23.965397370130841 ], [ -104.323417999871623, 23.962424250039899 ], [ -104.323925849795231, 23.962172849671308 ], [ -104.355318019539467, 23.954193049929586 ], [ -104.359640569543132, 23.952853170151709 ], [ -104.362388259621625, 23.951994020250364 ], [ -104.368056199967882, 23.950201550067437 ], [ -104.393343829605428, 23.960073540128977 ], [ -104.39369307955657, 23.958991140275483 ], [ -104.396447779839121, 23.950453249617766 ], [ -104.39513775024048, 23.948013140341551 ], [ -104.391660599627556, 23.946184800453302 ], [ -104.39034381971527, 23.945000619966173 ], [ -104.389628259987262, 23.943520400131227 ], [ -104.390437909608892, 23.936828630294155 ], [ -104.390188080322872, 23.928480659784185 ], [ -104.392438079972322, 23.922009999882121 ], [ -104.395841029891798, 23.920316820314245 ], [ -104.399729380391193, 23.910499710137913 ], [ -104.398258570438301, 23.883502580346576 ], [ -104.399217120246163, 23.881503089889875 ], [ -104.399662090405855, 23.879415460004587 ], [ -104.395894949685712, 23.871412029966699 ], [ -104.393324119906111, 23.869484580243903 ], [ -104.392394509890224, 23.867770490110566 ], [ -104.395529770465146, 23.862277969672618 ], [ -104.391828400207615, 23.855991179885677 ], [ -104.391299799636258, 23.851442000242773 ], [ -104.392258599833823, 23.838469679939326 ], [ -104.393781319646564, 23.828897650097165 ], [ -104.399525860265598, 23.805256749704682 ], [ -104.407666819866762, 23.805781650214399 ], [ -104.411994510108244, 23.795191349679584 ], [ -104.414549349928208, 23.789005419575794 ], [ -104.404146890275882, 23.789796980180245 ], [ -104.408213680443652, 23.776188109812168 ], [ -104.411533919759833, 23.765478089553369 ], [ -104.413068199604822, 23.758742709565901 ], [ -104.440490739938554, 23.754692049650519 ], [ -104.465249140139576, 23.7554941500734 ], [ -104.479309249650271, 23.755918659750808 ], [ -104.480092890180956, 23.7525615999614 ], [ -104.480596979916498, 23.750842320229978 ], [ -104.480717460252947, 23.750447400098235 ], [ -104.480825519861483, 23.750001249994828 ], [ -104.480944580467579, 23.7452833399113 ], [ -104.511506859853412, 23.752010600268818 ], [ -104.511730629631714, 23.752058219965622 ], [ -104.522748939585739, 23.760929779956282 ], [ -104.529661720135095, 23.76153197995848 ], [ -104.539150890191053, 23.768732629916311 ], [ -104.542608970412459, 23.750369380174757 ], [ -104.544715510423103, 23.738889490024711 ], [ -104.518729570056436, 23.726153519623569 ], [ -104.518518149776753, 23.72213886036479 ], [ -104.541319050326962, 23.706146579947671 ], [ -104.528068969525449, 23.701672819635128 ], [ -104.516343030436431, 23.695191420148479 ], [ -104.509903780136142, 23.704868200408306 ], [ -104.499802739656701, 23.706267799627192 ], [ -104.476732249802041, 23.68553176969003 ], [ -104.476679149989835, 23.681959949700687 ], [ -104.474642579782667, 23.680857060195436 ], [ -104.474277889920458, 23.680737660046596 ], [ -104.473879220443322, 23.680481019579368 ], [ -104.473386139959644, 23.680302890305459 ], [ -104.472924219751178, 23.680200890301759 ], [ -104.472500550407617, 23.680247850145488 ], [ -104.472266920244749, 23.680293909949224 ], [ -104.471904570433594, 23.680330150072766 ], [ -104.47155718037267, 23.680256229543712 ], [ -104.471400250220356, 23.680207079710918 ], [ -104.471066749681114, 23.680357089815217 ], [ -104.47073910973215, 23.680298889941827 ], [ -104.47046939982576, 23.680135580045505 ], [ -104.470222979812945, 23.680248350419948 ], [ -104.469993250081075, 23.680205740232005 ], [ -104.469795490485041, 23.680173490273287 ], [ -104.469732969965648, 23.68025625040984 ], [ -104.469745709802652, 23.680482909896671 ], [ -104.469529140263248, 23.680512679950692 ], [ -104.469266680416425, 23.680505230079074 ], [ -104.469086119570221, 23.680454369746585 ], [ -104.46901519992818, 23.68050508019353 ], [ -104.468808200224871, 23.680578939907161 ], [ -104.468639030378881, 23.680715690341504 ], [ -104.468533980475087, 23.680877580363347 ], [ -104.468350980164928, 23.680874979948587 ], [ -104.468105690203274, 23.680942399735049 ], [ -104.467927199537556, 23.681033620093572 ], [ -104.467765260058371, 23.681044490164002 ], [ -104.467596679842501, 23.681022290313617 ], [ -104.467428510005576, 23.68102295043245 ], [ -104.467214379843583, 23.680975859562 ], [ -104.466877180064685, 23.681380889972278 ], [ -104.466445049812677, 23.681444679619791 ], [ -104.466398459682736, 23.681602349778618 ], [ -104.46631581996462, 23.681816829570884 ], [ -104.466164309651319, 23.682074710289434 ], [ -104.465975769569297, 23.682104509914499 ], [ -104.465748479564098, 23.682102369922809 ], [ -104.465649980195792, 23.681964030354109 ], [ -104.465432319726418, 23.68224079964655 ], [ -104.465375800357762, 23.682532110147267 ], [ -104.465168460382515, 23.682700520377342 ], [ -104.464952819506664, 23.682755199765012 ], [ -104.464680419518601, 23.682753820409314 ], [ -104.464418780278976, 23.682841919951855 ], [ -104.464129620107713, 23.682947199581101 ], [ -104.46377371958188, 23.683003720022896 ], [ -104.46349631955583, 23.683151339567416 ], [ -104.463265769523346, 23.683177749982629 ], [ -104.463048820095949, 23.683203950371549 ], [ -104.46290517967681, 23.683320109726949 ], [ -104.462757679972043, 23.683379370422379 ], [ -104.462553709844997, 23.683393999616897 ], [ -104.462401520014893, 23.683533060451275 ], [ -104.462236250276902, 23.68359362040697 ], [ -104.461978220194041, 23.683739049557204 ], [ -104.461818680477606, 23.683815599739255 ], [ -104.461617250128299, 23.683966849774926 ], [ -104.461420659817847, 23.684049680114015 ], [ -104.46123562957996, 23.684086770379928 ], [ -104.461037919706754, 23.684106949898609 ], [ -104.460722820119543, 23.684140400351207 ], [ -104.460547339683643, 23.68420694000654 ], [ -104.460293220490897, 23.684340820345213 ], [ -104.460019120431994, 23.68412124975794 ], [ -104.459801949927524, 23.684258820342606 ], [ -104.459620369550947, 23.684369170096666 ], [ -104.459533029629327, 23.68446884961147 ], [ -104.459411850328365, 23.684605619808305 ], [ -104.459242339705568, 23.684799090350687 ], [ -104.45905317031567, 23.684887140287636 ], [ -104.458861799690268, 23.684934340141705 ], [ -104.458687509788277, 23.685035859744872 ], [ -104.458588719773132, 23.685110680078164 ], [ -104.458387720253825, 23.685189719933426 ], [ -104.458334710387419, 23.685369089643768 ], [ -104.458027719875858, 23.685786619906825 ], [ -104.457769799616727, 23.685821710403747 ], [ -104.457807220217546, 23.68601759972028 ], [ -104.457856170482401, 23.686233940010961 ], [ -104.457656769633161, 23.686392220425759 ], [ -104.457423720104686, 23.686489399630727 ], [ -104.457175819866222, 23.686523879719712 ], [ -104.456787950282575, 23.686424179912883 ], [ -104.456547739872391, 23.686339480435137 ], [ -104.456228169773411, 23.686334979564514 ], [ -104.455985980050585, 23.686350000442772 ], [ -104.455682769705035, 23.686433260131007 ], [ -104.455660380272306, 23.68664085993613 ], [ -104.455482680182399, 23.686757380445506 ], [ -104.455339999573667, 23.686945770052905 ], [ -104.454927849564029, 23.6871487199227 ], [ -104.454712779980397, 23.687069399663073 ], [ -104.454533739934234, 23.687113580448287 ], [ -104.454289219650718, 23.687262180335022 ], [ -104.453808830420982, 23.687424879577136 ], [ -104.453090290259155, 23.687477550084971 ], [ -104.452394969948429, 23.687276289781039 ], [ -104.452032630240467, 23.687196889861319 ], [ -104.451752679645708, 23.687232020306599 ], [ -104.451573780158824, 23.687239379561781 ], [ -104.451319380079795, 23.687273449587114 ], [ -104.451040569819881, 23.687332110181135 ], [ -104.450686229541532, 23.687417459608117 ], [ -104.450329620393887, 23.687455739708206 ], [ -104.450228539570148, 23.687483480081756 ], [ -104.44979638040661, 23.687548450159518 ], [ -104.44946760044877, 23.687632740014095 ], [ -104.448773020384152, 23.687418650358858 ], [ -104.448292050051563, 23.687532780090656 ], [ -104.448051620124417, 23.687640019877051 ], [ -104.447610000465545, 23.687624720044806 ], [ -104.447158539706209, 23.687623119773278 ], [ -104.446726580025356, 23.687550849680655 ], [ -104.446332850098258, 23.687531770187753 ], [ -104.445909780061498, 23.687627489758167 ], [ -104.445717109962843, 23.687759420049815 ], [ -104.445474919754602, 23.687903510220291 ], [ -104.444197920497572, 23.689086080371748 ], [ -104.443507480353276, 23.689364400412231 ], [ -104.443111280148656, 23.689671889927737 ], [ -104.442388249590891, 23.690371049762625 ], [ -104.441801600122432, 23.691558060280837 ], [ -104.441101169916394, 23.691915049726468 ], [ -104.44052845048958, 23.692116399959051 ], [ -104.440230770129816, 23.692294659577442 ], [ -104.439931550195467, 23.692314120014323 ], [ -104.43976884990343, 23.692143169868274 ], [ -104.439599280204504, 23.691797820022661 ], [ -104.439238599545419, 23.691606419640813 ], [ -104.438908780204045, 23.691257969602752 ], [ -104.438309619648948, 23.691315349937273 ], [ -104.437570740411886, 23.691224909738612 ], [ -104.436345400081237, 23.69093806033845 ], [ -104.435889740304376, 23.690650850160285 ], [ -104.435208280050645, 23.690442119913481 ], [ -104.435230049731715, 23.690260090261461 ], [ -104.435315420188985, 23.69005316979155 ], [ -104.435267690398618, 23.689617220309813 ], [ -104.434847539793012, 23.689276690078625 ], [ -104.434564679567586, 23.689247450208605 ], [ -104.434357149933618, 23.689123889961529 ], [ -104.433915779516084, 23.689069830239276 ], [ -104.433542049526835, 23.689088739715185 ], [ -104.433226630047614, 23.688932519712282 ], [ -104.43290931026479, 23.688928770176656 ], [ -104.432779569595709, 23.688826259757242 ], [ -104.432475060392377, 23.688743919796391 ], [ -104.432347480166001, 23.688758950306244 ], [ -104.431902380433812, 23.688481050217547 ], [ -104.431647479782896, 23.688509779587786 ], [ -104.431509289777523, 23.688672710428811 ], [ -104.43135717970975, 23.688811109715751 ], [ -104.43111159952025, 23.688981880246423 ], [ -104.430860740272067, 23.688990850259209 ], [ -104.430630350060099, 23.688820880176038 ], [ -104.430428850129616, 23.688841709929555 ], [ -104.4302884296401, 23.689047320378716 ], [ -104.430099920405752, 23.689253660257304 ], [ -104.429830120374788, 23.689222490099802 ], [ -104.429692120367264, 23.689038940047329 ], [ -104.429600999748942, 23.688792739795915 ], [ -104.429456830158685, 23.688273180433097 ], [ -104.429269690325938, 23.688028479796927 ], [ -104.428995169959776, 23.687740889834991 ], [ -104.428694910213878, 23.687621770331969 ], [ -104.428387750097301, 23.687653089993017 ], [ -104.42830549028146, 23.687884320058515 ], [ -104.428162780302927, 23.687966119715494 ], [ -104.427932220401843, 23.687978570211389 ], [ -104.427450769550248, 23.687941850299495 ], [ -104.427151650181486, 23.687884619633664 ], [ -104.427024449679095, 23.687762780349825 ], [ -104.426831879548516, 23.68774808965307 ], [ -104.426595139819412, 23.687946349564967 ], [ -104.426204249739953, 23.688129309895565 ], [ -104.426057150312147, 23.688494199925604 ], [ -104.425824309836401, 23.688904660338014 ], [ -104.425264800177445, 23.689329050249025 ], [ -104.42497232039986, 23.689394369744306 ], [ -104.424824119864141, 23.689209230108851 ], [ -104.424723910162797, 23.688989679810319 ], [ -104.424591980142679, 23.688577779794183 ], [ -104.424416060190552, 23.688421320359737 ], [ -104.424041289821261, 23.688469659875718 ], [ -104.423793319732624, 23.688579659583386 ], [ -104.423271650135533, 23.688412629652383 ], [ -104.422430950040265, 23.688708690320293 ], [ -104.422159199893855, 23.688571450089491 ], [ -104.422064110136631, 23.68810417038673 ], [ -104.422843430024102, 23.687639290283631 ], [ -104.423219630418302, 23.687182379559264 ], [ -104.423395309947566, 23.686799350052063 ], [ -104.42403034970522, 23.686230879675488 ], [ -104.423942029547646, 23.68543125997013 ], [ -104.423681630405724, 23.685128059813476 ], [ -104.42349248001112, 23.684794290101713 ], [ -104.423237400374006, 23.684859979642326 ], [ -104.422974740281973, 23.684841649840667 ], [ -104.422505109919101, 23.684596220102538 ], [ -104.421945119726985, 23.684313350211347 ], [ -104.421547020322848, 23.684210200177567 ], [ -104.421347600238903, 23.684140399706401 ], [ -104.420919420254791, 23.684019479997978 ], [ -104.420529660326665, 23.683834180086336 ], [ -104.420288799600627, 23.683664799846269 ], [ -104.420027109879541, 23.683441059983092 ], [ -104.419876230344087, 23.683234709706102 ], [ -104.41984720042997, 23.682782829833069 ], [ -104.419717170198467, 23.682491799689632 ], [ -104.419594819522757, 23.682238859633394 ], [ -104.419484030217845, 23.681613519660171 ], [ -104.419229599875379, 23.681437720408042 ], [ -104.418878850267532, 23.681340449894087 ], [ -104.418527630329237, 23.681217520085095 ], [ -104.418134280213977, 23.681082380435498 ], [ -104.417784689927728, 23.68104930985362 ], [ -104.417293689698141, 23.680915679773062 ], [ -104.416971550398031, 23.680856489981132 ], [ -104.416759200357276, 23.680692849671534 ], [ -104.416520740379838, 23.680540619886539 ], [ -104.41641163018032, 23.68001895009473 ], [ -104.416340310150858, 23.679557340343894 ], [ -104.416440710354394, 23.678861750090551 ], [ -104.416328520388674, 23.678227259854179 ], [ -104.415768580256255, 23.677865779956132 ], [ -104.415115919930784, 23.67793373994698 ], [ -104.41458157993624, 23.677831509654819 ], [ -104.411340799703638, 23.666153180131609 ], [ -104.410345429967251, 23.664348880084624 ], [ -104.446690800052366, 23.644711419964981 ], [ -104.447404540358733, 23.649326450310365 ], [ -104.447067429940645, 23.649764820038946 ], [ -104.446846179535342, 23.650312140404033 ], [ -104.447077720384939, 23.650341629702474 ], [ -104.447328280143395, 23.650451000260396 ], [ -104.447488710489949, 23.650665740014897 ], [ -104.447575879872574, 23.650879169907746 ], [ -104.447642320455927, 23.650938089578691 ], [ -104.447631879759101, 23.651168200216024 ], [ -104.447694399876127, 23.651370080296193 ], [ -104.447878259709171, 23.651573450105403 ], [ -104.448042579953423, 23.651516770238601 ], [ -104.448115479657147, 23.651285680095921 ], [ -104.44818887979379, 23.651081659989131 ], [ -104.448242020019478, 23.650976020020231 ], [ -104.448344349708648, 23.650943969552785 ], [ -104.448654800068894, 23.651010320007781 ], [ -104.448879920102598, 23.650963250026731 ], [ -104.44901228981341, 23.651014350248836 ], [ -104.44924891989416, 23.651020310267832 ], [ -104.449459710201069, 23.650968250332511 ], [ -104.450037780075405, 23.650959150014547 ], [ -104.450315429879382, 23.650911230333232 ], [ -104.450486690435369, 23.650792490352565 ], [ -104.450744709948609, 23.650532089621596 ], [ -104.451139919595775, 23.650303419886601 ], [ -104.451314319906842, 23.650353860001232 ], [ -104.451690879529352, 23.65053171012428 ], [ -104.452001940299283, 23.65072994020894 ], [ -104.45224408035898, 23.650750310332292 ], [ -104.452484490313665, 23.650673979554035 ], [ -104.45273534987588, 23.650597480128415 ], [ -104.452982719899452, 23.650612919869062 ], [ -104.453170539737215, 23.650537430299799 ], [ -104.453370029828704, 23.650524630102407 ], [ -104.453847379827394, 23.65075408008547 ], [ -104.454170419992266, 23.650907830022454 ], [ -104.454458569686508, 23.65098214033442 ], [ -104.454640769659065, 23.650887380232181 ], [ -104.454737430476087, 23.650716580146838 ], [ -104.454991980016075, 23.650552980193513 ], [ -104.455160580451519, 23.650574510029195 ], [ -104.455399950398444, 23.650444980374786 ], [ -104.455714450069394, 23.650396509739089 ], [ -104.455921519517986, 23.650509310176655 ], [ -104.456088550319649, 23.650729139923353 ], [ -104.456219460262176, 23.650983400046194 ], [ -104.45641527956019, 23.651338179638184 ], [ -104.456551059607321, 23.651573019791886 ], [ -104.456694120144604, 23.651633630326739 ], [ -104.456978999756387, 23.651687180194962 ], [ -104.457162569663481, 23.651803680386084 ], [ -104.457293849767325, 23.651845259686031 ], [ -104.457428860205482, 23.651766689671533 ], [ -104.457643919677167, 23.651845179655851 ], [ -104.457749169742186, 23.65176165032986 ], [ -104.457974919682087, 23.651779940446684 ], [ -104.458200260124912, 23.651776379645501 ], [ -104.458314219846955, 23.651840079564536 ], [ -104.458406739663928, 23.652029649873452 ], [ -104.458423849993807, 23.652313219958408 ], [ -104.458236520073498, 23.652447169745983 ], [ -104.45812377004232, 23.652765539623942 ], [ -104.457957889563147, 23.653095649556718 ], [ -104.457953739983679, 23.653193980102213 ], [ -104.458040050249309, 23.653367280362112 ], [ -104.458096310465365, 23.653439429571833 ], [ -104.458173249884709, 23.653462599593514 ], [ -104.458312949641282, 23.65336312014599 ], [ -104.458542769567373, 23.653229260179327 ], [ -104.458626029776383, 23.65322862988932 ], [ -104.458776319580025, 23.653239799808258 ], [ -104.458949889566881, 23.653231650373108 ], [ -104.459113849909087, 23.653345489821977 ], [ -104.459290089729379, 23.653480849619164 ], [ -104.459570319554018, 23.653828509752231 ], [ -104.459632859602877, 23.653934429827085 ], [ -104.459689650240151, 23.653982279633585 ], [ -104.45974754958057, 23.654086970023872 ], [ -104.459804029854055, 23.654118569916736 ], [ -104.459868829755123, 23.654120279978368 ], [ -104.45998916985063, 23.654099399708151 ], [ -104.460106680113725, 23.654089429938875 ], [ -104.46023885953224, 23.654073800315604 ], [ -104.460397219776226, 23.654041490229421 ], [ -104.460493770265117, 23.654010199569949 ], [ -104.46060743041842, 23.653948800160677 ], [ -104.460807570135088, 23.653945650301452 ], [ -104.460952280195499, 23.653970429888105 ], [ -104.461053890174867, 23.65405549004069 ], [ -104.461141000363654, 23.654106089723452 ], [ -104.461210620405893, 23.654132510155218 ], [ -104.461265819965377, 23.654160000247124 ], [ -104.461245819862668, 23.654214050194092 ], [ -104.46124729024308, 23.654293550243089 ], [ -104.4612759197, 23.654452149651267 ], [ -104.461333400349787, 23.654526460310894 ], [ -104.46137663013937, 23.654590260229519 ], [ -104.461399540367097, 23.654677950015127 ], [ -104.461363459596029, 23.654821089819336 ], [ -104.461258749902925, 23.654916279722357 ], [ -104.46117394975181, 23.655042339598651 ], [ -104.461160679826676, 23.655109349960739 ], [ -104.461181219752049, 23.655171400289387 ], [ -104.46124231965014, 23.655335250245855 ], [ -104.461379109687954, 23.655399889977346 ], [ -104.461515369618439, 23.655437819558149 ], [ -104.461630860404284, 23.655400350434057 ], [ -104.461740849535119, 23.655327369695456 ], [ -104.461874460314277, 23.655222779683307 ], [ -104.46201359962707, 23.655153779641363 ], [ -104.462178309961914, 23.655160090248206 ], [ -104.462362230141238, 23.65515717042565 ], [ -104.462523150248529, 23.655216980177574 ], [ -104.462640310274821, 23.655268600068162 ], [ -104.462748649973165, 23.655369319864931 ], [ -104.462788540092319, 23.655446650384309 ], [ -104.462798180128019, 23.655548999597514 ], [ -104.462759249884783, 23.655673630094359 ], [ -104.462752910121864, 23.655777539595995 ], [ -104.462743490072057, 23.6558637403277 ], [ -104.462715080194371, 23.655960350074334 ], [ -104.462651000326446, 23.656067689884626 ], [ -104.462645110001745, 23.656191800414245 ], [ -104.46270193963062, 23.656390150023881 ], [ -104.462790289846552, 23.656577779770313 ], [ -104.463029629782426, 23.6567178602123 ], [ -104.463206890168607, 23.656879420326632 ], [ -104.463423829967127, 23.657015709626879 ], [ -104.463474779590001, 23.657113539818649 ], [ -104.46345637037426, 23.657221370324432 ], [ -104.463467510431187, 23.657311620428267 ], [ -104.463513629835589, 23.657404199879601 ], [ -104.463603480014015, 23.657442720395967 ], [ -104.46374394012588, 23.657472680292386 ], [ -104.463836149592439, 23.657587479608161 ], [ -104.464229660266369, 23.657623769694922 ], [ -104.464539250115848, 23.657582150055401 ], [ -104.464725170232128, 23.657503339907098 ], [ -104.465043449581799, 23.657284489776696 ], [ -104.465415629957278, 23.657083230235628 ], [ -104.465764450053257, 23.657178660367961 ], [ -104.465995149534265, 23.657310449762104 ], [ -104.466153510357032, 23.657511139629804 ], [ -104.46605205987656, 23.657692350080897 ], [ -104.465897849545144, 23.657829379974139 ], [ -104.465877969582621, 23.658161369686173 ], [ -104.465929110279475, 23.658381679834196 ], [ -104.466144050182251, 23.658621229705172 ], [ -104.466421120142968, 23.658774969982023 ], [ -104.466730179522244, 23.658983650034099 ], [ -104.467008940395488, 23.659141079784561 ], [ -104.467374340481399, 23.659321220308794 ], [ -104.467607320432748, 23.659619650322433 ], [ -104.467731979752998, 23.659981779788833 ], [ -104.467793339736019, 23.66011250972462 ], [ -104.467959060364663, 23.660197709599053 ], [ -104.468212029605098, 23.660354200442985 ], [ -104.468404779605905, 23.660389429763036 ], [ -104.468740059888546, 23.660306649553132 ], [ -104.468905680055357, 23.660156850355794 ], [ -104.469429910483669, 23.659823149941339 ], [ -104.469568289560968, 23.659719600017262 ], [ -104.469770220079596, 23.659651119756038 ], [ -104.469986479562081, 23.659589150067472 ], [ -104.470181310051728, 23.659512849734931 ], [ -104.470606140328528, 23.659540279751958 ], [ -104.470922569963946, 23.659766149940872 ], [ -104.471332450334941, 23.659773599840314 ], [ -104.471875429749517, 23.659597449714827 ], [ -104.471991549620398, 23.659316379963766 ], [ -104.472322720193915, 23.659171490039004 ], [ -104.472852449597511, 23.659093279872835 ], [ -104.473608569625739, 23.658955629798999 ], [ -104.47390023027846, 23.659132480332971 ], [ -104.474817720241987, 23.658711779964602 ], [ -104.475812450319395, 23.658715149915338 ], [ -104.476100920031953, 23.658671890063463 ], [ -104.4766100900993, 23.658825019710683 ], [ -104.476889710398893, 23.658981919799615 ], [ -104.47707914015993, 23.659111620129643 ], [ -104.477304540324766, 23.658591849833769 ], [ -104.477562119979325, 23.658366509665655 ], [ -104.477757310479532, 23.658515829920873 ], [ -104.477890179832514, 23.658764429735861 ], [ -104.477937630014878, 23.659014399922917 ], [ -104.478073879740464, 23.659154779901982 ], [ -104.478272719657681, 23.659215539853427 ], [ -104.478457379727786, 23.659290420231983 ], [ -104.478579480023768, 23.65924425010521 ], [ -104.478737749874554, 23.659138460278669 ], [ -104.478874710293809, 23.65903306043251 ], [ -104.479050370249837, 23.658995829768497 ], [ -104.479242320202829, 23.658973139694822 ], [ -104.479461400362808, 23.658974550232774 ], [ -104.479615820057276, 23.658942600289393 ], [ -104.479754050060421, 23.658905980412253 ], [ -104.479907660070253, 23.658834689960901 ], [ -104.480006510405346, 23.658690570275336 ], [ -104.480251940402624, 23.658671910172814 ], [ -104.480442430208768, 23.65857055016436 ], [ -104.480727139872442, 23.658649600418187 ], [ -104.480841079577473, 23.658456030409031 ], [ -104.481096419519332, 23.658265229891139 ], [ -104.481222920336009, 23.658174720367615 ], [ -104.481345049595632, 23.658133449799415 ], [ -104.481440509939034, 23.658092599673381 ], [ -104.48154016985518, 23.657992689633023 ], [ -104.481663579581735, 23.658020220289995 ], [ -104.481769580288542, 23.65797428972218 ], [ -104.481875860469302, 23.657943080382221 ], [ -104.48204798011237, 23.658004249687753 ], [ -104.482155479889997, 23.658036950365069 ], [ -104.482373229791449, 23.657964660220529 ], [ -104.482514260168344, 23.657790340327974 ], [ -104.48266397037716, 23.65779780011551 ], [ -104.482775909961489, 23.657781260166615 ], [ -104.482942519713575, 23.657832680117551 ], [ -104.483250280084619, 23.657774690411326 ], [ -104.48325152004189, 23.657840649626703 ], [ -104.483157860467259, 23.657917739942857 ], [ -104.483203740470088, 23.658084139789729 ], [ -104.483589169691939, 23.658122249660618 ], [ -104.483743949850393, 23.658109939618498 ], [ -104.483910849788714, 23.658176119624944 ], [ -104.484032140247763, 23.658090600411064 ], [ -104.484558719816221, 23.65769654024659 ], [ -104.486843170088676, 23.658274970317063 ], [ -104.488613169671936, 23.658329180284547 ], [ -104.484110539733365, 23.642967969964406 ], [ -104.485540020007207, 23.638859370435682 ], [ -104.486553049689505, 23.635943250282192 ], [ -104.501426480253528, 23.638223769748524 ], [ -104.496208199583648, 23.628145490448542 ], [ -104.490493709737777, 23.618544649559158 ], [ -104.481068219576997, 23.619803060373055 ], [ -104.473991019751878, 23.619174480418526 ], [ -104.466027599788447, 23.62172065985396 ], [ -104.4646476498597, 23.622815340434475 ], [ -104.464191920201912, 23.620287220228832 ], [ -104.460728569544926, 23.620642549784165 ], [ -104.446669710041164, 23.618887879902662 ], [ -104.445359859975639, 23.60929650993052 ], [ -104.464336919900305, 23.604857969784216 ], [ -104.486549969898192, 23.610117059658524 ], [ -104.49032405991602, 23.609842570432836 ], [ -104.490295219523475, 23.60453755017986 ], [ -104.495846459928345, 23.603976889690863 ], [ -104.51599014037329, 23.603539820303826 ], [ -104.525682380480688, 23.606012860075133 ], [ -104.516604250063935, 23.626874349608205 ], [ -104.517848850296033, 23.630682090345342 ], [ -104.522064199559921, 23.635525319684469 ], [ -104.55335987956343, 23.582945969975327 ], [ -104.559636950032882, 23.570159579669347 ], [ -104.560863350361771, 23.566499749884645 ], [ -104.566131370034071, 23.561278690388257 ], [ -104.57006890990499, 23.554509709818547 ], [ -104.58737317976221, 23.566895459743204 ], [ -104.596727600203351, 23.573592420370751 ], [ -104.669108150209297, 23.532464379900418 ], [ -104.668029449689257, 23.531470350154255 ], [ -104.649809830396237, 23.514698080199935 ], [ -104.653695450443749, 23.511089199826351 ], [ -104.662599919767189, 23.504553890301981 ], [ -104.656521290126605, 23.500358580250253 ], [ -104.652105739590795, 23.497285460313464 ], [ -104.665460200478762, 23.485528680259147 ], [ -104.667103260344675, 23.484040419984069 ], [ -104.673195169839204, 23.47851768962488 ], [ -104.683278550268724, 23.481594680183775 ], [ -104.699046820046192, 23.493961750259718 ], [ -104.707814509529129, 23.500356479826294 ], [ -104.71526047975722, 23.506208509707545 ], [ -104.715977229596959, 23.505800569669155 ], [ -104.728086380288445, 23.509943450218405 ], [ -104.728397739779794, 23.500355620357411 ], [ -104.728411289993488, 23.500000180450108 ], [ -104.72921110993839, 23.485954279781048 ], [ -104.752085430482921, 23.484910620342667 ], [ -104.789511029514415, 23.483230200028114 ], [ -104.812476749948516, 23.48332645959411 ], [ -104.809819509927578, 23.397502519708244 ], [ -104.831973799935341, 23.404976290099771 ], [ -104.823007090282971, 23.479935509752519 ], [ -104.838879310351928, 23.482024139562029 ], [ -104.861247150454005, 23.4969474203956 ], [ -104.850094149919173, 23.547349089910668 ], [ -104.875375659794059, 23.543141059952305 ], [ -104.901278480384121, 23.538911430243633 ], [ -104.978323290463379, 23.513536819570728 ], [ -105.000316650468449, 23.501553660260182 ], [ -105.001981519602566, 23.502358879998795 ], [ -105.06196988038954, 23.531465620440574 ], [ -105.063054479995159, 23.53231964992111 ], [ -105.104085349961466, 23.551361890435253 ], [ -105.140707770388403, 23.569478020378984 ], [ -105.14097241954083, 23.568093679744706 ], [ -105.141282380168136, 23.566602879607952 ], [ -105.14210187988138, 23.565480710407069 ], [ -105.14255584968862, 23.564721769784381 ], [ -105.142734220127082, 23.563770140285691 ], [ -105.14234322955987, 23.563110339814077 ], [ -105.14215125024667, 23.562307139681028 ], [ -105.141504249609056, 23.561574119641616 ], [ -105.141313780379903, 23.561139619738249 ], [ -105.141251649525131, 23.560351420330516 ], [ -105.141095550440198, 23.559160849556751 ], [ -105.140792460449632, 23.557932150235796 ], [ -105.140963709513599, 23.557116379793552 ], [ -105.141330850259806, 23.556261949830979 ], [ -105.141505119687835, 23.554703090438093 ], [ -105.141704019547959, 23.553445340459774 ], [ -105.141116940184105, 23.551814740358097 ], [ -105.141478179778929, 23.551342029941374 ], [ -105.141217979804992, 23.550433400402547 ], [ -105.140735139557165, 23.549129659832804 ], [ -105.141052199690236, 23.547696940444066 ], [ -105.141381629584671, 23.546332629582999 ], [ -105.142040659720621, 23.545655969907642 ], [ -105.143017310143165, 23.545521579932416 ], [ -105.143727889543953, 23.5449913096903 ], [ -105.144393599960324, 23.544336969663284 ], [ -105.145142350483169, 23.543592429956057 ], [ -105.146036969633286, 23.542902890022418 ], [ -105.146642659599479, 23.542593709620586 ], [ -105.146904000350446, 23.542016279693623 ], [ -105.147080199967178, 23.541562980248084 ], [ -105.147189620310556, 23.540920479871875 ], [ -105.147679849896988, 23.540557569767678 ], [ -105.148256659828277, 23.540463799600804 ], [ -105.148686519978824, 23.540184220119958 ], [ -105.149241999682033, 23.539943119617469 ], [ -105.149784000441798, 23.539982309575993 ], [ -105.150608260167786, 23.539882139739653 ], [ -105.151394220013628, 23.539125369917883 ], [ -105.152189979885534, 23.538305770087216 ], [ -105.152996319844277, 23.538171780084745 ], [ -105.15373389026297, 23.538423819974945 ], [ -105.15462351957126, 23.538445770303152 ], [ -105.155735540111365, 23.537916659680363 ], [ -105.156435090166482, 23.537016570427049 ], [ -105.156497379544874, 23.536132109566065 ], [ -105.156316630091268, 23.535264379885909 ], [ -105.156579490124244, 23.534913540102114 ], [ -105.158018629696315, 23.534413259721145 ], [ -105.159194770407694, 23.533948710245191 ], [ -105.160143579916294, 23.532941739955692 ], [ -105.161657750380456, 23.532101889572903 ], [ -105.163234349808306, 23.532238980305426 ], [ -105.164386120249716, 23.532155149924595 ], [ -105.165352089542878, 23.531978420174635 ], [ -105.166401030205392, 23.531981229935379 ], [ -105.167418580269114, 23.531554890022001 ], [ -105.168550320282051, 23.5321460297769 ], [ -105.168434549700649, 23.533970509853358 ], [ -105.169435859879627, 23.53538682974003 ], [ -105.170867769989556, 23.535886519833937 ], [ -105.171819460453477, 23.536796230309765 ], [ -105.173009970297784, 23.538230770372728 ], [ -105.173554550145397, 23.539636709828297 ], [ -105.175010170344436, 23.539931339773922 ], [ -105.176699919775174, 23.540766049652486 ], [ -105.177803780164382, 23.541196419999388 ], [ -105.178676780236557, 23.541390849624026 ], [ -105.179351859842939, 23.541467539893578 ], [ -105.180320940464696, 23.541683830055437 ], [ -105.181007920186644, 23.541838430165157 ], [ -105.18180411012699, 23.541968289752699 ], [ -105.182677800324925, 23.542276459587917 ], [ -105.183403539600064, 23.542520199817002 ], [ -105.18448150982195, 23.542846520195926 ], [ -105.185461110313597, 23.543094200292373 ], [ -105.186339379611852, 23.543341979659861 ], [ -105.186598919586189, 23.544201020428314 ], [ -105.186635340436894, 23.54520023018609 ], [ -105.187296260022961, 23.546025660119859 ], [ -105.188408739953772, 23.547414169756333 ], [ -105.189438429763925, 23.547691149868886 ], [ -105.190027089582301, 23.548362999959853 ], [ -105.18974784963136, 23.549275170051818 ], [ -105.189281480287917, 23.550108600114939 ], [ -105.189594089747331, 23.550740049713859 ], [ -105.189256430069378, 23.55201975036228 ], [ -105.18983462998392, 23.55237365956647 ], [ -105.19063041996742, 23.552533909988441 ], [ -105.191400489945508, 23.552591879973615 ], [ -105.192049629865551, 23.552283450238384 ], [ -105.193098949888366, 23.552630799765463 ], [ -105.19375272003569, 23.552514090359924 ], [ -105.194934369626495, 23.552740620445114 ], [ -105.196020090036086, 23.553204629991921 ], [ -105.197059549838386, 23.554063199926453 ], [ -105.197578800369058, 23.554861690163104 ], [ -105.197749139853528, 23.555856829818854 ], [ -105.197540350320864, 23.55728922962982 ], [ -105.196418319931595, 23.558368279692534 ], [ -105.195880719979911, 23.559216149976869 ], [ -105.195612679578417, 23.560546379900025 ], [ -105.195371220437238, 23.561897049886827 ], [ -105.195161230078, 23.562843119583139 ], [ -105.194680679939893, 23.564596279617415 ], [ -105.194047880129958, 23.565515060242539 ], [ -105.193353830141817, 23.565849739632561 ], [ -105.192660229701559, 23.56649043017007 ], [ -105.192238769798877, 23.567381119594074 ], [ -105.192239859522601, 23.568132219931321 ], [ -105.192636149747102, 23.568820880009568 ], [ -105.19338083049567, 23.56945074033419 ], [ -105.194255450009663, 23.570024170307743 ], [ -105.195640779709066, 23.570600539694919 ], [ -105.198918940151785, 23.571344629790552 ], [ -105.200775680438397, 23.571598709724018 ], [ -105.202078719694086, 23.572386260255605 ], [ -105.200594369641422, 23.573481279580076 ], [ -105.199483350388292, 23.574008620340056 ], [ -105.198345819553722, 23.574158179659289 ], [ -105.1978345102508, 23.5742048898062 ], [ -105.197016110420606, 23.574581249988672 ], [ -105.196887710344043, 23.575170250054413 ], [ -105.197245019793812, 23.575783230379823 ], [ -105.197683399962926, 23.576003849958685 ], [ -105.198194290005461, 23.576030889578067 ], [ -105.198945399834173, 23.575946879821881 ], [ -105.200446860254914, 23.575280649682654 ], [ -105.201287429697445, 23.574753649789024 ], [ -105.202188020224625, 23.574171200403068 ], [ -105.202667350351888, 23.573229460210591 ], [ -105.203466940160325, 23.573505399780245 ], [ -105.203616459891279, 23.574486879791007 ], [ -105.203766319540904, 23.575686490387231 ], [ -105.203887230373923, 23.577295180317034 ], [ -105.203740980409719, 23.578440660103556 ], [ -105.203860710411405, 23.579285830119428 ], [ -105.204869859894245, 23.579641169665045 ], [ -105.207391000479021, 23.580401109827285 ], [ -105.209327779672776, 23.5814611203715 ], [ -105.210866829644388, 23.581066460345099 ], [ -105.211623480003908, 23.581636490384831 ], [ -105.212833080433811, 23.581910050075567 ], [ -105.213207850376733, 23.581342050145064 ], [ -105.213394580418822, 23.58068454961375 ], [ -105.213291250330528, 23.579908549662527 ], [ -105.212784170448629, 23.579203140178961 ], [ -105.212700000026388, 23.578520120402917 ], [ -105.212936219728192, 23.577097280366679 ], [ -105.213931940355565, 23.576668450153377 ], [ -105.215409200084594, 23.576905029559988 ], [ -105.216143800423566, 23.577414250056574 ], [ -105.216471029794306, 23.57753268004085 ], [ -105.21745834020679, 23.577361509557882 ], [ -105.218406709989949, 23.576504820404868 ], [ -105.219281830180975, 23.576488309643526 ], [ -105.220865570088577, 23.576807140183 ], [ -105.22129682025907, 23.576538309853792 ], [ -105.222248800127772, 23.576079429931774 ], [ -105.222874709862481, 23.576027969857535 ], [ -105.223348430478893, 23.575676380180219 ], [ -105.224161720051328, 23.575557000039378 ], [ -105.224996259572265, 23.574787800276624 ], [ -105.226364200245115, 23.574188540342977 ], [ -105.228100979540741, 23.574500080370786 ], [ -105.228898380365678, 23.574324229957849 ], [ -105.22999917993782, 23.574610279854902 ], [ -105.230702260024771, 23.574227199824335 ], [ -105.231945909581938, 23.573971080186027 ], [ -105.233305650397298, 23.57386222990857 ], [ -105.233987170067394, 23.57344380024465 ], [ -105.235174219774265, 23.573258119634723 ], [ -105.235725709783821, 23.573071019969902 ], [ -105.237523580181289, 23.571877320187816 ], [ -105.238234940010869, 23.571730779811841 ], [ -105.238774219521474, 23.571348059702288 ], [ -105.238960430481569, 23.570863060060667 ], [ -105.239010489721508, 23.569966150287495 ], [ -105.239163120128993, 23.569352380351003 ], [ -105.238853850236907, 23.568285489966783 ], [ -105.23889348956682, 23.567758430178625 ], [ -105.237961279553616, 23.567210339812267 ], [ -105.237640940280883, 23.566411219828296 ], [ -105.237358710316954, 23.565567780133964 ], [ -105.237152849586238, 23.564908290231525 ], [ -105.236983690322958, 23.56434708967625 ], [ -105.237459770472114, 23.563506749907237 ], [ -105.238161460278832, 23.562865089575208 ], [ -105.238826780259771, 23.562241140029471 ], [ -105.23984681956199, 23.561830109759775 ], [ -105.239924979712313, 23.561178740165616 ], [ -105.240077709818706, 23.559754059826965 ], [ -105.240424570318396, 23.558594259980584 ], [ -105.241040690469816, 23.557676719781679 ], [ -105.240337029914713, 23.556698579872666 ], [ -105.240212769532135, 23.555880999817319 ], [ -105.240337429786081, 23.554519319967856 ], [ -105.240482079777905, 23.553972690000318 ], [ -105.241178170025037, 23.553142740104349 ], [ -105.242382579978397, 23.552418689738879 ], [ -105.24325428982803, 23.551876309912668 ], [ -105.243649119541388, 23.5516320301588 ], [ -105.247714599880439, 23.556100169673272 ], [ -105.250486710199397, 23.556551520073548 ], [ -105.257329109929671, 23.561836780159396 ], [ -105.273268200304628, 23.55875528955211 ], [ -105.274985450079996, 23.559410350046768 ], [ -105.277206720232471, 23.568117049780707 ], [ -105.276037659743594, 23.570726830289082 ], [ -105.274610050168505, 23.571842370418533 ], [ -105.274376510304307, 23.572344059938189 ], [ -105.274487379817955, 23.575591690339866 ], [ -105.265768549902134, 23.578094690219849 ], [ -105.265245419838038, 23.590700740381248 ], [ -105.264019859672317, 23.592782970427649 ], [ -105.261209749642475, 23.595950259993611 ], [ -105.262223029833848, 23.60413368996926 ], [ -105.266630180180996, 23.608116580351847 ], [ -105.274857420206047, 23.613639230427118 ], [ -105.276832110031975, 23.613702859593648 ], [ -105.277698549678917, 23.614025150444739 ], [ -105.278437619641068, 23.614540249763493 ], [ -105.279421660401042, 23.615459369721005 ], [ -105.27986227975039, 23.616821909773073 ], [ -105.279736890035252, 23.61841072039455 ], [ -105.279584140353208, 23.621208430372452 ], [ -105.275993020081231, 23.621556429709887 ], [ -105.265711999571977, 23.617675800398203 ], [ -105.266400420129045, 23.622485599661051 ], [ -105.275929569766703, 23.688738140342398 ], [ -105.273286780456715, 23.690602450314369 ], [ -105.273286420123924, 23.690603109893409 ], [ -105.235797890187328, 23.75830148977613 ], [ -105.23548042981399, 23.75940425006911 ], [ -105.242587800225508, 23.763796600261816 ], [ -105.246059860202038, 23.765367979887355 ], [ -105.25880693995704, 23.792753580386545 ], [ -105.259420879885823, 23.792783740065293 ], [ -105.259422949544856, 23.792783830261975 ], [ -105.259716230170653, 23.802355199807018 ], [ -105.249331250116327, 23.826165780048893 ], [ -105.268230659993492, 23.8364632902402 ], [ -105.270279459591066, 23.838989749833821 ], [ -105.269882290216202, 23.840267850057149 ], [ -105.267848779905137, 23.841364509625702 ], [ -105.273472220441533, 23.846311430048132 ], [ -105.273812999975277, 23.84661119995549 ], [ -105.274381540165564, 23.847403120294889 ], [ -105.274381890450229, 23.847403629621816 ], [ -105.275055629989467, 23.847192019863876 ], [ -105.275057139663431, 23.847191549558357 ], [ -105.275598620035169, 23.847597150289232 ], [ -105.276287619590306, 23.848047659861621 ], [ -105.276680649976612, 23.848092109731041 ], [ -105.27668076968807, 23.848092119927824 ], [ -105.276680880270746, 23.848092120327834 ], [ -105.277465030240862, 23.848045649714329 ], [ -105.277466289965631, 23.848045569656168 ], [ -105.277467110122487, 23.848045519724295 ], [ -105.278251879600091, 23.848048339591447 ], [ -105.27825396988473, 23.848048350120877 ], [ -105.278820419979738, 23.848084510445073 ], [ -105.278822489787061, 23.84808465034164 ], [ -105.279378740123263, 23.848219250380001 ], [ -105.279777510189604, 23.848474710373157 ], [ -105.28008267981653, 23.848772659809619 ], [ -105.280417909575078, 23.848988820399182 ], [ -105.280812059556439, 23.849439859639848 ], [ -105.28105857985696, 23.849800820123789 ], [ -105.281776649714715, 23.850309569727933 ], [ -105.288814459819676, 23.857988520382779 ], [ -105.288818050101654, 23.859604709790787 ], [ -105.288833680304762, 23.861090879890735 ], [ -105.288966949785006, 23.862735450004163 ], [ -105.289001689822697, 23.863777939892223 ], [ -105.289936310035699, 23.875072309914554 ], [ -105.289936350427766, 23.875072860250402 ], [ -105.296100380305987, 23.873269280094153 ], [ -105.312510380363818, 23.868465920334085 ], [ -105.313076015429118, 23.869608078313046 ], [ -105.313079279587214, 23.869614670465605 ], [ -105.313168310977801, 23.869794444671204 ], [ -105.313188915183275, 23.869836048102687 ], [ -105.313226657762954, 23.869912259375294 ], [ -105.313227111287347, 23.869913175048882 ], [ -105.313406158114461, 23.870274708218677 ], [ -105.313409730163571, 23.870281920380886 ], [ -105.313548882825046, 23.870562897416686 ], [ -105.313721085771448, 23.870910607909828 ], [ -105.313763308094664, 23.870995861624007 ], [ -105.313767023765521, 23.871003364935984 ], [ -105.314268613670023, 23.872016157381367 ], [ -105.314269510353924, 23.872017968057214 ], [ -105.314306508310338, 23.872092672072469 ], [ -105.314455664591677, 23.872393838766993 ], [ -105.314498819957763, 23.872480975727889 ], [ -105.314498876148519, 23.872481089856723 ], [ -105.316540969826164, 23.87660419956654 ], [ -105.322273259811695, 23.876081739929958 ], [ -105.322352170411548, 23.866575519877927 ], [ -105.322372679885547, 23.863737049890553 ], [ -105.333799230266408, 23.863117399958668 ], [ -105.33380130987085, 23.863117290112871 ], [ -105.351587219843907, 23.862091819863366 ], [ -105.351588169906918, 23.862091750405362 ], [ -105.3515892900284, 23.862091690004771 ], [ -105.356304979615075, 23.862189679670461 ], [ -105.356307079796608, 23.862189719819654 ], [ -105.373242090440002, 23.8617753197247 ], [ -105.373244170303551, 23.861775260197867 ], [ -105.380471169589569, 23.859516750312125 ], [ -105.431313830022916, 23.906819259856245 ], [ -105.449733380406414, 23.916051649830109 ], [ -105.475921119762759, 23.912044550195837 ], [ -105.472337509597068, 23.926476720023476 ], [ -105.572227750450182, 23.967688230415966 ], [ -105.569964480381046, 24.009311180130815 ], [ -105.570185219735365, 24.014378909915756 ], [ -105.572473829624371, 24.028117169589152 ], [ -105.572041310247556, 24.028147910120737 ], [ -105.571953740033777, 24.028387399672855 ], [ -105.571557949564081, 24.028536780127762 ], [ -105.571354020230672, 24.028822110407933 ], [ -105.571173919588659, 24.029117680330131 ], [ -105.570970259778548, 24.029413779804599 ], [ -105.570768830065361, 24.030013139878715 ], [ -105.570493479862051, 24.030571820094899 ], [ -105.570352120081722, 24.031098819807479 ], [ -105.57002523025794, 24.031668200413193 ], [ -105.569384420322123, 24.032139970335393 ], [ -105.568972319693401, 24.032643539933186 ], [ -105.56876329003029, 24.033115429955174 ], [ -105.568453880442618, 24.033254249840184 ], [ -105.568244309830774, 24.033223109738685 ], [ -105.568185229872086, 24.03345203035871 ], [ -105.567848820060632, 24.033555539666967 ], [ -105.567297259934847, 24.033424399573942 ], [ -105.56654810973231, 24.0332259395819 ], [ -105.565741770032659, 24.033183619745053 ], [ -105.564666819512368, 24.033208149959453 ], [ -105.563563080264373, 24.033137030358919 ], [ -105.562746419964384, 24.033011179596059 ], [ -105.562038510174546, 24.033027339888381 ], [ -105.561200219780062, 24.033070520031202 ], [ -105.560201280172834, 24.032996979834405 ], [ -105.559591780311138, 24.032770059934265 ], [ -105.558977079937151, 24.032350620078997 ], [ -105.557666849944454, 24.032404569898908 ], [ -105.556943999889157, 24.031867150125674 ], [ -105.556424419586719, 24.031084279967359 ], [ -105.555541049823233, 24.03043012014167 ], [ -105.554795880056304, 24.030037689858503 ], [ -105.554194830189203, 24.030123630385106 ], [ -105.554050489893342, 24.030608549759727 ], [ -105.554071279865951, 24.031378679802714 ], [ -105.55422965041403, 24.032386539602115 ], [ -105.554302859614467, 24.033155480441188 ], [ -105.554671659975426, 24.033874459632326 ], [ -105.555308260387889, 24.034306150158297 ], [ -105.555899740115635, 24.034781320155837 ], [ -105.556314179714576, 24.035557999922815 ], [ -105.556331950036139, 24.036216229884445 ], [ -105.556413969772265, 24.036681749689901 ], [ -105.55601134956737, 24.037200849950157 ], [ -105.5555387703549, 24.037700260135498 ], [ -105.55519943040575, 24.038122169755503 ], [ -105.554100449625608, 24.038259629676954 ], [ -105.553109580419587, 24.038619570266555 ], [ -105.552714550052954, 24.039115919802466 ], [ -105.552354750216864, 24.039405280170264 ], [ -105.552078149751054, 24.039748949944496 ], [ -105.55139033975432, 24.0399895396991 ], [ -105.550622880405143, 24.04030689027881 ], [ -105.549748890383611, 24.040457979897223 ], [ -105.548896769950318, 24.040664779622279 ], [ -105.548335459536816, 24.041052429804825 ], [ -105.547759720182853, 24.041511910361852 ], [ -105.547215349938099, 24.042278620317624 ], [ -105.546305259596423, 24.04281794008434 ], [ -105.545605629618578, 24.043541030443052 ], [ -105.544829600155254, 24.044289450344937 ], [ -105.544099800029528, 24.044848219813407 ], [ -105.543877029942422, 24.04515975000394 ], [ -105.543799850347668, 24.045581490099359 ], [ -105.543509540376547, 24.046381650339733 ], [ -105.543298630084465, 24.046971879963298 ], [ -105.543226579923257, 24.047454860091541 ], [ -105.543196709779167, 24.047923889656229 ], [ -105.543034400431395, 24.048213770345551 ], [ -105.542929310245881, 24.049048770093364 ], [ -105.542871889931419, 24.049726860150642 ], [ -105.542693119815922, 24.050369020412429 ], [ -105.542366460026983, 24.050818179666372 ], [ -105.541851569629756, 24.050895310248716 ], [ -105.541246290151847, 24.050925399930854 ], [ -105.540201770111423, 24.051194510228711 ], [ -105.539624350223335, 24.051600290264329 ], [ -105.53908833975909, 24.052217829994273 ], [ -105.538743910402033, 24.052667380168376 ], [ -105.538046599925096, 24.053240600065035 ], [ -105.537655450414064, 24.053702179920862 ], [ -105.537221110476025, 24.054226449840613 ], [ -105.536759980198724, 24.054586709705497 ], [ -105.536421909641348, 24.055355720251406 ], [ -105.536235140345227, 24.05591554988542 ], [ -105.535962650288226, 24.056621320264398 ], [ -105.535290080380207, 24.057459649916915 ], [ -105.534753109891085, 24.058336049559294 ], [ -105.534198649949715, 24.059398059762238 ], [ -105.533855020395791, 24.059961400199825 ], [ -105.533529620389189, 24.060457060084307 ], [ -105.533049459528769, 24.060969769644856 ], [ -105.532365430085576, 24.061114739740418 ], [ -105.531819829641961, 24.061159459633476 ], [ -105.531208479886828, 24.061383740305132 ], [ -105.530739029642547, 24.061637170249313 ], [ -105.530135779833586, 24.061505109978626 ], [ -105.529562979665542, 24.061194289685865 ], [ -105.5288544196885, 24.061080819727636 ], [ -105.528305769922028, 24.061012290368339 ], [ -105.527668969601237, 24.060945709616771 ], [ -105.527251909878387, 24.060788649665021 ], [ -105.526689119654179, 24.061310339937673 ], [ -105.52667002014671, 24.061665549791829 ], [ -105.526659510120012, 24.061860709823435 ], [ -105.526388169649508, 24.062498000132578 ], [ -105.525932949785712, 24.062895079750589 ], [ -105.52516620048057, 24.063258510339104 ], [ -105.524954340282662, 24.063629740206494 ], [ -105.524716549913251, 24.064126250279255 ], [ -105.524352720108524, 24.065158279993909 ], [ -105.524096660334081, 24.065828630083921 ], [ -105.523956029498549, 24.06642456956256 ], [ -105.523570090324881, 24.066630850040678 ], [ -105.523001519718946, 24.067326229842809 ], [ -105.522893969556307, 24.067796249844971 ], [ -105.522751150396743, 24.068344169877193 ], [ -105.522479259824038, 24.06859486040802 ], [ -105.521865429654781, 24.068742089679347 ], [ -105.521603860333542, 24.068925860144653 ], [ -105.52146835000022, 24.069295750262363 ], [ -105.521015539655338, 24.070028519767931 ], [ -105.520486799962001, 24.070640739770845 ], [ -105.519816859949273, 24.070955979992473 ], [ -105.519524020091239, 24.071329420262707 ], [ -105.519076369588205, 24.071350619758839 ], [ -105.51853871958086, 24.071629520018686 ], [ -105.518367380202974, 24.071829509741903 ], [ -105.517814489623561, 24.071903320188181 ], [ -105.517261289567514, 24.072216369785195 ], [ -105.516927920128254, 24.072499949908917 ], [ -105.516750349982985, 24.072859749644714 ], [ -105.516675919925973, 24.072899539749052 ], [ -105.516183020008043, 24.07316291971313 ], [ -105.51544812041972, 24.073145740330101 ], [ -105.514833570137284, 24.072822599965509 ], [ -105.514099480466669, 24.072148290285352 ], [ -105.513539520276922, 24.071807049700197 ], [ -105.512695420168527, 24.071826029811607 ], [ -105.511442690221401, 24.0716688801175 ], [ -105.509960780009095, 24.07117984987098 ], [ -105.508529770271949, 24.070320229971141 ], [ -105.507006110251766, 24.070333229741124 ], [ -105.505742969550937, 24.070594710204581 ], [ -105.504273879641786, 24.070924349897922 ], [ -105.50387506024731, 24.071294739565783 ], [ -105.503646580379097, 24.071373460322896 ], [ -105.503571780234395, 24.071200370062197 ], [ -105.503374340114632, 24.071315179614508 ], [ -105.503351139771794, 24.071573289693745 ], [ -105.503007339822474, 24.071838620354225 ], [ -105.502435720449768, 24.072210229615486 ], [ -105.502045889717891, 24.072381369849033 ], [ -105.501592289811526, 24.072391539931267 ], [ -105.500976050196442, 24.071977260272476 ], [ -105.500392690063663, 24.071851490397727 ], [ -105.499727599550923, 24.071970519956942 ], [ -105.499381860235147, 24.0722443796645 ], [ -105.498666339630176, 24.072789619633276 ], [ -105.498267149898552, 24.073257889918686 ], [ -105.498058719836948, 24.073680310150323 ], [ -105.497754080318302, 24.074072599552743 ], [ -105.49764465012332, 24.074235660295574 ], [ -105.49745763009193, 24.074271200425596 ], [ -105.497321179902883, 24.076233490206373 ], [ -105.497130079755763, 24.078982199840201 ], [ -105.491794319608701, 24.077634259623522 ], [ -105.48962869043045, 24.084803569986526 ], [ -105.488842489702606, 24.086043800424644 ], [ -105.486108109581068, 24.103712910097755 ], [ -105.484827890023269, 24.109938170361417 ], [ -105.485000310007322, 24.109969659833943 ], [ -105.48539354013532, 24.110124479543188 ], [ -105.485962650362154, 24.110186150205053 ], [ -105.486837659717395, 24.110166620457822 ], [ -105.487054619852927, 24.110399740328386 ], [ -105.487030079660897, 24.110697720006407 ], [ -105.48692807981719, 24.111131309682719 ], [ -105.486775089720382, 24.111476780253952 ], [ -105.486476309888019, 24.111656200375293 ], [ -105.486171419987159, 24.1118141997351 ], [ -105.485955400171704, 24.112215939670495 ], [ -105.485650510374725, 24.112373939758037 ], [ -105.485159779708795, 24.112517180195987 ], [ -105.484835799564024, 24.11273231973912 ], [ -105.484409849725466, 24.112987520388948 ], [ -105.483947220430309, 24.113413649797415 ], [ -105.483517259725346, 24.113517720441205 ], [ -105.483172170124661, 24.113714430171637 ], [ -105.482934050223534, 24.114059940274906 ], [ -105.482645430269159, 24.114489059701601 ], [ -105.482424509831915, 24.115046429607062 ], [ -105.48200056975719, 24.11584848994347 ], [ -105.481597080278505, 24.116433940020396 ], [ -105.481162950357302, 24.116851940310674 ], [ -105.481120140301329, 24.117213180401073 ], [ -105.481164089963286, 24.117884719867718 ], [ -105.481342080453246, 24.118673380096904 ], [ -105.480877970071035, 24.118947940443935 ], [ -105.480310449771608, 24.119272820135389 ], [ -105.47976275010015, 24.119357079880277 ], [ -105.478558860372047, 24.119383889806464 ], [ -105.478334109647506, 24.119797220268214 ], [ -105.47834680029959, 24.120277310147173 ], [ -105.478335220186665, 24.120829999980895 ], [ -105.47823647978835, 24.121031250166588 ], [ -105.477954970297418, 24.121400050090614 ], [ -105.477384909565941, 24.121870689717753 ], [ -105.476936549820678, 24.122224140037176 ], [ -105.476471429572442, 24.122730600169977 ], [ -105.476442449745193, 24.123208279879986 ], [ -105.476289710135077, 24.123726860083387 ], [ -105.475908769860766, 24.124269620067537 ], [ -105.475462419680127, 24.124699320004474 ], [ -105.475118019862805, 24.12505045005911 ], [ -105.474857780130662, 24.125437859764133 ], [ -105.474725319901367, 24.125936920269609 ], [ -105.474802310232832, 24.126488570351604 ], [ -105.475181660468763, 24.126944319696001 ], [ -105.475485800414418, 24.127195260341793 ], [ -105.475672290326244, 24.127373019852872 ], [ -105.475791519781907, 24.127506780076008 ], [ -105.47611949024423, 24.127408540004758 ], [ -105.476494220250572, 24.127203140406312 ], [ -105.477071940427408, 24.127175119673655 ], [ -105.477338649986692, 24.127260140209373 ], [ -105.477567380088985, 24.12778559956449 ], [ -105.47757740041142, 24.128164340148999 ], [ -105.477750580278794, 24.128463660325835 ], [ -105.477576489827996, 24.128755549814208 ], [ -105.477473680384946, 24.129242909922908 ], [ -105.477617830409073, 24.129694460019291 ], [ -105.477394579520208, 24.130002599986742 ], [ -105.477110709908757, 24.130438139743319 ], [ -105.476776830057261, 24.130722549754143 ], [ -105.476560180305867, 24.130474480174627 ], [ -105.476433629593842, 24.13115168018577 ], [ -105.476344549779881, 24.131755769821726 ], [ -105.476275370453763, 24.132292219572804 ], [ -105.476098950252094, 24.1325376900074 ], [ -105.475736369840845, 24.132659830343115 ], [ -105.475402680138771, 24.132767890361851 ], [ -105.475084549568209, 24.132634060066746 ], [ -105.474657629620751, 24.132536199703658 ], [ -105.474306659784659, 24.13254399973113 ], [ -105.474128459553015, 24.132722420371756 ], [ -105.474059969693556, 24.132794980134854 ], [ -105.473995310291016, 24.133163079675882 ], [ -105.473975539702309, 24.133470489875123 ], [ -105.473986550481158, 24.133888060014339 ], [ -105.473985820434208, 24.134212110253582 ], [ -105.473834580081757, 24.134471280212235 ], [ -105.473565340253586, 24.134485780370678 ], [ -105.473310619799562, 24.134346489773648 ], [ -105.473018380502197, 24.1342000004054 ], [ -105.472675459977694, 24.133975820153378 ], [ -105.472227290013478, 24.133753969928019 ], [ -105.471665369608573, 24.133611919927457 ], [ -105.471521829657789, 24.133759979587037 ], [ -105.471393420391692, 24.134081569946531 ], [ -105.471330429769466, 24.134488630287272 ], [ -105.471244430437281, 24.134713890197141 ], [ -105.471201750106928, 24.135231369765847 ], [ -105.471138510435452, 24.135680420236756 ], [ -105.470794280292608, 24.136152940261372 ], [ -105.470382309608283, 24.136549480248821 ], [ -105.469485800438164, 24.137267860198648 ], [ -105.468947169839609, 24.137482599878453 ], [ -105.468512180336504, 24.137757430401518 ], [ -105.468088849887167, 24.137829230247615 ], [ -105.467526649841219, 24.137794910155005 ], [ -105.466658879846435, 24.137782970180169 ], [ -105.466082140091601, 24.137842550196478 ], [ -105.465816720427071, 24.13809801995453 ], [ -105.465470420135745, 24.138511259938181 ], [ -105.465112849633385, 24.138946820082854 ], [ -105.464969509960781, 24.139148259974711 ], [ -105.464813650171891, 24.139387169588812 ], [ -105.464557060314092, 24.13939284993209 ], [ -105.464261259945957, 24.139448980366854 ], [ -105.464011850349593, 24.139727119968452 ], [ -105.463745339967247, 24.139869349886023 ], [ -105.463425460153331, 24.140037540150459 ], [ -105.463186599843695, 24.140203919551727 ], [ -105.462971829627577, 24.140258249731975 ], [ -105.462643149547304, 24.140092050392234 ], [ -105.462440580160575, 24.140096540110964 ], [ -105.462313350348708, 24.140396750035698 ], [ -105.46230897043435, 24.140743829835074 ], [ -105.4624223803565, 24.140987219575955 ], [ -105.462440619909145, 24.141272310185247 ], [ -105.462428600263735, 24.141360139857237 ], [ -105.462386600129136, 24.141667279743704 ], [ -105.462482000234388, 24.142029419765525 ], [ -105.46264807954995, 24.142123800438291 ], [ -105.462792619906978, 24.142441679834622 ], [ -105.462977419945275, 24.142812169699805 ], [ -105.462965019575918, 24.143080020423678 ], [ -105.462407820443161, 24.143342090351549 ], [ -105.462203370410492, 24.143703370324435 ], [ -105.462249749557557, 24.143987750065136 ], [ -105.462300349566064, 24.144432570085083 ], [ -105.462407420091793, 24.14480479991105 ], [ -105.462223319962533, 24.145201310026113 ], [ -105.461769419622769, 24.145692980192308 ], [ -105.461486249910934, 24.14602033966516 ], [ -105.461085970234748, 24.146332450042394 ], [ -105.460726909587393, 24.146732830428814 ], [ -105.460345599905011, 24.147026679844462 ], [ -105.459741059538374, 24.146968709625085 ], [ -105.459340679711659, 24.14689958000897 ], [ -105.459050689812955, 24.146764570373708 ], [ -105.458388479502858, 24.146718599669676 ], [ -105.457882020038568, 24.14672982033024 ], [ -105.457557000345716, 24.14693904999854 ], [ -105.457217940339902, 24.147451679890704 ], [ -105.4570375399244, 24.147294029650702 ], [ -105.456588110140444, 24.146960490357724 ], [ -105.455985579623075, 24.146670739625517 ], [ -105.455778920001165, 24.146352030100026 ], [ -105.455897250202284, 24.145824089924183 ], [ -105.455618149538765, 24.145264539673892 ], [ -105.455376999633472, 24.145310279703573 ], [ -105.455077719832431, 24.145660369602012 ], [ -105.455100520322247, 24.146528679995122 ], [ -105.454795710457205, 24.147022279866764 ], [ -105.454182749986884, 24.14713851993989 ], [ -105.45351045042591, 24.147127709976811 ], [ -105.452802750073971, 24.146835230107744 ], [ -105.452031690001377, 24.146261690259397 ], [ -105.451601150313394, 24.145860379724898 ], [ -105.451126089919612, 24.14589654990565 ], [ -105.450719120496572, 24.14639340025002 ], [ -105.450336089696137, 24.1467356497411 ], [ -105.450035659626579, 24.14702472027092 ], [ -105.449276709625607, 24.146913090227908 ], [ -105.448633079713019, 24.146927310437427 ], [ -105.447996830151411, 24.147223779633219 ], [ -105.447575460050928, 24.147605400282284 ], [ -105.446975200207973, 24.147618650379776 ], [ -105.446535710114262, 24.146975580190038 ], [ -105.446314800202259, 24.146184920120156 ], [ -105.445813430202364, 24.145726820167781 ], [ -105.445257629805127, 24.145739079835298 ], [ -105.444584480220584, 24.14636585977911 ], [ -105.443912370152873, 24.147033429546742 ], [ -105.443248739746593, 24.147670150386684 ], [ -105.442991030094333, 24.147951310228947 ], [ -105.442711400272415, 24.148070910295502 ], [ -105.442433059725388, 24.148239089841489 ], [ -105.442219850346035, 24.148195169963451 ], [ -105.442094089689832, 24.148116920407766 ], [ -105.441708919682725, 24.14825505038565 ], [ -105.441627830072761, 24.148532309586436 ], [ -105.441547979668371, 24.148858169778606 ], [ -105.441644339600671, 24.149163940285462 ], [ -105.441794539637769, 24.149500939863611 ], [ -105.44173235045433, 24.149826420140347 ], [ -105.441585259968548, 24.15028338007798 ], [ -105.441361579720009, 24.150515179920905 ], [ -105.44081617986572, 24.150608220300708 ], [ -105.440237580059488, 24.1507830201971 ], [ -105.43965939977754, 24.150974000252678 ], [ -105.439401229662366, 24.15123895033944 ], [ -105.439110289736448, 24.151601859565986 ], [ -105.438975780126114, 24.151793709591832 ], [ -105.438752850084526, 24.152372569828362 ], [ -105.438324279858122, 24.153254460334733 ], [ -105.43819158029487, 24.153513109832293 ], [ -105.437996480076308, 24.153517400322034 ], [ -105.437713739824162, 24.153370180039584 ], [ -105.437347550149198, 24.153231199884523 ], [ -105.43706572019434, 24.153211999962728 ], [ -105.436855740324361, 24.153314109790973 ], [ -105.436589910406084, 24.153653079544767 ], [ -105.436437289678267, 24.153916420432097 ], [ -105.436399600169281, 24.154169119954116 ], [ -105.43640786037453, 24.154485800430212 ], [ -105.436365550489384, 24.154901089946748 ], [ -105.436171199654325, 24.155262859613369 ], [ -105.436002020089958, 24.15541554038268 ], [ -105.435779080242824, 24.155504349790945 ], [ -105.435204720102476, 24.15561377955385 ], [ -105.43499686014512, 24.155740999997764 ], [ -105.434856199958716, 24.156015180137771 ], [ -105.434836050016969, 24.156311799612578 ], [ -105.434654820135592, 24.156438850098787 ], [ -105.43430208039085, 24.156636319758864 ], [ -105.434103949905918, 24.156758619828747 ], [ -105.434048220043337, 24.15698031970803 ], [ -105.43382953952684, 24.157202749853155 ], [ -105.433676279863988, 24.15739779969018 ], [ -105.433462400322668, 24.1574547698829 ], [ -105.433268419905573, 24.157546149995508 ], [ -105.433246430256517, 24.157674420118898 ], [ -105.433215260322427, 24.157936460196698 ], [ -105.433109029853924, 24.158235000178383 ], [ -105.432947649766376, 24.158604459864915 ], [ -105.432751480230564, 24.158985539578861 ], [ -105.432588089592699, 24.159048340245004 ], [ -105.43239154959862, 24.15894082001391 ], [ -105.432236860246334, 24.158786320122779 ], [ -105.431945739797783, 24.158628230452678 ], [ -105.431562769966746, 24.158524800408099 ], [ -105.431055350482012, 24.158601739884226 ], [ -105.430915029897477, 24.158723229585103 ], [ -105.430705570470153, 24.15894493959874 ], [ -105.430467420482401, 24.159167260013447 ], [ -105.430317000477501, 24.159177150238072 ], [ -105.4300438197387, 24.159156829594636 ], [ -105.429683050152704, 24.159079219820452 ], [ -105.429392489727647, 24.158993619939103 ], [ -105.429024280189466, 24.158897369901872 ], [ -105.428423029935729, 24.158903110018429 ], [ -105.42806254035149, 24.158791779876598 ], [ -105.427790999586705, 24.158663620337251 ], [ -105.427442319774372, 24.158556830361487 ], [ -105.42716499960018, 24.158512280096978 ], [ -105.426863579580541, 24.158603289618313 ], [ -105.426443020035506, 24.158713799579704 ], [ -105.425930220113329, 24.158817889694323 ], [ -105.425386519719169, 24.158796049885446 ], [ -105.425080950268494, 24.158786620104131 ], [ -105.424692880324741, 24.158768309552936 ], [ -105.424225459815531, 24.158791950303716 ], [ -105.423862460164969, 24.158893780037474 ], [ -105.42367905955858, 24.159152619682622 ], [ -105.423467879662311, 24.159701449650562 ], [ -105.42337554034232, 24.15994851031769 ], [ -105.423143289578192, 24.160177340172797 ], [ -105.422897350363783, 24.160326549873087 ], [ -105.422674510415078, 24.16046993965573 ], [ -105.422381419569547, 24.160593550371559 ], [ -105.422097319504772, 24.160615749638623 ], [ -105.421677860321282, 24.160571659666296 ], [ -105.421511319708557, 24.160553749899261 ], [ -105.421393249871443, 24.160541050387522 ], [ -105.422769910453084, 24.165151429849445 ], [ -105.412251660034414, 24.184889109842192 ], [ -105.437143969904568, 24.179404549949879 ], [ -105.401065879502994, 24.204624169828538 ], [ -105.391689509598294, 24.19566526026049 ], [ -105.373575490478615, 24.217002829802013 ], [ -105.356946220187652, 24.210142659895894 ], [ -105.357963479975652, 24.218266050361475 ], [ -105.336841339827274, 24.221356049711765 ], [ -105.333813660100375, 24.220314630420123 ], [ -105.307848749531985, 24.208566600151244 ], [ -105.307674340272783, 24.213562149679486 ], [ -105.275190630149694, 24.220526050327429 ], [ -105.27019175042777, 24.222965859819389 ], [ -105.253363219618237, 24.231803910219099 ], [ -105.245564879798778, 24.230693850310548 ], [ -105.241198660039416, 24.250000199648962 ], [ -105.241121999934862, 24.250359260153104 ], [ -105.232913569678871, 24.289364380240716 ], [ -105.231555080492626, 24.298426980004969 ], [ -105.231451199808447, 24.29887414978252 ], [ -105.226452049706538, 24.317209570039076 ], [ -105.22645856972251, 24.328138430186979 ], [ -105.219833309837597, 24.328371569979002 ], [ -105.207663860154867, 24.331628220246351 ], [ -105.167200450080202, 24.337105539874383 ], [ -105.166224980322028, 24.336806339776327 ], [ -105.165670980351408, 24.332695799883513 ], [ -105.165190630310136, 24.332406679611864 ], [ -105.160640949560005, 24.329394119630106 ], [ -105.156789710068068, 24.310677050264722 ], [ -105.151511420170394, 24.305104910119663 ], [ -105.149424109531054, 24.301980309767238 ], [ -105.131010709727988, 24.297987709680292 ], [ -105.125595579739098, 24.298855230317042 ], [ -105.124185579874336, 24.300918120270929 ], [ -105.124207289709418, 24.300963879682779 ], [ -105.132394460222415, 24.321294650448728 ], [ -105.141428879535965, 24.317547579915423 ], [ -105.157997459878231, 24.342735289832316 ], [ -105.161789829829772, 24.342492179919891 ], [ -105.16627060030477, 24.343000490352139 ], [ -105.16879637026156, 24.34564237988792 ], [ -105.172962460109034, 24.345353059649515 ], [ -105.174642120162758, 24.347107230041363 ], [ -105.175388520430019, 24.348580690154041 ], [ -105.17840862009092, 24.346901750222035 ], [ -105.180338489797748, 24.347556849937881 ], [ -105.180786219751695, 24.348995940134877 ], [ -105.182006739755337, 24.349081310346801 ], [ -105.18226407975979, 24.348964199830331 ], [ -105.182469679676615, 24.348964689861802 ], [ -105.182726540215086, 24.349012419796207 ], [ -105.183188739660721, 24.349154800054279 ], [ -105.18344546007927, 24.349251030261065 ], [ -105.183637800043272, 24.349417680372635 ], [ -105.183765350204382, 24.349645340311476 ], [ -105.187364889633329, 24.360777940079998 ], [ -105.194091520078558, 24.357930250301248 ], [ -105.19513455033767, 24.359002170019156 ], [ -105.195106800203547, 24.359064520333138 ], [ -105.195140449973366, 24.359362110410821 ], [ -105.195795420005112, 24.360296800137363 ], [ -105.196208370442804, 24.36069070977053 ], [ -105.196332940332738, 24.360961490131366 ], [ -105.1966207998599, 24.361029709765663 ], [ -105.197274880344978, 24.361691919936554 ], [ -105.197701849894415, 24.361876680266601 ], [ -105.198117080007563, 24.361940739984913 ], [ -105.198385689624374, 24.362128720138362 ], [ -105.198650259518558, 24.362522659810132 ], [ -105.198877450253775, 24.362816280372694 ], [ -105.19885477984198, 24.362969889934142 ], [ -105.199098199611882, 24.363206750417167 ], [ -105.199961050107746, 24.364664289550873 ], [ -105.1999043702031, 24.36486697025013 ], [ -105.19969754998688, 24.365048539647322 ], [ -105.198736090193037, 24.364963399616599 ], [ -105.196585629928379, 24.36484610981918 ], [ -105.196010279645577, 24.364712750005072 ], [ -105.195368660168768, 24.364750030364576 ], [ -105.194901450235434, 24.365082020311345 ], [ -105.194753079642581, 24.365496149775979 ], [ -105.194843089541692, 24.366135770023423 ], [ -105.195161999582652, 24.366725599976476 ], [ -105.195103119561878, 24.367111540124188 ], [ -105.195096179809639, 24.367450969563958 ], [ -105.195063229957029, 24.36825477993186 ], [ -105.194962259974403, 24.36885319993975 ], [ -105.19507482975925, 24.36916349042766 ], [ -105.195350680153652, 24.369278089963466 ], [ -105.19563399977956, 24.369483919613764 ], [ -105.195820649672129, 24.369816750342348 ], [ -105.195942750394991, 24.370249939823307 ], [ -105.195986920078695, 24.371241079545172 ], [ -105.195826179902497, 24.37287940028957 ], [ -105.195634060183266, 24.373228020278507 ], [ -105.195361510462405, 24.373568629747695 ], [ -105.195097370464595, 24.375008369915985 ], [ -105.186834180460806, 24.376877749754204 ], [ -105.177666510191685, 24.378820479904338 ], [ -105.170206569901879, 24.380451290454491 ], [ -105.168378110291812, 24.381065149633287 ], [ -105.167531649537494, 24.381292289687128 ], [ -105.165589170228984, 24.381464110162252 ], [ -105.164732120345448, 24.380332340294178 ], [ -105.163647459588802, 24.379215979967761 ], [ -105.164078910339569, 24.377791580076739 ], [ -105.164755120126088, 24.376752719814089 ], [ -105.1585562594897, 24.378034276417505 ], [ -105.158373769918654, 24.378072000438884 ], [ -105.158429580293472, 24.378252279873376 ], [ -105.15854672223594, 24.378620076664177 ], [ -105.15891419960171, 24.379773850064254 ], [ -105.160211224565501, 24.37976477468974 ], [ -105.160254374660781, 24.379764472932635 ], [ -105.160940420291553, 24.379759668501578 ], [ -105.160985207609826, 24.379759354368986 ], [ -105.161224230267848, 24.379757679543392 ], [ -105.163482600097936, 24.389078089774269 ], [ -105.162325349529937, 24.389358859866352 ], [ -105.161483679734332, 24.391475419766003 ], [ -105.162642740006291, 24.392102120176396 ], [ -105.162992180139383, 24.391395860217486 ], [ -105.164507850279975, 24.391878890425524 ], [ -105.164205799790921, 24.392840620407295 ], [ -105.164833859659609, 24.393013570262877 ], [ -105.16492674036904, 24.394317599899097 ], [ -105.165285829656028, 24.395428449934236 ], [ -105.164516709553197, 24.395819919959855 ], [ -105.164273089888084, 24.396073780031362 ], [ -105.1646735196272, 24.396554860308754 ], [ -105.164323479872948, 24.396924449810253 ], [ -105.165084250183241, 24.397311509576493 ], [ -105.165169510228509, 24.397430850277509 ], [ -105.144595420033781, 24.394236549787653 ], [ -105.13812557043704, 24.389734430178873 ], [ -105.125058850277611, 24.389658090176706 ], [ -105.139838450029842, 24.412873200320362 ], [ -105.143482740275687, 24.424650880253736 ], [ -105.093586629804221, 24.418835350138739 ] ] ] } }
]
}
